metric,value
total_source_materials,300.0
validated_materials,300.0
standardized_materials,300.0
national_material_codes,300.0
migration_records,300.0
matching_pairs,8400.0
duplicate_records,8400.0
review_records,8400.0
validated_passed,0.0
validation_rate_percent,0.0
standardization_rate_percent,100.0
national_code_coverage_percent,100.0
pending_reviews,8400.0
in_review,0.0
approved_reviews,0.0
rejected_reviews,0.0
deferred_reviews,0.0
review_completion_rate_percent,0.0
migration_ready,30.0
migration_review_required,270.0
migration_approved,0.0
migration_rejected,0.0
migration_readiness_rate_percent,10.0
exact_duplicates,0.0
near_duplicates,0.0
functional_equivalents,420.0
potential_matches,3930.0
technical_conflicts,3150.0
