material_id,material_description,material_group,unit_of_measure,manufacturer,part_number,plant,source_cpse,material_description_normalized,material_group_normalized,unit_of_measure_normalized,manufacturer_normalized,part_number_normalized,plant_normalized,source_cpse_normalized,size,length,voltage,diameter,core_count,material_type,standard,harmonized_material_id
MAT001,HEX BOLT M16 X 80 MM HIGH TENSILE STEEL,FASTENERS,EA,TVS,M16-80-HT,PLANT01,CPSE_A,HEX BOLT M16 X 80 MM HIGH TENSILE STEEL,FASTENERS,EA,TVS,M16 80 HT,PLANT01,CPSE_A,M16,80.0,,,,STEEL,,MAT001
MAT002,M16 HEXAGONAL BOLT 80MM HT STEEL,FASTENERS,EA,TVS,M16-80-HT,PLANT04,CPSE_B,M16 HEXAGONAL BOLT 80MM HT STEEL,FASTENERS,EA,TVS,M16 80 HT,PLANT04,CPSE_B,M16,80.0,,,,STEEL,HT,MAT002
MAT003,HEX NUT M16 HIGH TENSILE STEEL,FASTENERS,EA,TVS,M16-NUT-HT,PLANT05,CPSE_C,HEX NUT M16 HIGH TENSILE STEEL,FASTENERS,EA,TVS,M16 NUT HT,PLANT05,CPSE_C,M16,,,,,STEEL,,MAT003
MAT004,M16 HEX NUT HT STEEL,FASTENERS,EA,TVS,M16-NUT-HT,PLANT08,CPSE_D,M16 HEX NUT HT STEEL,FASTENERS,EA,TVS,M16 NUT HT,PLANT08,CPSE_D,M16,,,,,STEEL,HT,MAT004
MAT005,FLAT WASHER M16 MS,FASTENERS,EA,UNBRANDED,M16-WASHER,PLANT01,CPSE_A,FLAT WASHER M16 MS,FASTENERS,EA,UNBRANDED,M16 WASHER,PLANT01,CPSE_A,M16,,,,,,,MAT005
MAT006,M16 PLAIN WASHER MILD STEEL,FASTENERS,EA,UNBRANDED,M16-WASHER,PLANT04,CPSE_B,M16 PLAIN WASHER MILD STEEL,FASTENERS,EA,UNBRANDED,M16 WASHER,PLANT04,CPSE_B,M16,,,,,STEEL,,MAT006
MAT007,BEARING BALL 6205 ZZ,BEARINGS,EA,SKF,6205-ZZ,PLANT05,CPSE_C,BEARING BALL 6205 ZZ,BEARINGS,EA,SKF,6205 ZZ,PLANT05,CPSE_C,,,,,,,ZZ,MAT007
MAT008,BALL BEARING 6205 ZZ SKF,BEARINGS,EA,SKF,6205-ZZ,PLANT08,CPSE_D,BALL BEARING 6205 ZZ SKF,BEARINGS,EA,SKF,6205 ZZ,PLANT08,CPSE_D,,,,,,,ZZ,MAT008
MAT009,DEEP GROOVE BALL BEARING 6206 2RS,BEARINGS,EA,FAG,6206-2RS,PLANT01,CPSE_A,DEEP GROOVE BALL BEARING 6206 2RS,BEARINGS,EA,FAG,6206 2RS,PLANT01,CPSE_A,,,,,,,2RS,MAT009
MAT010,6206 DOUBLE SEALED BALL BEARING FAG,BEARINGS,EA,FAG,6206-2RS,PLANT04,CPSE_B,6206 DOUBLE SEALED BALL BEARING FAG,BEARINGS,EA,FAG,6206 2RS,PLANT04,CPSE_B,,,,,,,,MAT010
MAT011,INDUSTRIAL LUBRICANT ISO VG 68,LUBRICANTS,LTR,SERVO,ISO68,PLANT05,CPSE_C,INDUSTRIAL LUBRICANT ISO VG 68,LUBRICANTS,LTR,SERVO,ISO68,PLANT05,CPSE_C,,,,,,,ISO VG 68,MAT011
MAT012,HYDRAULIC OIL ISO VG 68,LUBRICANTS,LTR,SERVO,ISO68,PLANT08,CPSE_D,HYDRAULIC OIL ISO VG 68,LUBRICANTS,LTR,SERVO,ISO68,PLANT08,CPSE_D,,,,,,,ISO VG 68,MAT012
MAT013,GEAR OIL SAE 90,LUBRICANTS,LTR,CASTROL,SAE90,PLANT01,CPSE_A,GEAR OIL SAE 90,LUBRICANTS,LTR,CASTROL,SAE90,PLANT01,CPSE_A,,,,,,,SAE 90,MAT013
MAT014,INDUSTRIAL GEAR LUBRICANT SAE 90,LUBRICANTS,LTR,CASTROL,SAE90,PLANT04,CPSE_B,INDUSTRIAL GEAR LUBRICANT SAE 90,LUBRICANTS,LTR,CASTROL,SAE90,PLANT04,CPSE_B,,,,,,,SAE 90,MAT014
MAT015,POWER CABLE 4 CORE 1.1 KV XLPE,CABLES,MTR,POLYCAB,4C-1.1KV,PLANT05,CPSE_C,POWER CABLE 4 CORE 1 1 KV XLPE,CABLES,MTR,POLYCAB,4C 1 1KV,PLANT05,CPSE_C,,,1.1 KV,,4.0,XLPE,XLPE,MAT015
MAT016,4 CORE XLPE POWER CABLE 1100 VOLT,CABLES,MTR,POLYCAB,4C-1.1KV,PLANT08,CPSE_D,4 CORE XLPE POWER CABLE 1100 VOLT,CABLES,MTR,POLYCAB,4C 1 1KV,PLANT08,CPSE_D,,,1100 VOLT,,4.0,XLPE,XLPE,MAT016
MAT017,PVC INSULATED CONTROL CABLE 2.5 SQ MM,CABLES,MTR,FINOLEX,2.5SQMM,PLANT01,CPSE_A,PVC INSULATED CONTROL CABLE 2 5 SQ MM,CABLES,MTR,FINOLEX,2 5SQMM,PLANT01,CPSE_A,,,,,,PVC,,MAT017
MAT018,CONTROL CABLE PVC 2.5 MM2,CABLES,MTR,FINOLEX,2.5SQMM,PLANT04,CPSE_B,CONTROL CABLE PVC 2 5 MM2,CABLES,MTR,FINOLEX,2 5SQMM,PLANT04,CPSE_B,,,,,,PVC,,MAT018
MAT019,INDUSTRIAL SAFETY HELMET ABS,SAFETY,EA,KARAM,HELMET-ABS,PLANT05,CPSE_C,INDUSTRIAL SAFETY HELMET ABS,SAFETY,EA,KARAM,HELMET ABS,PLANT05,CPSE_C,,,,,,ABS,,MAT019
MAT020,ABS HARD HAT INDUSTRIAL SAFETY,SAFETY,EA,KARAM,HELMET-ABS,PLANT08,CPSE_D,ABS HARD HAT INDUSTRIAL SAFETY,SAFETY,EA,KARAM,HELMET ABS,PLANT08,CPSE_D,,,,,,ABS,,MAT020
MAT021,HEX BOLT M16 X 80 MM HIGH TENSILE STEEL,FASTENERS,EA,TVS,M16-80-HT,PLANT01,CPSE_A,HEX BOLT M16 X 80 MM HIGH TENSILE STEEL,FASTENERS,EA,TVS,M16 80 HT,PLANT01,CPSE_A,M16,80.0,,,,STEEL,,MAT021
MAT022,M16 HEXAGONAL BOLT 80MM HT STEEL,FASTENERS,EA,TVS,M16-80-HT,PLANT04,CPSE_B,M16 HEXAGONAL BOLT 80MM HT STEEL,FASTENERS,EA,TVS,M16 80 HT,PLANT04,CPSE_B,M16,80.0,,,,STEEL,HT,MAT002
MAT023,HEX NUT M16 HIGH TENSILE STEEL,FASTENERS,EA,TVS,M16-NUT-HT,PLANT05,CPSE_C,HEX NUT M16 HIGH TENSILE STEEL,FASTENERS,EA,TVS,M16 NUT HT,PLANT05,CPSE_C,M16,,,,,STEEL,,MAT023
MAT024,M16 HEX NUT HT STEEL,FASTENERS,EA,TVS,M16-NUT-HT,PLANT08,CPSE_D,M16 HEX NUT HT STEEL,FASTENERS,EA,TVS,M16 NUT HT,PLANT08,CPSE_D,M16,,,,,STEEL,HT,MAT004
MAT025,FLAT WASHER M16 MS,FASTENERS,EA,UNBRANDED,M16-WASHER,PLANT01,CPSE_A,FLAT WASHER M16 MS,FASTENERS,EA,UNBRANDED,M16 WASHER,PLANT01,CPSE_A,M16,,,,,,,MAT025
MAT026,M16 PLAIN WASHER MILD STEEL,FASTENERS,EA,UNBRANDED,M16-WASHER,PLANT04,CPSE_B,M16 PLAIN WASHER MILD STEEL,FASTENERS,EA,UNBRANDED,M16 WASHER,PLANT04,CPSE_B,M16,,,,,STEEL,,MAT026
MAT027,BEARING BALL 6205 ZZ,BEARINGS,EA,SKF,6205-ZZ,PLANT05,CPSE_C,BEARING BALL 6205 ZZ,BEARINGS,EA,SKF,6205 ZZ,PLANT05,CPSE_C,,,,,,,ZZ,MAT027
MAT028,BALL BEARING 6205 ZZ SKF,BEARINGS,EA,SKF,6205-ZZ,PLANT08,CPSE_D,BALL BEARING 6205 ZZ SKF,BEARINGS,EA,SKF,6205 ZZ,PLANT08,CPSE_D,,,,,,,ZZ,MAT028
MAT029,DEEP GROOVE BALL BEARING 6206 2RS,BEARINGS,EA,FAG,6206-2RS,PLANT01,CPSE_A,DEEP GROOVE BALL BEARING 6206 2RS,BEARINGS,EA,FAG,6206 2RS,PLANT01,CPSE_A,,,,,,,2RS,MAT029
MAT030,6206 DOUBLE SEALED BALL BEARING FAG,BEARINGS,EA,FAG,6206-2RS,PLANT04,CPSE_B,6206 DOUBLE SEALED BALL BEARING FAG,BEARINGS,EA,FAG,6206 2RS,PLANT04,CPSE_B,,,,,,,,MAT030
MAT031,INDUSTRIAL LUBRICANT ISO VG 68,LUBRICANTS,LTR,SERVO,ISO68,PLANT05,CPSE_C,INDUSTRIAL LUBRICANT ISO VG 68,LUBRICANTS,LTR,SERVO,ISO68,PLANT05,CPSE_C,,,,,,,ISO VG 68,MAT031
MAT032,HYDRAULIC OIL ISO VG 68,LUBRICANTS,LTR,SERVO,ISO68,PLANT08,CPSE_D,HYDRAULIC OIL ISO VG 68,LUBRICANTS,LTR,SERVO,ISO68,PLANT08,CPSE_D,,,,,,,ISO VG 68,MAT032
MAT033,GEAR OIL SAE 90,LUBRICANTS,LTR,CASTROL,SAE90,PLANT01,CPSE_A,GEAR OIL SAE 90,LUBRICANTS,LTR,CASTROL,SAE90,PLANT01,CPSE_A,,,,,,,SAE 90,MAT033
MAT034,INDUSTRIAL GEAR LUBRICANT SAE 90,LUBRICANTS,LTR,CASTROL,SAE90,PLANT04,CPSE_B,INDUSTRIAL GEAR LUBRICANT SAE 90,LUBRICANTS,LTR,CASTROL,SAE90,PLANT04,CPSE_B,,,,,,,SAE 90,MAT034
MAT035,POWER CABLE 4 CORE 1.1 KV XLPE,CABLES,MTR,POLYCAB,4C-1.1KV,PLANT05,CPSE_C,POWER CABLE 4 CORE 1 1 KV XLPE,CABLES,MTR,POLYCAB,4C 1 1KV,PLANT05,CPSE_C,,,1.1 KV,,4.0,XLPE,XLPE,MAT015
MAT036,4 CORE XLPE POWER CABLE 1100 VOLT,CABLES,MTR,POLYCAB,4C-1.1KV,PLANT08,CPSE_D,4 CORE XLPE POWER CABLE 1100 VOLT,CABLES,MTR,POLYCAB,4C 1 1KV,PLANT08,CPSE_D,,,1100 VOLT,,4.0,XLPE,XLPE,MAT016
MAT037,PVC INSULATED CONTROL CABLE 2.5 SQ MM,CABLES,MTR,FINOLEX,2.5SQMM,PLANT01,CPSE_A,PVC INSULATED CONTROL CABLE 2 5 SQ MM,CABLES,MTR,FINOLEX,2 5SQMM,PLANT01,CPSE_A,,,,,,PVC,,MAT037
MAT038,CONTROL CABLE PVC 2.5 MM2,CABLES,MTR,FINOLEX,2.5SQMM,PLANT04,CPSE_B,CONTROL CABLE PVC 2 5 MM2,CABLES,MTR,FINOLEX,2 5SQMM,PLANT04,CPSE_B,,,,,,PVC,,MAT038
MAT039,INDUSTRIAL SAFETY HELMET ABS,SAFETY,EA,KARAM,HELMET-ABS,PLANT05,CPSE_C,INDUSTRIAL SAFETY HELMET ABS,SAFETY,EA,KARAM,HELMET ABS,PLANT05,CPSE_C,,,,,,ABS,,MAT039
MAT040,ABS HARD HAT INDUSTRIAL SAFETY,SAFETY,EA,KARAM,HELMET-ABS,PLANT08,CPSE_D,ABS HARD HAT INDUSTRIAL SAFETY,SAFETY,EA,KARAM,HELMET ABS,PLANT08,CPSE_D,,,,,,ABS,,MAT040
MAT041,HEX BOLT M16 X 80 MM HIGH TENSILE STEEL,FASTENERS,EA,TVS,M16-80-HT,PLANT01,CPSE_A,HEX BOLT M16 X 80 MM HIGH TENSILE STEEL,FASTENERS,EA,TVS,M16 80 HT,PLANT01,CPSE_A,M16,80.0,,,,STEEL,,MAT041
MAT042,M16 HEXAGONAL BOLT 80MM HT STEEL,FASTENERS,EA,TVS,M16-80-HT,PLANT04,CPSE_B,M16 HEXAGONAL BOLT 80MM HT STEEL,FASTENERS,EA,TVS,M16 80 HT,PLANT04,CPSE_B,M16,80.0,,,,STEEL,HT,MAT002
MAT043,HEX NUT M16 HIGH TENSILE STEEL,FASTENERS,EA,TVS,M16-NUT-HT,PLANT05,CPSE_C,HEX NUT M16 HIGH TENSILE STEEL,FASTENERS,EA,TVS,M16 NUT HT,PLANT05,CPSE_C,M16,,,,,STEEL,,MAT043
MAT044,M16 HEX NUT HT STEEL,FASTENERS,EA,TVS,M16-NUT-HT,PLANT08,CPSE_D,M16 HEX NUT HT STEEL,FASTENERS,EA,TVS,M16 NUT HT,PLANT08,CPSE_D,M16,,,,,STEEL,HT,MAT004
MAT045,FLAT WASHER M16 MS,FASTENERS,EA,UNBRANDED,M16-WASHER,PLANT01,CPSE_A,FLAT WASHER M16 MS,FASTENERS,EA,UNBRANDED,M16 WASHER,PLANT01,CPSE_A,M16,,,,,,,MAT045
MAT046,M16 PLAIN WASHER MILD STEEL,FASTENERS,EA,UNBRANDED,M16-WASHER,PLANT04,CPSE_B,M16 PLAIN WASHER MILD STEEL,FASTENERS,EA,UNBRANDED,M16 WASHER,PLANT04,CPSE_B,M16,,,,,STEEL,,MAT046
MAT047,BEARING BALL 6205 ZZ,BEARINGS,EA,SKF,6205-ZZ,PLANT05,CPSE_C,BEARING BALL 6205 ZZ,BEARINGS,EA,SKF,6205 ZZ,PLANT05,CPSE_C,,,,,,,ZZ,MAT047
MAT048,BALL BEARING 6205 ZZ SKF,BEARINGS,EA,SKF,6205-ZZ,PLANT08,CPSE_D,BALL BEARING 6205 ZZ SKF,BEARINGS,EA,SKF,6205 ZZ,PLANT08,CPSE_D,,,,,,,ZZ,MAT048
MAT049,DEEP GROOVE BALL BEARING 6206 2RS,BEARINGS,EA,FAG,6206-2RS,PLANT01,CPSE_A,DEEP GROOVE BALL BEARING 6206 2RS,BEARINGS,EA,FAG,6206 2RS,PLANT01,CPSE_A,,,,,,,2RS,MAT049
MAT050,6206 DOUBLE SEALED BALL BEARING FAG,BEARINGS,EA,FAG,6206-2RS,PLANT04,CPSE_B,6206 DOUBLE SEALED BALL BEARING FAG,BEARINGS,EA,FAG,6206 2RS,PLANT04,CPSE_B,,,,,,,,MAT050
MAT051,INDUSTRIAL LUBRICANT ISO VG 68,LUBRICANTS,LTR,SERVO,ISO68,PLANT05,CPSE_C,INDUSTRIAL LUBRICANT ISO VG 68,LUBRICANTS,LTR,SERVO,ISO68,PLANT05,CPSE_C,,,,,,,ISO VG 68,MAT051
MAT052,HYDRAULIC OIL ISO VG 68,LUBRICANTS,LTR,SERVO,ISO68,PLANT08,CPSE_D,HYDRAULIC OIL ISO VG 68,LUBRICANTS,LTR,SERVO,ISO68,PLANT08,CPSE_D,,,,,,,ISO VG 68,MAT052
MAT053,GEAR OIL SAE 90,LUBRICANTS,LTR,CASTROL,SAE90,PLANT01,CPSE_A,GEAR OIL SAE 90,LUBRICANTS,LTR,CASTROL,SAE90,PLANT01,CPSE_A,,,,,,,SAE 90,MAT053
MAT054,INDUSTRIAL GEAR LUBRICANT SAE 90,LUBRICANTS,LTR,CASTROL,SAE90,PLANT04,CPSE_B,INDUSTRIAL GEAR LUBRICANT SAE 90,LUBRICANTS,LTR,CASTROL,SAE90,PLANT04,CPSE_B,,,,,,,SAE 90,MAT054
MAT055,POWER CABLE 4 CORE 1.1 KV XLPE,CABLES,MTR,POLYCAB,4C-1.1KV,PLANT05,CPSE_C,POWER CABLE 4 CORE 1 1 KV XLPE,CABLES,MTR,POLYCAB,4C 1 1KV,PLANT05,CPSE_C,,,1.1 KV,,4.0,XLPE,XLPE,MAT015
MAT056,4 CORE XLPE POWER CABLE 1100 VOLT,CABLES,MTR,POLYCAB,4C-1.1KV,PLANT08,CPSE_D,4 CORE XLPE POWER CABLE 1100 VOLT,CABLES,MTR,POLYCAB,4C 1 1KV,PLANT08,CPSE_D,,,1100 VOLT,,4.0,XLPE,XLPE,MAT016
MAT057,PVC INSULATED CONTROL CABLE 2.5 SQ MM,CABLES,MTR,FINOLEX,2.5SQMM,PLANT01,CPSE_A,PVC INSULATED CONTROL CABLE 2 5 SQ MM,CABLES,MTR,FINOLEX,2 5SQMM,PLANT01,CPSE_A,,,,,,PVC,,MAT057
MAT058,CONTROL CABLE PVC 2.5 MM2,CABLES,MTR,FINOLEX,2.5SQMM,PLANT04,CPSE_B,CONTROL CABLE PVC 2 5 MM2,CABLES,MTR,FINOLEX,2 5SQMM,PLANT04,CPSE_B,,,,,,PVC,,MAT058
MAT059,INDUSTRIAL SAFETY HELMET ABS,SAFETY,EA,KARAM,HELMET-ABS,PLANT05,CPSE_C,INDUSTRIAL SAFETY HELMET ABS,SAFETY,EA,KARAM,HELMET ABS,PLANT05,CPSE_C,,,,,,ABS,,MAT059
MAT060,ABS HARD HAT INDUSTRIAL SAFETY,SAFETY,EA,KARAM,HELMET-ABS,PLANT08,CPSE_D,ABS HARD HAT INDUSTRIAL SAFETY,SAFETY,EA,KARAM,HELMET ABS,PLANT08,CPSE_D,,,,,,ABS,,MAT060
MAT061,HEX BOLT M16 X 80 MM HIGH TENSILE STEEL,FASTENERS,EA,TVS,M16-80-HT,PLANT01,CPSE_A,HEX BOLT M16 X 80 MM HIGH TENSILE STEEL,FASTENERS,EA,TVS,M16 80 HT,PLANT01,CPSE_A,M16,80.0,,,,STEEL,,MAT061
MAT062,M16 HEXAGONAL BOLT 80MM HT STEEL,FASTENERS,EA,TVS,M16-80-HT,PLANT04,CPSE_B,M16 HEXAGONAL BOLT 80MM HT STEEL,FASTENERS,EA,TVS,M16 80 HT,PLANT04,CPSE_B,M16,80.0,,,,STEEL,HT,MAT002
MAT063,HEX NUT M16 HIGH TENSILE STEEL,FASTENERS,EA,TVS,M16-NUT-HT,PLANT05,CPSE_C,HEX NUT M16 HIGH TENSILE STEEL,FASTENERS,EA,TVS,M16 NUT HT,PLANT05,CPSE_C,M16,,,,,STEEL,,MAT063
MAT064,M16 HEX NUT HT STEEL,FASTENERS,EA,TVS,M16-NUT-HT,PLANT08,CPSE_D,M16 HEX NUT HT STEEL,FASTENERS,EA,TVS,M16 NUT HT,PLANT08,CPSE_D,M16,,,,,STEEL,HT,MAT004
MAT065,FLAT WASHER M16 MS,FASTENERS,EA,UNBRANDED,M16-WASHER,PLANT01,CPSE_A,FLAT WASHER M16 MS,FASTENERS,EA,UNBRANDED,M16 WASHER,PLANT01,CPSE_A,M16,,,,,,,MAT065
MAT066,M16 PLAIN WASHER MILD STEEL,FASTENERS,EA,UNBRANDED,M16-WASHER,PLANT04,CPSE_B,M16 PLAIN WASHER MILD STEEL,FASTENERS,EA,UNBRANDED,M16 WASHER,PLANT04,CPSE_B,M16,,,,,STEEL,,MAT066
MAT067,BEARING BALL 6205 ZZ,BEARINGS,EA,SKF,6205-ZZ,PLANT05,CPSE_C,BEARING BALL 6205 ZZ,BEARINGS,EA,SKF,6205 ZZ,PLANT05,CPSE_C,,,,,,,ZZ,MAT067
MAT068,BALL BEARING 6205 ZZ SKF,BEARINGS,EA,SKF,6205-ZZ,PLANT08,CPSE_D,BALL BEARING 6205 ZZ SKF,BEARINGS,EA,SKF,6205 ZZ,PLANT08,CPSE_D,,,,,,,ZZ,MAT068
MAT069,DEEP GROOVE BALL BEARING 6206 2RS,BEARINGS,EA,FAG,6206-2RS,PLANT01,CPSE_A,DEEP GROOVE BALL BEARING 6206 2RS,BEARINGS,EA,FAG,6206 2RS,PLANT01,CPSE_A,,,,,,,2RS,MAT069
MAT070,6206 DOUBLE SEALED BALL BEARING FAG,BEARINGS,EA,FAG,6206-2RS,PLANT04,CPSE_B,6206 DOUBLE SEALED BALL BEARING FAG,BEARINGS,EA,FAG,6206 2RS,PLANT04,CPSE_B,,,,,,,,MAT070
MAT071,INDUSTRIAL LUBRICANT ISO VG 68,LUBRICANTS,LTR,SERVO,ISO68,PLANT05,CPSE_C,INDUSTRIAL LUBRICANT ISO VG 68,LUBRICANTS,LTR,SERVO,ISO68,PLANT05,CPSE_C,,,,,,,ISO VG 68,MAT071
MAT072,HYDRAULIC OIL ISO VG 68,LUBRICANTS,LTR,SERVO,ISO68,PLANT08,CPSE_D,HYDRAULIC OIL ISO VG 68,LUBRICANTS,LTR,SERVO,ISO68,PLANT08,CPSE_D,,,,,,,ISO VG 68,MAT072
MAT073,GEAR OIL SAE 90,LUBRICANTS,LTR,CASTROL,SAE90,PLANT01,CPSE_A,GEAR OIL SAE 90,LUBRICANTS,LTR,CASTROL,SAE90,PLANT01,CPSE_A,,,,,,,SAE 90,MAT073
MAT074,INDUSTRIAL GEAR LUBRICANT SAE 90,LUBRICANTS,LTR,CASTROL,SAE90,PLANT04,CPSE_B,INDUSTRIAL GEAR LUBRICANT SAE 90,LUBRICANTS,LTR,CASTROL,SAE90,PLANT04,CPSE_B,,,,,,,SAE 90,MAT074
MAT075,POWER CABLE 4 CORE 1.1 KV XLPE,CABLES,MTR,POLYCAB,4C-1.1KV,PLANT05,CPSE_C,POWER CABLE 4 CORE 1 1 KV XLPE,CABLES,MTR,POLYCAB,4C 1 1KV,PLANT05,CPSE_C,,,1.1 KV,,4.0,XLPE,XLPE,MAT015
MAT076,4 CORE XLPE POWER CABLE 1100 VOLT,CABLES,MTR,POLYCAB,4C-1.1KV,PLANT08,CPSE_D,4 CORE XLPE POWER CABLE 1100 VOLT,CABLES,MTR,POLYCAB,4C 1 1KV,PLANT08,CPSE_D,,,1100 VOLT,,4.0,XLPE,XLPE,MAT016
MAT077,PVC INSULATED CONTROL CABLE 2.5 SQ MM,CABLES,MTR,FINOLEX,2.5SQMM,PLANT01,CPSE_A,PVC INSULATED CONTROL CABLE 2 5 SQ MM,CABLES,MTR,FINOLEX,2 5SQMM,PLANT01,CPSE_A,,,,,,PVC,,MAT077
MAT078,CONTROL CABLE PVC 2.5 MM2,CABLES,MTR,FINOLEX,2.5SQMM,PLANT04,CPSE_B,CONTROL CABLE PVC 2 5 MM2,CABLES,MTR,FINOLEX,2 5SQMM,PLANT04,CPSE_B,,,,,,PVC,,MAT078
MAT079,INDUSTRIAL SAFETY HELMET ABS,SAFETY,EA,KARAM,HELMET-ABS,PLANT05,CPSE_C,INDUSTRIAL SAFETY HELMET ABS,SAFETY,EA,KARAM,HELMET ABS,PLANT05,CPSE_C,,,,,,ABS,,MAT079
MAT080,ABS HARD HAT INDUSTRIAL SAFETY,SAFETY,EA,KARAM,HELMET-ABS,PLANT08,CPSE_D,ABS HARD HAT INDUSTRIAL SAFETY,SAFETY,EA,KARAM,HELMET ABS,PLANT08,CPSE_D,,,,,,ABS,,MAT080
MAT081,HEX BOLT M16 X 80 MM HIGH TENSILE STEEL,FASTENERS,EA,TVS,M16-80-HT,PLANT01,CPSE_A,HEX BOLT M16 X 80 MM HIGH TENSILE STEEL,FASTENERS,EA,TVS,M16 80 HT,PLANT01,CPSE_A,M16,80.0,,,,STEEL,,MAT081
MAT082,M16 HEXAGONAL BOLT 80MM HT STEEL,FASTENERS,EA,TVS,M16-80-HT,PLANT04,CPSE_B,M16 HEXAGONAL BOLT 80MM HT STEEL,FASTENERS,EA,TVS,M16 80 HT,PLANT04,CPSE_B,M16,80.0,,,,STEEL,HT,MAT002
MAT083,HEX NUT M16 HIGH TENSILE STEEL,FASTENERS,EA,TVS,M16-NUT-HT,PLANT05,CPSE_C,HEX NUT M16 HIGH TENSILE STEEL,FASTENERS,EA,TVS,M16 NUT HT,PLANT05,CPSE_C,M16,,,,,STEEL,,MAT083
MAT084,M16 HEX NUT HT STEEL,FASTENERS,EA,TVS,M16-NUT-HT,PLANT08,CPSE_D,M16 HEX NUT HT STEEL,FASTENERS,EA,TVS,M16 NUT HT,PLANT08,CPSE_D,M16,,,,,STEEL,HT,MAT004
MAT085,FLAT WASHER M16 MS,FASTENERS,EA,UNBRANDED,M16-WASHER,PLANT01,CPSE_A,FLAT WASHER M16 MS,FASTENERS,EA,UNBRANDED,M16 WASHER,PLANT01,CPSE_A,M16,,,,,,,MAT085
MAT086,M16 PLAIN WASHER MILD STEEL,FASTENERS,EA,UNBRANDED,M16-WASHER,PLANT04,CPSE_B,M16 PLAIN WASHER MILD STEEL,FASTENERS,EA,UNBRANDED,M16 WASHER,PLANT04,CPSE_B,M16,,,,,STEEL,,MAT086
MAT087,BEARING BALL 6205 ZZ,BEARINGS,EA,SKF,6205-ZZ,PLANT05,CPSE_C,BEARING BALL 6205 ZZ,BEARINGS,EA,SKF,6205 ZZ,PLANT05,CPSE_C,,,,,,,ZZ,MAT087
MAT088,BALL BEARING 6205 ZZ SKF,BEARINGS,EA,SKF,6205-ZZ,PLANT08,CPSE_D,BALL BEARING 6205 ZZ SKF,BEARINGS,EA,SKF,6205 ZZ,PLANT08,CPSE_D,,,,,,,ZZ,MAT088
MAT089,DEEP GROOVE BALL BEARING 6206 2RS,BEARINGS,EA,FAG,6206-2RS,PLANT01,CPSE_A,DEEP GROOVE BALL BEARING 6206 2RS,BEARINGS,EA,FAG,6206 2RS,PLANT01,CPSE_A,,,,,,,2RS,MAT089
MAT090,6206 DOUBLE SEALED BALL BEARING FAG,BEARINGS,EA,FAG,6206-2RS,PLANT04,CPSE_B,6206 DOUBLE SEALED BALL BEARING FAG,BEARINGS,EA,FAG,6206 2RS,PLANT04,CPSE_B,,,,,,,,MAT090
MAT091,INDUSTRIAL LUBRICANT ISO VG 68,LUBRICANTS,LTR,SERVO,ISO68,PLANT05,CPSE_C,INDUSTRIAL LUBRICANT ISO VG 68,LUBRICANTS,LTR,SERVO,ISO68,PLANT05,CPSE_C,,,,,,,ISO VG 68,MAT091
MAT092,HYDRAULIC OIL ISO VG 68,LUBRICANTS,LTR,SERVO,ISO68,PLANT08,CPSE_D,HYDRAULIC OIL ISO VG 68,LUBRICANTS,LTR,SERVO,ISO68,PLANT08,CPSE_D,,,,,,,ISO VG 68,MAT092
MAT093,GEAR OIL SAE 90,LUBRICANTS,LTR,CASTROL,SAE90,PLANT01,CPSE_A,GEAR OIL SAE 90,LUBRICANTS,LTR,CASTROL,SAE90,PLANT01,CPSE_A,,,,,,,SAE 90,MAT093
MAT094,INDUSTRIAL GEAR LUBRICANT SAE 90,LUBRICANTS,LTR,CASTROL,SAE90,PLANT04,CPSE_B,INDUSTRIAL GEAR LUBRICANT SAE 90,LUBRICANTS,LTR,CASTROL,SAE90,PLANT04,CPSE_B,,,,,,,SAE 90,MAT094
MAT095,POWER CABLE 4 CORE 1.1 KV XLPE,CABLES,MTR,POLYCAB,4C-1.1KV,PLANT05,CPSE_C,POWER CABLE 4 CORE 1 1 KV XLPE,CABLES,MTR,POLYCAB,4C 1 1KV,PLANT05,CPSE_C,,,1.1 KV,,4.0,XLPE,XLPE,MAT015
MAT096,4 CORE XLPE POWER CABLE 1100 VOLT,CABLES,MTR,POLYCAB,4C-1.1KV,PLANT08,CPSE_D,4 CORE XLPE POWER CABLE 1100 VOLT,CABLES,MTR,POLYCAB,4C 1 1KV,PLANT08,CPSE_D,,,1100 VOLT,,4.0,XLPE,XLPE,MAT016
MAT097,PVC INSULATED CONTROL CABLE 2.5 SQ MM,CABLES,MTR,FINOLEX,2.5SQMM,PLANT01,CPSE_A,PVC INSULATED CONTROL CABLE 2 5 SQ MM,CABLES,MTR,FINOLEX,2 5SQMM,PLANT01,CPSE_A,,,,,,PVC,,MAT097
MAT098,CONTROL CABLE PVC 2.5 MM2,CABLES,MTR,FINOLEX,2.5SQMM,PLANT04,CPSE_B,CONTROL CABLE PVC 2 5 MM2,CABLES,MTR,FINOLEX,2 5SQMM,PLANT04,CPSE_B,,,,,,PVC,,MAT098
MAT099,INDUSTRIAL SAFETY HELMET ABS,SAFETY,EA,KARAM,HELMET-ABS,PLANT05,CPSE_C,INDUSTRIAL SAFETY HELMET ABS,SAFETY,EA,KARAM,HELMET ABS,PLANT05,CPSE_C,,,,,,ABS,,MAT099
MAT100,ABS HARD HAT INDUSTRIAL SAFETY,SAFETY,EA,KARAM,HELMET-ABS,PLANT08,CPSE_D,ABS HARD HAT INDUSTRIAL SAFETY,SAFETY,EA,KARAM,HELMET ABS,PLANT08,CPSE_D,,,,,,ABS,,MAT100
MAT101,HEX BOLT M16 X 80 MM HIGH TENSILE STEEL,FASTENERS,EA,TVS,M16-80-HT,PLANT01,CPSE_A,HEX BOLT M16 X 80 MM HIGH TENSILE STEEL,FASTENERS,EA,TVS,M16 80 HT,PLANT01,CPSE_A,M16,80.0,,,,STEEL,,MAT101
MAT102,M16 HEXAGONAL BOLT 80MM HT STEEL,FASTENERS,EA,TVS,M16-80-HT,PLANT04,CPSE_B,M16 HEXAGONAL BOLT 80MM HT STEEL,FASTENERS,EA,TVS,M16 80 HT,PLANT04,CPSE_B,M16,80.0,,,,STEEL,HT,MAT002
MAT103,HEX NUT M16 HIGH TENSILE STEEL,FASTENERS,EA,TVS,M16-NUT-HT,PLANT05,CPSE_C,HEX NUT M16 HIGH TENSILE STEEL,FASTENERS,EA,TVS,M16 NUT HT,PLANT05,CPSE_C,M16,,,,,STEEL,,MAT103
MAT104,M16 HEX NUT HT STEEL,FASTENERS,EA,TVS,M16-NUT-HT,PLANT08,CPSE_D,M16 HEX NUT HT STEEL,FASTENERS,EA,TVS,M16 NUT HT,PLANT08,CPSE_D,M16,,,,,STEEL,HT,MAT004
MAT105,FLAT WASHER M16 MS,FASTENERS,EA,UNBRANDED,M16-WASHER,PLANT01,CPSE_A,FLAT WASHER M16 MS,FASTENERS,EA,UNBRANDED,M16 WASHER,PLANT01,CPSE_A,M16,,,,,,,MAT105
MAT106,M16 PLAIN WASHER MILD STEEL,FASTENERS,EA,UNBRANDED,M16-WASHER,PLANT04,CPSE_B,M16 PLAIN WASHER MILD STEEL,FASTENERS,EA,UNBRANDED,M16 WASHER,PLANT04,CPSE_B,M16,,,,,STEEL,,MAT106
MAT107,BEARING BALL 6205 ZZ,BEARINGS,EA,SKF,6205-ZZ,PLANT05,CPSE_C,BEARING BALL 6205 ZZ,BEARINGS,EA,SKF,6205 ZZ,PLANT05,CPSE_C,,,,,,,ZZ,MAT107
MAT108,BALL BEARING 6205 ZZ SKF,BEARINGS,EA,SKF,6205-ZZ,PLANT08,CPSE_D,BALL BEARING 6205 ZZ SKF,BEARINGS,EA,SKF,6205 ZZ,PLANT08,CPSE_D,,,,,,,ZZ,MAT108
MAT109,DEEP GROOVE BALL BEARING 6206 2RS,BEARINGS,EA,FAG,6206-2RS,PLANT01,CPSE_A,DEEP GROOVE BALL BEARING 6206 2RS,BEARINGS,EA,FAG,6206 2RS,PLANT01,CPSE_A,,,,,,,2RS,MAT109
MAT110,6206 DOUBLE SEALED BALL BEARING FAG,BEARINGS,EA,FAG,6206-2RS,PLANT04,CPSE_B,6206 DOUBLE SEALED BALL BEARING FAG,BEARINGS,EA,FAG,6206 2RS,PLANT04,CPSE_B,,,,,,,,MAT110
MAT111,INDUSTRIAL LUBRICANT ISO VG 68,LUBRICANTS,LTR,SERVO,ISO68,PLANT05,CPSE_C,INDUSTRIAL LUBRICANT ISO VG 68,LUBRICANTS,LTR,SERVO,ISO68,PLANT05,CPSE_C,,,,,,,ISO VG 68,MAT111
MAT112,HYDRAULIC OIL ISO VG 68,LUBRICANTS,LTR,SERVO,ISO68,PLANT08,CPSE_D,HYDRAULIC OIL ISO VG 68,LUBRICANTS,LTR,SERVO,ISO68,PLANT08,CPSE_D,,,,,,,ISO VG 68,MAT112
MAT113,GEAR OIL SAE 90,LUBRICANTS,LTR,CASTROL,SAE90,PLANT01,CPSE_A,GEAR OIL SAE 90,LUBRICANTS,LTR,CASTROL,SAE90,PLANT01,CPSE_A,,,,,,,SAE 90,MAT113
MAT114,INDUSTRIAL GEAR LUBRICANT SAE 90,LUBRICANTS,LTR,CASTROL,SAE90,PLANT04,CPSE_B,INDUSTRIAL GEAR LUBRICANT SAE 90,LUBRICANTS,LTR,CASTROL,SAE90,PLANT04,CPSE_B,,,,,,,SAE 90,MAT114
MAT115,POWER CABLE 4 CORE 1.1 KV XLPE,CABLES,MTR,POLYCAB,4C-1.1KV,PLANT05,CPSE_C,POWER CABLE 4 CORE 1 1 KV XLPE,CABLES,MTR,POLYCAB,4C 1 1KV,PLANT05,CPSE_C,,,1.1 KV,,4.0,XLPE,XLPE,MAT015
MAT116,4 CORE XLPE POWER CABLE 1100 VOLT,CABLES,MTR,POLYCAB,4C-1.1KV,PLANT08,CPSE_D,4 CORE XLPE POWER CABLE 1100 VOLT,CABLES,MTR,POLYCAB,4C 1 1KV,PLANT08,CPSE_D,,,1100 VOLT,,4.0,XLPE,XLPE,MAT016
MAT117,PVC INSULATED CONTROL CABLE 2.5 SQ MM,CABLES,MTR,FINOLEX,2.5SQMM,PLANT01,CPSE_A,PVC INSULATED CONTROL CABLE 2 5 SQ MM,CABLES,MTR,FINOLEX,2 5SQMM,PLANT01,CPSE_A,,,,,,PVC,,MAT117
MAT118,CONTROL CABLE PVC 2.5 MM2,CABLES,MTR,FINOLEX,2.5SQMM,PLANT04,CPSE_B,CONTROL CABLE PVC 2 5 MM2,CABLES,MTR,FINOLEX,2 5SQMM,PLANT04,CPSE_B,,,,,,PVC,,MAT118
MAT119,INDUSTRIAL SAFETY HELMET ABS,SAFETY,EA,KARAM,HELMET-ABS,PLANT05,CPSE_C,INDUSTRIAL SAFETY HELMET ABS,SAFETY,EA,KARAM,HELMET ABS,PLANT05,CPSE_C,,,,,,ABS,,MAT119
MAT120,ABS HARD HAT INDUSTRIAL SAFETY,SAFETY,EA,KARAM,HELMET-ABS,PLANT08,CPSE_D,ABS HARD HAT INDUSTRIAL SAFETY,SAFETY,EA,KARAM,HELMET ABS,PLANT08,CPSE_D,,,,,,ABS,,MAT120
MAT121,HEX BOLT M16 X 80 MM HIGH TENSILE STEEL,FASTENERS,EA,TVS,M16-80-HT,PLANT01,CPSE_A,HEX BOLT M16 X 80 MM HIGH TENSILE STEEL,FASTENERS,EA,TVS,M16 80 HT,PLANT01,CPSE_A,M16,80.0,,,,STEEL,,MAT121
MAT122,M16 HEXAGONAL BOLT 80MM HT STEEL,FASTENERS,EA,TVS,M16-80-HT,PLANT04,CPSE_B,M16 HEXAGONAL BOLT 80MM HT STEEL,FASTENERS,EA,TVS,M16 80 HT,PLANT04,CPSE_B,M16,80.0,,,,STEEL,HT,MAT002
MAT123,HEX NUT M16 HIGH TENSILE STEEL,FASTENERS,EA,TVS,M16-NUT-HT,PLANT05,CPSE_C,HEX NUT M16 HIGH TENSILE STEEL,FASTENERS,EA,TVS,M16 NUT HT,PLANT05,CPSE_C,M16,,,,,STEEL,,MAT123
MAT124,M16 HEX NUT HT STEEL,FASTENERS,EA,TVS,M16-NUT-HT,PLANT08,CPSE_D,M16 HEX NUT HT STEEL,FASTENERS,EA,TVS,M16 NUT HT,PLANT08,CPSE_D,M16,,,,,STEEL,HT,MAT004
MAT125,FLAT WASHER M16 MS,FASTENERS,EA,UNBRANDED,M16-WASHER,PLANT01,CPSE_A,FLAT WASHER M16 MS,FASTENERS,EA,UNBRANDED,M16 WASHER,PLANT01,CPSE_A,M16,,,,,,,MAT125
MAT126,M16 PLAIN WASHER MILD STEEL,FASTENERS,EA,UNBRANDED,M16-WASHER,PLANT04,CPSE_B,M16 PLAIN WASHER MILD STEEL,FASTENERS,EA,UNBRANDED,M16 WASHER,PLANT04,CPSE_B,M16,,,,,STEEL,,MAT126
MAT127,BEARING BALL 6205 ZZ,BEARINGS,EA,SKF,6205-ZZ,PLANT05,CPSE_C,BEARING BALL 6205 ZZ,BEARINGS,EA,SKF,6205 ZZ,PLANT05,CPSE_C,,,,,,,ZZ,MAT127
MAT128,BALL BEARING 6205 ZZ SKF,BEARINGS,EA,SKF,6205-ZZ,PLANT08,CPSE_D,BALL BEARING 6205 ZZ SKF,BEARINGS,EA,SKF,6205 ZZ,PLANT08,CPSE_D,,,,,,,ZZ,MAT128
MAT129,DEEP GROOVE BALL BEARING 6206 2RS,BEARINGS,EA,FAG,6206-2RS,PLANT01,CPSE_A,DEEP GROOVE BALL BEARING 6206 2RS,BEARINGS,EA,FAG,6206 2RS,PLANT01,CPSE_A,,,,,,,2RS,MAT129
MAT130,6206 DOUBLE SEALED BALL BEARING FAG,BEARINGS,EA,FAG,6206-2RS,PLANT04,CPSE_B,6206 DOUBLE SEALED BALL BEARING FAG,BEARINGS,EA,FAG,6206 2RS,PLANT04,CPSE_B,,,,,,,,MAT130
MAT131,INDUSTRIAL LUBRICANT ISO VG 68,LUBRICANTS,LTR,SERVO,ISO68,PLANT05,CPSE_C,INDUSTRIAL LUBRICANT ISO VG 68,LUBRICANTS,LTR,SERVO,ISO68,PLANT05,CPSE_C,,,,,,,ISO VG 68,MAT131
MAT132,HYDRAULIC OIL ISO VG 68,LUBRICANTS,LTR,SERVO,ISO68,PLANT08,CPSE_D,HYDRAULIC OIL ISO VG 68,LUBRICANTS,LTR,SERVO,ISO68,PLANT08,CPSE_D,,,,,,,ISO VG 68,MAT132
MAT133,GEAR OIL SAE 90,LUBRICANTS,LTR,CASTROL,SAE90,PLANT01,CPSE_A,GEAR OIL SAE 90,LUBRICANTS,LTR,CASTROL,SAE90,PLANT01,CPSE_A,,,,,,,SAE 90,MAT133
MAT134,INDUSTRIAL GEAR LUBRICANT SAE 90,LUBRICANTS,LTR,CASTROL,SAE90,PLANT04,CPSE_B,INDUSTRIAL GEAR LUBRICANT SAE 90,LUBRICANTS,LTR,CASTROL,SAE90,PLANT04,CPSE_B,,,,,,,SAE 90,MAT134
MAT135,POWER CABLE 4 CORE 1.1 KV XLPE,CABLES,MTR,POLYCAB,4C-1.1KV,PLANT05,CPSE_C,POWER CABLE 4 CORE 1 1 KV XLPE,CABLES,MTR,POLYCAB,4C 1 1KV,PLANT05,CPSE_C,,,1.1 KV,,4.0,XLPE,XLPE,MAT015
MAT136,4 CORE XLPE POWER CABLE 1100 VOLT,CABLES,MTR,POLYCAB,4C-1.1KV,PLANT08,CPSE_D,4 CORE XLPE POWER CABLE 1100 VOLT,CABLES,MTR,POLYCAB,4C 1 1KV,PLANT08,CPSE_D,,,1100 VOLT,,4.0,XLPE,XLPE,MAT016
MAT137,PVC INSULATED CONTROL CABLE 2.5 SQ MM,CABLES,MTR,FINOLEX,2.5SQMM,PLANT01,CPSE_A,PVC INSULATED CONTROL CABLE 2 5 SQ MM,CABLES,MTR,FINOLEX,2 5SQMM,PLANT01,CPSE_A,,,,,,PVC,,MAT137
MAT138,CONTROL CABLE PVC 2.5 MM2,CABLES,MTR,FINOLEX,2.5SQMM,PLANT04,CPSE_B,CONTROL CABLE PVC 2 5 MM2,CABLES,MTR,FINOLEX,2 5SQMM,PLANT04,CPSE_B,,,,,,PVC,,MAT138
MAT139,INDUSTRIAL SAFETY HELMET ABS,SAFETY,EA,KARAM,HELMET-ABS,PLANT05,CPSE_C,INDUSTRIAL SAFETY HELMET ABS,SAFETY,EA,KARAM,HELMET ABS,PLANT05,CPSE_C,,,,,,ABS,,MAT139
MAT140,ABS HARD HAT INDUSTRIAL SAFETY,SAFETY,EA,KARAM,HELMET-ABS,PLANT08,CPSE_D,ABS HARD HAT INDUSTRIAL SAFETY,SAFETY,EA,KARAM,HELMET ABS,PLANT08,CPSE_D,,,,,,ABS,,MAT140
MAT141,HEX BOLT M16 X 80 MM HIGH TENSILE STEEL,FASTENERS,EA,TVS,M16-80-HT,PLANT01,CPSE_A,HEX BOLT M16 X 80 MM HIGH TENSILE STEEL,FASTENERS,EA,TVS,M16 80 HT,PLANT01,CPSE_A,M16,80.0,,,,STEEL,,MAT141
MAT142,M16 HEXAGONAL BOLT 80MM HT STEEL,FASTENERS,EA,TVS,M16-80-HT,PLANT04,CPSE_B,M16 HEXAGONAL BOLT 80MM HT STEEL,FASTENERS,EA,TVS,M16 80 HT,PLANT04,CPSE_B,M16,80.0,,,,STEEL,HT,MAT002
MAT143,HEX NUT M16 HIGH TENSILE STEEL,FASTENERS,EA,TVS,M16-NUT-HT,PLANT05,CPSE_C,HEX NUT M16 HIGH TENSILE STEEL,FASTENERS,EA,TVS,M16 NUT HT,PLANT05,CPSE_C,M16,,,,,STEEL,,MAT143
MAT144,M16 HEX NUT HT STEEL,FASTENERS,EA,TVS,M16-NUT-HT,PLANT08,CPSE_D,M16 HEX NUT HT STEEL,FASTENERS,EA,TVS,M16 NUT HT,PLANT08,CPSE_D,M16,,,,,STEEL,HT,MAT004
MAT145,FLAT WASHER M16 MS,FASTENERS,EA,UNBRANDED,M16-WASHER,PLANT01,CPSE_A,FLAT WASHER M16 MS,FASTENERS,EA,UNBRANDED,M16 WASHER,PLANT01,CPSE_A,M16,,,,,,,MAT145
MAT146,M16 PLAIN WASHER MILD STEEL,FASTENERS,EA,UNBRANDED,M16-WASHER,PLANT04,CPSE_B,M16 PLAIN WASHER MILD STEEL,FASTENERS,EA,UNBRANDED,M16 WASHER,PLANT04,CPSE_B,M16,,,,,STEEL,,MAT146
MAT147,BEARING BALL 6205 ZZ,BEARINGS,EA,SKF,6205-ZZ,PLANT05,CPSE_C,BEARING BALL 6205 ZZ,BEARINGS,EA,SKF,6205 ZZ,PLANT05,CPSE_C,,,,,,,ZZ,MAT147
MAT148,BALL BEARING 6205 ZZ SKF,BEARINGS,EA,SKF,6205-ZZ,PLANT08,CPSE_D,BALL BEARING 6205 ZZ SKF,BEARINGS,EA,SKF,6205 ZZ,PLANT08,CPSE_D,,,,,,,ZZ,MAT148
MAT149,DEEP GROOVE BALL BEARING 6206 2RS,BEARINGS,EA,FAG,6206-2RS,PLANT01,CPSE_A,DEEP GROOVE BALL BEARING 6206 2RS,BEARINGS,EA,FAG,6206 2RS,PLANT01,CPSE_A,,,,,,,2RS,MAT149
MAT150,6206 DOUBLE SEALED BALL BEARING FAG,BEARINGS,EA,FAG,6206-2RS,PLANT04,CPSE_B,6206 DOUBLE SEALED BALL BEARING FAG,BEARINGS,EA,FAG,6206 2RS,PLANT04,CPSE_B,,,,,,,,MAT150
MAT151,INDUSTRIAL LUBRICANT ISO VG 68,LUBRICANTS,LTR,SERVO,ISO68,PLANT05,CPSE_C,INDUSTRIAL LUBRICANT ISO VG 68,LUBRICANTS,LTR,SERVO,ISO68,PLANT05,CPSE_C,,,,,,,ISO VG 68,MAT151
MAT152,HYDRAULIC OIL ISO VG 68,LUBRICANTS,LTR,SERVO,ISO68,PLANT08,CPSE_D,HYDRAULIC OIL ISO VG 68,LUBRICANTS,LTR,SERVO,ISO68,PLANT08,CPSE_D,,,,,,,ISO VG 68,MAT152
MAT153,GEAR OIL SAE 90,LUBRICANTS,LTR,CASTROL,SAE90,PLANT01,CPSE_A,GEAR OIL SAE 90,LUBRICANTS,LTR,CASTROL,SAE90,PLANT01,CPSE_A,,,,,,,SAE 90,MAT153
MAT154,INDUSTRIAL GEAR LUBRICANT SAE 90,LUBRICANTS,LTR,CASTROL,SAE90,PLANT04,CPSE_B,INDUSTRIAL GEAR LUBRICANT SAE 90,LUBRICANTS,LTR,CASTROL,SAE90,PLANT04,CPSE_B,,,,,,,SAE 90,MAT154
MAT155,POWER CABLE 4 CORE 1.1 KV XLPE,CABLES,MTR,POLYCAB,4C-1.1KV,PLANT05,CPSE_C,POWER CABLE 4 CORE 1 1 KV XLPE,CABLES,MTR,POLYCAB,4C 1 1KV,PLANT05,CPSE_C,,,1.1 KV,,4.0,XLPE,XLPE,MAT015
MAT156,4 CORE XLPE POWER CABLE 1100 VOLT,CABLES,MTR,POLYCAB,4C-1.1KV,PLANT08,CPSE_D,4 CORE XLPE POWER CABLE 1100 VOLT,CABLES,MTR,POLYCAB,4C 1 1KV,PLANT08,CPSE_D,,,1100 VOLT,,4.0,XLPE,XLPE,MAT016
MAT157,PVC INSULATED CONTROL CABLE 2.5 SQ MM,CABLES,MTR,FINOLEX,2.5SQMM,PLANT01,CPSE_A,PVC INSULATED CONTROL CABLE 2 5 SQ MM,CABLES,MTR,FINOLEX,2 5SQMM,PLANT01,CPSE_A,,,,,,PVC,,MAT157
MAT158,CONTROL CABLE PVC 2.5 MM2,CABLES,MTR,FINOLEX,2.5SQMM,PLANT04,CPSE_B,CONTROL CABLE PVC 2 5 MM2,CABLES,MTR,FINOLEX,2 5SQMM,PLANT04,CPSE_B,,,,,,PVC,,MAT158
MAT159,INDUSTRIAL SAFETY HELMET ABS,SAFETY,EA,KARAM,HELMET-ABS,PLANT05,CPSE_C,INDUSTRIAL SAFETY HELMET ABS,SAFETY,EA,KARAM,HELMET ABS,PLANT05,CPSE_C,,,,,,ABS,,MAT159
MAT160,ABS HARD HAT INDUSTRIAL SAFETY,SAFETY,EA,KARAM,HELMET-ABS,PLANT08,CPSE_D,ABS HARD HAT INDUSTRIAL SAFETY,SAFETY,EA,KARAM,HELMET ABS,PLANT08,CPSE_D,,,,,,ABS,,MAT160
MAT161,HEX BOLT M16 X 80 MM HIGH TENSILE STEEL,FASTENERS,EA,TVS,M16-80-HT,PLANT01,CPSE_A,HEX BOLT M16 X 80 MM HIGH TENSILE STEEL,FASTENERS,EA,TVS,M16 80 HT,PLANT01,CPSE_A,M16,80.0,,,,STEEL,,MAT161
MAT162,M16 HEXAGONAL BOLT 80MM HT STEEL,FASTENERS,EA,TVS,M16-80-HT,PLANT04,CPSE_B,M16 HEXAGONAL BOLT 80MM HT STEEL,FASTENERS,EA,TVS,M16 80 HT,PLANT04,CPSE_B,M16,80.0,,,,STEEL,HT,MAT002
MAT163,HEX NUT M16 HIGH TENSILE STEEL,FASTENERS,EA,TVS,M16-NUT-HT,PLANT05,CPSE_C,HEX NUT M16 HIGH TENSILE STEEL,FASTENERS,EA,TVS,M16 NUT HT,PLANT05,CPSE_C,M16,,,,,STEEL,,MAT163
MAT164,M16 HEX NUT HT STEEL,FASTENERS,EA,TVS,M16-NUT-HT,PLANT08,CPSE_D,M16 HEX NUT HT STEEL,FASTENERS,EA,TVS,M16 NUT HT,PLANT08,CPSE_D,M16,,,,,STEEL,HT,MAT004
MAT165,FLAT WASHER M16 MS,FASTENERS,EA,UNBRANDED,M16-WASHER,PLANT01,CPSE_A,FLAT WASHER M16 MS,FASTENERS,EA,UNBRANDED,M16 WASHER,PLANT01,CPSE_A,M16,,,,,,,MAT165
MAT166,M16 PLAIN WASHER MILD STEEL,FASTENERS,EA,UNBRANDED,M16-WASHER,PLANT04,CPSE_B,M16 PLAIN WASHER MILD STEEL,FASTENERS,EA,UNBRANDED,M16 WASHER,PLANT04,CPSE_B,M16,,,,,STEEL,,MAT166
MAT167,BEARING BALL 6205 ZZ,BEARINGS,EA,SKF,6205-ZZ,PLANT05,CPSE_C,BEARING BALL 6205 ZZ,BEARINGS,EA,SKF,6205 ZZ,PLANT05,CPSE_C,,,,,,,ZZ,MAT167
MAT168,BALL BEARING 6205 ZZ SKF,BEARINGS,EA,SKF,6205-ZZ,PLANT08,CPSE_D,BALL BEARING 6205 ZZ SKF,BEARINGS,EA,SKF,6205 ZZ,PLANT08,CPSE_D,,,,,,,ZZ,MAT168
MAT169,DEEP GROOVE BALL BEARING 6206 2RS,BEARINGS,EA,FAG,6206-2RS,PLANT01,CPSE_A,DEEP GROOVE BALL BEARING 6206 2RS,BEARINGS,EA,FAG,6206 2RS,PLANT01,CPSE_A,,,,,,,2RS,MAT169
MAT170,6206 DOUBLE SEALED BALL BEARING FAG,BEARINGS,EA,FAG,6206-2RS,PLANT04,CPSE_B,6206 DOUBLE SEALED BALL BEARING FAG,BEARINGS,EA,FAG,6206 2RS,PLANT04,CPSE_B,,,,,,,,MAT170
MAT171,INDUSTRIAL LUBRICANT ISO VG 68,LUBRICANTS,LTR,SERVO,ISO68,PLANT05,CPSE_C,INDUSTRIAL LUBRICANT ISO VG 68,LUBRICANTS,LTR,SERVO,ISO68,PLANT05,CPSE_C,,,,,,,ISO VG 68,MAT171
MAT172,HYDRAULIC OIL ISO VG 68,LUBRICANTS,LTR,SERVO,ISO68,PLANT08,CPSE_D,HYDRAULIC OIL ISO VG 68,LUBRICANTS,LTR,SERVO,ISO68,PLANT08,CPSE_D,,,,,,,ISO VG 68,MAT172
MAT173,GEAR OIL SAE 90,LUBRICANTS,LTR,CASTROL,SAE90,PLANT01,CPSE_A,GEAR OIL SAE 90,LUBRICANTS,LTR,CASTROL,SAE90,PLANT01,CPSE_A,,,,,,,SAE 90,MAT173
MAT174,INDUSTRIAL GEAR LUBRICANT SAE 90,LUBRICANTS,LTR,CASTROL,SAE90,PLANT04,CPSE_B,INDUSTRIAL GEAR LUBRICANT SAE 90,LUBRICANTS,LTR,CASTROL,SAE90,PLANT04,CPSE_B,,,,,,,SAE 90,MAT174
MAT175,POWER CABLE 4 CORE 1.1 KV XLPE,CABLES,MTR,POLYCAB,4C-1.1KV,PLANT05,CPSE_C,POWER CABLE 4 CORE 1 1 KV XLPE,CABLES,MTR,POLYCAB,4C 1 1KV,PLANT05,CPSE_C,,,1.1 KV,,4.0,XLPE,XLPE,MAT015
MAT176,4 CORE XLPE POWER CABLE 1100 VOLT,CABLES,MTR,POLYCAB,4C-1.1KV,PLANT08,CPSE_D,4 CORE XLPE POWER CABLE 1100 VOLT,CABLES,MTR,POLYCAB,4C 1 1KV,PLANT08,CPSE_D,,,1100 VOLT,,4.0,XLPE,XLPE,MAT016
MAT177,PVC INSULATED CONTROL CABLE 2.5 SQ MM,CABLES,MTR,FINOLEX,2.5SQMM,PLANT01,CPSE_A,PVC INSULATED CONTROL CABLE 2 5 SQ MM,CABLES,MTR,FINOLEX,2 5SQMM,PLANT01,CPSE_A,,,,,,PVC,,MAT177
MAT178,CONTROL CABLE PVC 2.5 MM2,CABLES,MTR,FINOLEX,2.5SQMM,PLANT04,CPSE_B,CONTROL CABLE PVC 2 5 MM2,CABLES,MTR,FINOLEX,2 5SQMM,PLANT04,CPSE_B,,,,,,PVC,,MAT178
MAT179,INDUSTRIAL SAFETY HELMET ABS,SAFETY,EA,KARAM,HELMET-ABS,PLANT05,CPSE_C,INDUSTRIAL SAFETY HELMET ABS,SAFETY,EA,KARAM,HELMET ABS,PLANT05,CPSE_C,,,,,,ABS,,MAT179
MAT180,ABS HARD HAT INDUSTRIAL SAFETY,SAFETY,EA,KARAM,HELMET-ABS,PLANT08,CPSE_D,ABS HARD HAT INDUSTRIAL SAFETY,SAFETY,EA,KARAM,HELMET ABS,PLANT08,CPSE_D,,,,,,ABS,,MAT180
MAT181,HEX BOLT M16 X 80 MM HIGH TENSILE STEEL,FASTENERS,EA,TVS,M16-80-HT,PLANT01,CPSE_A,HEX BOLT M16 X 80 MM HIGH TENSILE STEEL,FASTENERS,EA,TVS,M16 80 HT,PLANT01,CPSE_A,M16,80.0,,,,STEEL,,MAT181
MAT182,M16 HEXAGONAL BOLT 80MM HT STEEL,FASTENERS,EA,TVS,M16-80-HT,PLANT04,CPSE_B,M16 HEXAGONAL BOLT 80MM HT STEEL,FASTENERS,EA,TVS,M16 80 HT,PLANT04,CPSE_B,M16,80.0,,,,STEEL,HT,MAT002
MAT183,HEX NUT M16 HIGH TENSILE STEEL,FASTENERS,EA,TVS,M16-NUT-HT,PLANT05,CPSE_C,HEX NUT M16 HIGH TENSILE STEEL,FASTENERS,EA,TVS,M16 NUT HT,PLANT05,CPSE_C,M16,,,,,STEEL,,MAT183
MAT184,M16 HEX NUT HT STEEL,FASTENERS,EA,TVS,M16-NUT-HT,PLANT08,CPSE_D,M16 HEX NUT HT STEEL,FASTENERS,EA,TVS,M16 NUT HT,PLANT08,CPSE_D,M16,,,,,STEEL,HT,MAT004
MAT185,FLAT WASHER M16 MS,FASTENERS,EA,UNBRANDED,M16-WASHER,PLANT01,CPSE_A,FLAT WASHER M16 MS,FASTENERS,EA,UNBRANDED,M16 WASHER,PLANT01,CPSE_A,M16,,,,,,,MAT185
MAT186,M16 PLAIN WASHER MILD STEEL,FASTENERS,EA,UNBRANDED,M16-WASHER,PLANT04,CPSE_B,M16 PLAIN WASHER MILD STEEL,FASTENERS,EA,UNBRANDED,M16 WASHER,PLANT04,CPSE_B,M16,,,,,STEEL,,MAT186
MAT187,BEARING BALL 6205 ZZ,BEARINGS,EA,SKF,6205-ZZ,PLANT05,CPSE_C,BEARING BALL 6205 ZZ,BEARINGS,EA,SKF,6205 ZZ,PLANT05,CPSE_C,,,,,,,ZZ,MAT187
MAT188,BALL BEARING 6205 ZZ SKF,BEARINGS,EA,SKF,6205-ZZ,PLANT08,CPSE_D,BALL BEARING 6205 ZZ SKF,BEARINGS,EA,SKF,6205 ZZ,PLANT08,CPSE_D,,,,,,,ZZ,MAT188
MAT189,DEEP GROOVE BALL BEARING 6206 2RS,BEARINGS,EA,FAG,6206-2RS,PLANT01,CPSE_A,DEEP GROOVE BALL BEARING 6206 2RS,BEARINGS,EA,FAG,6206 2RS,PLANT01,CPSE_A,,,,,,,2RS,MAT189
MAT190,6206 DOUBLE SEALED BALL BEARING FAG,BEARINGS,EA,FAG,6206-2RS,PLANT04,CPSE_B,6206 DOUBLE SEALED BALL BEARING FAG,BEARINGS,EA,FAG,6206 2RS,PLANT04,CPSE_B,,,,,,,,MAT190
MAT191,INDUSTRIAL LUBRICANT ISO VG 68,LUBRICANTS,LTR,SERVO,ISO68,PLANT05,CPSE_C,INDUSTRIAL LUBRICANT ISO VG 68,LUBRICANTS,LTR,SERVO,ISO68,PLANT05,CPSE_C,,,,,,,ISO VG 68,MAT191
MAT192,HYDRAULIC OIL ISO VG 68,LUBRICANTS,LTR,SERVO,ISO68,PLANT08,CPSE_D,HYDRAULIC OIL ISO VG 68,LUBRICANTS,LTR,SERVO,ISO68,PLANT08,CPSE_D,,,,,,,ISO VG 68,MAT192
MAT193,GEAR OIL SAE 90,LUBRICANTS,LTR,CASTROL,SAE90,PLANT01,CPSE_A,GEAR OIL SAE 90,LUBRICANTS,LTR,CASTROL,SAE90,PLANT01,CPSE_A,,,,,,,SAE 90,MAT193
MAT194,INDUSTRIAL GEAR LUBRICANT SAE 90,LUBRICANTS,LTR,CASTROL,SAE90,PLANT04,CPSE_B,INDUSTRIAL GEAR LUBRICANT SAE 90,LUBRICANTS,LTR,CASTROL,SAE90,PLANT04,CPSE_B,,,,,,,SAE 90,MAT194
MAT195,POWER CABLE 4 CORE 1.1 KV XLPE,CABLES,MTR,POLYCAB,4C-1.1KV,PLANT05,CPSE_C,POWER CABLE 4 CORE 1 1 KV XLPE,CABLES,MTR,POLYCAB,4C 1 1KV,PLANT05,CPSE_C,,,1.1 KV,,4.0,XLPE,XLPE,MAT015
MAT196,4 CORE XLPE POWER CABLE 1100 VOLT,CABLES,MTR,POLYCAB,4C-1.1KV,PLANT08,CPSE_D,4 CORE XLPE POWER CABLE 1100 VOLT,CABLES,MTR,POLYCAB,4C 1 1KV,PLANT08,CPSE_D,,,1100 VOLT,,4.0,XLPE,XLPE,MAT016
MAT197,PVC INSULATED CONTROL CABLE 2.5 SQ MM,CABLES,MTR,FINOLEX,2.5SQMM,PLANT01,CPSE_A,PVC INSULATED CONTROL CABLE 2 5 SQ MM,CABLES,MTR,FINOLEX,2 5SQMM,PLANT01,CPSE_A,,,,,,PVC,,MAT197
MAT198,CONTROL CABLE PVC 2.5 MM2,CABLES,MTR,FINOLEX,2.5SQMM,PLANT04,CPSE_B,CONTROL CABLE PVC 2 5 MM2,CABLES,MTR,FINOLEX,2 5SQMM,PLANT04,CPSE_B,,,,,,PVC,,MAT198
MAT199,INDUSTRIAL SAFETY HELMET ABS,SAFETY,EA,KARAM,HELMET-ABS,PLANT05,CPSE_C,INDUSTRIAL SAFETY HELMET ABS,SAFETY,EA,KARAM,HELMET ABS,PLANT05,CPSE_C,,,,,,ABS,,MAT199
MAT200,ABS HARD HAT INDUSTRIAL SAFETY,SAFETY,EA,KARAM,HELMET-ABS,PLANT08,CPSE_D,ABS HARD HAT INDUSTRIAL SAFETY,SAFETY,EA,KARAM,HELMET ABS,PLANT08,CPSE_D,,,,,,ABS,,MAT200
MAT201,HEX BOLT M16 X 80 MM HIGH TENSILE STEEL,FASTENERS,EA,TVS,M16-80-HT,PLANT01,CPSE_A,HEX BOLT M16 X 80 MM HIGH TENSILE STEEL,FASTENERS,EA,TVS,M16 80 HT,PLANT01,CPSE_A,M16,80.0,,,,STEEL,,MAT201
MAT202,M16 HEXAGONAL BOLT 80MM HT STEEL,FASTENERS,EA,TVS,M16-80-HT,PLANT04,CPSE_B,M16 HEXAGONAL BOLT 80MM HT STEEL,FASTENERS,EA,TVS,M16 80 HT,PLANT04,CPSE_B,M16,80.0,,,,STEEL,HT,MAT002
MAT203,HEX NUT M16 HIGH TENSILE STEEL,FASTENERS,EA,TVS,M16-NUT-HT,PLANT05,CPSE_C,HEX NUT M16 HIGH TENSILE STEEL,FASTENERS,EA,TVS,M16 NUT HT,PLANT05,CPSE_C,M16,,,,,STEEL,,MAT203
MAT204,M16 HEX NUT HT STEEL,FASTENERS,EA,TVS,M16-NUT-HT,PLANT08,CPSE_D,M16 HEX NUT HT STEEL,FASTENERS,EA,TVS,M16 NUT HT,PLANT08,CPSE_D,M16,,,,,STEEL,HT,MAT004
MAT205,FLAT WASHER M16 MS,FASTENERS,EA,UNBRANDED,M16-WASHER,PLANT01,CPSE_A,FLAT WASHER M16 MS,FASTENERS,EA,UNBRANDED,M16 WASHER,PLANT01,CPSE_A,M16,,,,,,,MAT205
MAT206,M16 PLAIN WASHER MILD STEEL,FASTENERS,EA,UNBRANDED,M16-WASHER,PLANT04,CPSE_B,M16 PLAIN WASHER MILD STEEL,FASTENERS,EA,UNBRANDED,M16 WASHER,PLANT04,CPSE_B,M16,,,,,STEEL,,MAT206
MAT207,BEARING BALL 6205 ZZ,BEARINGS,EA,SKF,6205-ZZ,PLANT05,CPSE_C,BEARING BALL 6205 ZZ,BEARINGS,EA,SKF,6205 ZZ,PLANT05,CPSE_C,,,,,,,ZZ,MAT207
MAT208,BALL BEARING 6205 ZZ SKF,BEARINGS,EA,SKF,6205-ZZ,PLANT08,CPSE_D,BALL BEARING 6205 ZZ SKF,BEARINGS,EA,SKF,6205 ZZ,PLANT08,CPSE_D,,,,,,,ZZ,MAT208
MAT209,DEEP GROOVE BALL BEARING 6206 2RS,BEARINGS,EA,FAG,6206-2RS,PLANT01,CPSE_A,DEEP GROOVE BALL BEARING 6206 2RS,BEARINGS,EA,FAG,6206 2RS,PLANT01,CPSE_A,,,,,,,2RS,MAT209
MAT210,6206 DOUBLE SEALED BALL BEARING FAG,BEARINGS,EA,FAG,6206-2RS,PLANT04,CPSE_B,6206 DOUBLE SEALED BALL BEARING FAG,BEARINGS,EA,FAG,6206 2RS,PLANT04,CPSE_B,,,,,,,,MAT210
MAT211,INDUSTRIAL LUBRICANT ISO VG 68,LUBRICANTS,LTR,SERVO,ISO68,PLANT05,CPSE_C,INDUSTRIAL LUBRICANT ISO VG 68,LUBRICANTS,LTR,SERVO,ISO68,PLANT05,CPSE_C,,,,,,,ISO VG 68,MAT211
MAT212,HYDRAULIC OIL ISO VG 68,LUBRICANTS,LTR,SERVO,ISO68,PLANT08,CPSE_D,HYDRAULIC OIL ISO VG 68,LUBRICANTS,LTR,SERVO,ISO68,PLANT08,CPSE_D,,,,,,,ISO VG 68,MAT212
MAT213,GEAR OIL SAE 90,LUBRICANTS,LTR,CASTROL,SAE90,PLANT01,CPSE_A,GEAR OIL SAE 90,LUBRICANTS,LTR,CASTROL,SAE90,PLANT01,CPSE_A,,,,,,,SAE 90,MAT213
MAT214,INDUSTRIAL GEAR LUBRICANT SAE 90,LUBRICANTS,LTR,CASTROL,SAE90,PLANT04,CPSE_B,INDUSTRIAL GEAR LUBRICANT SAE 90,LUBRICANTS,LTR,CASTROL,SAE90,PLANT04,CPSE_B,,,,,,,SAE 90,MAT214
MAT215,POWER CABLE 4 CORE 1.1 KV XLPE,CABLES,MTR,POLYCAB,4C-1.1KV,PLANT05,CPSE_C,POWER CABLE 4 CORE 1 1 KV XLPE,CABLES,MTR,POLYCAB,4C 1 1KV,PLANT05,CPSE_C,,,1.1 KV,,4.0,XLPE,XLPE,MAT015
MAT216,4 CORE XLPE POWER CABLE 1100 VOLT,CABLES,MTR,POLYCAB,4C-1.1KV,PLANT08,CPSE_D,4 CORE XLPE POWER CABLE 1100 VOLT,CABLES,MTR,POLYCAB,4C 1 1KV,PLANT08,CPSE_D,,,1100 VOLT,,4.0,XLPE,XLPE,MAT016
MAT217,PVC INSULATED CONTROL CABLE 2.5 SQ MM,CABLES,MTR,FINOLEX,2.5SQMM,PLANT01,CPSE_A,PVC INSULATED CONTROL CABLE 2 5 SQ MM,CABLES,MTR,FINOLEX,2 5SQMM,PLANT01,CPSE_A,,,,,,PVC,,MAT217
MAT218,CONTROL CABLE PVC 2.5 MM2,CABLES,MTR,FINOLEX,2.5SQMM,PLANT04,CPSE_B,CONTROL CABLE PVC 2 5 MM2,CABLES,MTR,FINOLEX,2 5SQMM,PLANT04,CPSE_B,,,,,,PVC,,MAT218
MAT219,INDUSTRIAL SAFETY HELMET ABS,SAFETY,EA,KARAM,HELMET-ABS,PLANT05,CPSE_C,INDUSTRIAL SAFETY HELMET ABS,SAFETY,EA,KARAM,HELMET ABS,PLANT05,CPSE_C,,,,,,ABS,,MAT219
MAT220,ABS HARD HAT INDUSTRIAL SAFETY,SAFETY,EA,KARAM,HELMET-ABS,PLANT08,CPSE_D,ABS HARD HAT INDUSTRIAL SAFETY,SAFETY,EA,KARAM,HELMET ABS,PLANT08,CPSE_D,,,,,,ABS,,MAT220
MAT221,HEX BOLT M16 X 80 MM HIGH TENSILE STEEL,FASTENERS,EA,TVS,M16-80-HT,PLANT01,CPSE_A,HEX BOLT M16 X 80 MM HIGH TENSILE STEEL,FASTENERS,EA,TVS,M16 80 HT,PLANT01,CPSE_A,M16,80.0,,,,STEEL,,MAT221
MAT222,M16 HEXAGONAL BOLT 80MM HT STEEL,FASTENERS,EA,TVS,M16-80-HT,PLANT04,CPSE_B,M16 HEXAGONAL BOLT 80MM HT STEEL,FASTENERS,EA,TVS,M16 80 HT,PLANT04,CPSE_B,M16,80.0,,,,STEEL,HT,MAT002
MAT223,HEX NUT M16 HIGH TENSILE STEEL,FASTENERS,EA,TVS,M16-NUT-HT,PLANT05,CPSE_C,HEX NUT M16 HIGH TENSILE STEEL,FASTENERS,EA,TVS,M16 NUT HT,PLANT05,CPSE_C,M16,,,,,STEEL,,MAT223
MAT224,M16 HEX NUT HT STEEL,FASTENERS,EA,TVS,M16-NUT-HT,PLANT08,CPSE_D,M16 HEX NUT HT STEEL,FASTENERS,EA,TVS,M16 NUT HT,PLANT08,CPSE_D,M16,,,,,STEEL,HT,MAT004
MAT225,FLAT WASHER M16 MS,FASTENERS,EA,UNBRANDED,M16-WASHER,PLANT01,CPSE_A,FLAT WASHER M16 MS,FASTENERS,EA,UNBRANDED,M16 WASHER,PLANT01,CPSE_A,M16,,,,,,,MAT225
MAT226,M16 PLAIN WASHER MILD STEEL,FASTENERS,EA,UNBRANDED,M16-WASHER,PLANT04,CPSE_B,M16 PLAIN WASHER MILD STEEL,FASTENERS,EA,UNBRANDED,M16 WASHER,PLANT04,CPSE_B,M16,,,,,STEEL,,MAT226
MAT227,BEARING BALL 6205 ZZ,BEARINGS,EA,SKF,6205-ZZ,PLANT05,CPSE_C,BEARING BALL 6205 ZZ,BEARINGS,EA,SKF,6205 ZZ,PLANT05,CPSE_C,,,,,,,ZZ,MAT227
MAT228,BALL BEARING 6205 ZZ SKF,BEARINGS,EA,SKF,6205-ZZ,PLANT08,CPSE_D,BALL BEARING 6205 ZZ SKF,BEARINGS,EA,SKF,6205 ZZ,PLANT08,CPSE_D,,,,,,,ZZ,MAT228
MAT229,DEEP GROOVE BALL BEARING 6206 2RS,BEARINGS,EA,FAG,6206-2RS,PLANT01,CPSE_A,DEEP GROOVE BALL BEARING 6206 2RS,BEARINGS,EA,FAG,6206 2RS,PLANT01,CPSE_A,,,,,,,2RS,MAT229
MAT230,6206 DOUBLE SEALED BALL BEARING FAG,BEARINGS,EA,FAG,6206-2RS,PLANT04,CPSE_B,6206 DOUBLE SEALED BALL BEARING FAG,BEARINGS,EA,FAG,6206 2RS,PLANT04,CPSE_B,,,,,,,,MAT230
MAT231,INDUSTRIAL LUBRICANT ISO VG 68,LUBRICANTS,LTR,SERVO,ISO68,PLANT05,CPSE_C,INDUSTRIAL LUBRICANT ISO VG 68,LUBRICANTS,LTR,SERVO,ISO68,PLANT05,CPSE_C,,,,,,,ISO VG 68,MAT231
MAT232,HYDRAULIC OIL ISO VG 68,LUBRICANTS,LTR,SERVO,ISO68,PLANT08,CPSE_D,HYDRAULIC OIL ISO VG 68,LUBRICANTS,LTR,SERVO,ISO68,PLANT08,CPSE_D,,,,,,,ISO VG 68,MAT232
MAT233,GEAR OIL SAE 90,LUBRICANTS,LTR,CASTROL,SAE90,PLANT01,CPSE_A,GEAR OIL SAE 90,LUBRICANTS,LTR,CASTROL,SAE90,PLANT01,CPSE_A,,,,,,,SAE 90,MAT233
MAT234,INDUSTRIAL GEAR LUBRICANT SAE 90,LUBRICANTS,LTR,CASTROL,SAE90,PLANT04,CPSE_B,INDUSTRIAL GEAR LUBRICANT SAE 90,LUBRICANTS,LTR,CASTROL,SAE90,PLANT04,CPSE_B,,,,,,,SAE 90,MAT234
MAT235,POWER CABLE 4 CORE 1.1 KV XLPE,CABLES,MTR,POLYCAB,4C-1.1KV,PLANT05,CPSE_C,POWER CABLE 4 CORE 1 1 KV XLPE,CABLES,MTR,POLYCAB,4C 1 1KV,PLANT05,CPSE_C,,,1.1 KV,,4.0,XLPE,XLPE,MAT015
MAT236,4 CORE XLPE POWER CABLE 1100 VOLT,CABLES,MTR,POLYCAB,4C-1.1KV,PLANT08,CPSE_D,4 CORE XLPE POWER CABLE 1100 VOLT,CABLES,MTR,POLYCAB,4C 1 1KV,PLANT08,CPSE_D,,,1100 VOLT,,4.0,XLPE,XLPE,MAT016
MAT237,PVC INSULATED CONTROL CABLE 2.5 SQ MM,CABLES,MTR,FINOLEX,2.5SQMM,PLANT01,CPSE_A,PVC INSULATED CONTROL CABLE 2 5 SQ MM,CABLES,MTR,FINOLEX,2 5SQMM,PLANT01,CPSE_A,,,,,,PVC,,MAT237
MAT238,CONTROL CABLE PVC 2.5 MM2,CABLES,MTR,FINOLEX,2.5SQMM,PLANT04,CPSE_B,CONTROL CABLE PVC 2 5 MM2,CABLES,MTR,FINOLEX,2 5SQMM,PLANT04,CPSE_B,,,,,,PVC,,MAT238
MAT239,INDUSTRIAL SAFETY HELMET ABS,SAFETY,EA,KARAM,HELMET-ABS,PLANT05,CPSE_C,INDUSTRIAL SAFETY HELMET ABS,SAFETY,EA,KARAM,HELMET ABS,PLANT05,CPSE_C,,,,,,ABS,,MAT239
MAT240,ABS HARD HAT INDUSTRIAL SAFETY,SAFETY,EA,KARAM,HELMET-ABS,PLANT08,CPSE_D,ABS HARD HAT INDUSTRIAL SAFETY,SAFETY,EA,KARAM,HELMET ABS,PLANT08,CPSE_D,,,,,,ABS,,MAT240
MAT241,HEX BOLT M16 X 80 MM HIGH TENSILE STEEL,FASTENERS,EA,TVS,M16-80-HT,PLANT01,CPSE_A,HEX BOLT M16 X 80 MM HIGH TENSILE STEEL,FASTENERS,EA,TVS,M16 80 HT,PLANT01,CPSE_A,M16,80.0,,,,STEEL,,MAT241
MAT242,M16 HEXAGONAL BOLT 80MM HT STEEL,FASTENERS,EA,TVS,M16-80-HT,PLANT04,CPSE_B,M16 HEXAGONAL BOLT 80MM HT STEEL,FASTENERS,EA,TVS,M16 80 HT,PLANT04,CPSE_B,M16,80.0,,,,STEEL,HT,MAT002
MAT243,HEX NUT M16 HIGH TENSILE STEEL,FASTENERS,EA,TVS,M16-NUT-HT,PLANT05,CPSE_C,HEX NUT M16 HIGH TENSILE STEEL,FASTENERS,EA,TVS,M16 NUT HT,PLANT05,CPSE_C,M16,,,,,STEEL,,MAT243
MAT244,M16 HEX NUT HT STEEL,FASTENERS,EA,TVS,M16-NUT-HT,PLANT08,CPSE_D,M16 HEX NUT HT STEEL,FASTENERS,EA,TVS,M16 NUT HT,PLANT08,CPSE_D,M16,,,,,STEEL,HT,MAT004
MAT245,FLAT WASHER M16 MS,FASTENERS,EA,UNBRANDED,M16-WASHER,PLANT01,CPSE_A,FLAT WASHER M16 MS,FASTENERS,EA,UNBRANDED,M16 WASHER,PLANT01,CPSE_A,M16,,,,,,,MAT245
MAT246,M16 PLAIN WASHER MILD STEEL,FASTENERS,EA,UNBRANDED,M16-WASHER,PLANT04,CPSE_B,M16 PLAIN WASHER MILD STEEL,FASTENERS,EA,UNBRANDED,M16 WASHER,PLANT04,CPSE_B,M16,,,,,STEEL,,MAT246
MAT247,BEARING BALL 6205 ZZ,BEARINGS,EA,SKF,6205-ZZ,PLANT05,CPSE_C,BEARING BALL 6205 ZZ,BEARINGS,EA,SKF,6205 ZZ,PLANT05,CPSE_C,,,,,,,ZZ,MAT247
MAT248,BALL BEARING 6205 ZZ SKF,BEARINGS,EA,SKF,6205-ZZ,PLANT08,CPSE_D,BALL BEARING 6205 ZZ SKF,BEARINGS,EA,SKF,6205 ZZ,PLANT08,CPSE_D,,,,,,,ZZ,MAT248
MAT249,DEEP GROOVE BALL BEARING 6206 2RS,BEARINGS,EA,FAG,6206-2RS,PLANT01,CPSE_A,DEEP GROOVE BALL BEARING 6206 2RS,BEARINGS,EA,FAG,6206 2RS,PLANT01,CPSE_A,,,,,,,2RS,MAT249
MAT250,6206 DOUBLE SEALED BALL BEARING FAG,BEARINGS,EA,FAG,6206-2RS,PLANT04,CPSE_B,6206 DOUBLE SEALED BALL BEARING FAG,BEARINGS,EA,FAG,6206 2RS,PLANT04,CPSE_B,,,,,,,,MAT250
MAT251,INDUSTRIAL LUBRICANT ISO VG 68,LUBRICANTS,LTR,SERVO,ISO68,PLANT05,CPSE_C,INDUSTRIAL LUBRICANT ISO VG 68,LUBRICANTS,LTR,SERVO,ISO68,PLANT05,CPSE_C,,,,,,,ISO VG 68,MAT251
MAT252,HYDRAULIC OIL ISO VG 68,LUBRICANTS,LTR,SERVO,ISO68,PLANT08,CPSE_D,HYDRAULIC OIL ISO VG 68,LUBRICANTS,LTR,SERVO,ISO68,PLANT08,CPSE_D,,,,,,,ISO VG 68,MAT252
MAT253,GEAR OIL SAE 90,LUBRICANTS,LTR,CASTROL,SAE90,PLANT01,CPSE_A,GEAR OIL SAE 90,LUBRICANTS,LTR,CASTROL,SAE90,PLANT01,CPSE_A,,,,,,,SAE 90,MAT253
MAT254,INDUSTRIAL GEAR LUBRICANT SAE 90,LUBRICANTS,LTR,CASTROL,SAE90,PLANT04,CPSE_B,INDUSTRIAL GEAR LUBRICANT SAE 90,LUBRICANTS,LTR,CASTROL,SAE90,PLANT04,CPSE_B,,,,,,,SAE 90,MAT254
MAT255,POWER CABLE 4 CORE 1.1 KV XLPE,CABLES,MTR,POLYCAB,4C-1.1KV,PLANT05,CPSE_C,POWER CABLE 4 CORE 1 1 KV XLPE,CABLES,MTR,POLYCAB,4C 1 1KV,PLANT05,CPSE_C,,,1.1 KV,,4.0,XLPE,XLPE,MAT015
MAT256,4 CORE XLPE POWER CABLE 1100 VOLT,CABLES,MTR,POLYCAB,4C-1.1KV,PLANT08,CPSE_D,4 CORE XLPE POWER CABLE 1100 VOLT,CABLES,MTR,POLYCAB,4C 1 1KV,PLANT08,CPSE_D,,,1100 VOLT,,4.0,XLPE,XLPE,MAT016
MAT257,PVC INSULATED CONTROL CABLE 2.5 SQ MM,CABLES,MTR,FINOLEX,2.5SQMM,PLANT01,CPSE_A,PVC INSULATED CONTROL CABLE 2 5 SQ MM,CABLES,MTR,FINOLEX,2 5SQMM,PLANT01,CPSE_A,,,,,,PVC,,MAT257
MAT258,CONTROL CABLE PVC 2.5 MM2,CABLES,MTR,FINOLEX,2.5SQMM,PLANT04,CPSE_B,CONTROL CABLE PVC 2 5 MM2,CABLES,MTR,FINOLEX,2 5SQMM,PLANT04,CPSE_B,,,,,,PVC,,MAT258
MAT259,INDUSTRIAL SAFETY HELMET ABS,SAFETY,EA,KARAM,HELMET-ABS,PLANT05,CPSE_C,INDUSTRIAL SAFETY HELMET ABS,SAFETY,EA,KARAM,HELMET ABS,PLANT05,CPSE_C,,,,,,ABS,,MAT259
MAT260,ABS HARD HAT INDUSTRIAL SAFETY,SAFETY,EA,KARAM,HELMET-ABS,PLANT08,CPSE_D,ABS HARD HAT INDUSTRIAL SAFETY,SAFETY,EA,KARAM,HELMET ABS,PLANT08,CPSE_D,,,,,,ABS,,MAT260
MAT261,HEX BOLT M16 X 80 MM HIGH TENSILE STEEL,FASTENERS,EA,TVS,M16-80-HT,PLANT01,CPSE_A,HEX BOLT M16 X 80 MM HIGH TENSILE STEEL,FASTENERS,EA,TVS,M16 80 HT,PLANT01,CPSE_A,M16,80.0,,,,STEEL,,MAT261
MAT262,M16 HEXAGONAL BOLT 80MM HT STEEL,FASTENERS,EA,TVS,M16-80-HT,PLANT04,CPSE_B,M16 HEXAGONAL BOLT 80MM HT STEEL,FASTENERS,EA,TVS,M16 80 HT,PLANT04,CPSE_B,M16,80.0,,,,STEEL,HT,MAT002
MAT263,HEX NUT M16 HIGH TENSILE STEEL,FASTENERS,EA,TVS,M16-NUT-HT,PLANT05,CPSE_C,HEX NUT M16 HIGH TENSILE STEEL,FASTENERS,EA,TVS,M16 NUT HT,PLANT05,CPSE_C,M16,,,,,STEEL,,MAT263
MAT264,M16 HEX NUT HT STEEL,FASTENERS,EA,TVS,M16-NUT-HT,PLANT08,CPSE_D,M16 HEX NUT HT STEEL,FASTENERS,EA,TVS,M16 NUT HT,PLANT08,CPSE_D,M16,,,,,STEEL,HT,MAT004
MAT265,FLAT WASHER M16 MS,FASTENERS,EA,UNBRANDED,M16-WASHER,PLANT01,CPSE_A,FLAT WASHER M16 MS,FASTENERS,EA,UNBRANDED,M16 WASHER,PLANT01,CPSE_A,M16,,,,,,,MAT265
MAT266,M16 PLAIN WASHER MILD STEEL,FASTENERS,EA,UNBRANDED,M16-WASHER,PLANT04,CPSE_B,M16 PLAIN WASHER MILD STEEL,FASTENERS,EA,UNBRANDED,M16 WASHER,PLANT04,CPSE_B,M16,,,,,STEEL,,MAT266
MAT267,BEARING BALL 6205 ZZ,BEARINGS,EA,SKF,6205-ZZ,PLANT05,CPSE_C,BEARING BALL 6205 ZZ,BEARINGS,EA,SKF,6205 ZZ,PLANT05,CPSE_C,,,,,,,ZZ,MAT267
MAT268,BALL BEARING 6205 ZZ SKF,BEARINGS,EA,SKF,6205-ZZ,PLANT08,CPSE_D,BALL BEARING 6205 ZZ SKF,BEARINGS,EA,SKF,6205 ZZ,PLANT08,CPSE_D,,,,,,,ZZ,MAT268
MAT269,DEEP GROOVE BALL BEARING 6206 2RS,BEARINGS,EA,FAG,6206-2RS,PLANT01,CPSE_A,DEEP GROOVE BALL BEARING 6206 2RS,BEARINGS,EA,FAG,6206 2RS,PLANT01,CPSE_A,,,,,,,2RS,MAT269
MAT270,6206 DOUBLE SEALED BALL BEARING FAG,BEARINGS,EA,FAG,6206-2RS,PLANT04,CPSE_B,6206 DOUBLE SEALED BALL BEARING FAG,BEARINGS,EA,FAG,6206 2RS,PLANT04,CPSE_B,,,,,,,,MAT270
MAT271,INDUSTRIAL LUBRICANT ISO VG 68,LUBRICANTS,LTR,SERVO,ISO68,PLANT05,CPSE_C,INDUSTRIAL LUBRICANT ISO VG 68,LUBRICANTS,LTR,SERVO,ISO68,PLANT05,CPSE_C,,,,,,,ISO VG 68,MAT271
MAT272,HYDRAULIC OIL ISO VG 68,LUBRICANTS,LTR,SERVO,ISO68,PLANT08,CPSE_D,HYDRAULIC OIL ISO VG 68,LUBRICANTS,LTR,SERVO,ISO68,PLANT08,CPSE_D,,,,,,,ISO VG 68,MAT272
MAT273,GEAR OIL SAE 90,LUBRICANTS,LTR,CASTROL,SAE90,PLANT01,CPSE_A,GEAR OIL SAE 90,LUBRICANTS,LTR,CASTROL,SAE90,PLANT01,CPSE_A,,,,,,,SAE 90,MAT273
MAT274,INDUSTRIAL GEAR LUBRICANT SAE 90,LUBRICANTS,LTR,CASTROL,SAE90,PLANT04,CPSE_B,INDUSTRIAL GEAR LUBRICANT SAE 90,LUBRICANTS,LTR,CASTROL,SAE90,PLANT04,CPSE_B,,,,,,,SAE 90,MAT274
MAT275,POWER CABLE 4 CORE 1.1 KV XLPE,CABLES,MTR,POLYCAB,4C-1.1KV,PLANT05,CPSE_C,POWER CABLE 4 CORE 1 1 KV XLPE,CABLES,MTR,POLYCAB,4C 1 1KV,PLANT05,CPSE_C,,,1.1 KV,,4.0,XLPE,XLPE,MAT015
MAT276,4 CORE XLPE POWER CABLE 1100 VOLT,CABLES,MTR,POLYCAB,4C-1.1KV,PLANT08,CPSE_D,4 CORE XLPE POWER CABLE 1100 VOLT,CABLES,MTR,POLYCAB,4C 1 1KV,PLANT08,CPSE_D,,,1100 VOLT,,4.0,XLPE,XLPE,MAT016
MAT277,PVC INSULATED CONTROL CABLE 2.5 SQ MM,CABLES,MTR,FINOLEX,2.5SQMM,PLANT01,CPSE_A,PVC INSULATED CONTROL CABLE 2 5 SQ MM,CABLES,MTR,FINOLEX,2 5SQMM,PLANT01,CPSE_A,,,,,,PVC,,MAT277
MAT278,CONTROL CABLE PVC 2.5 MM2,CABLES,MTR,FINOLEX,2.5SQMM,PLANT04,CPSE_B,CONTROL CABLE PVC 2 5 MM2,CABLES,MTR,FINOLEX,2 5SQMM,PLANT04,CPSE_B,,,,,,PVC,,MAT278
MAT279,INDUSTRIAL SAFETY HELMET ABS,SAFETY,EA,KARAM,HELMET-ABS,PLANT05,CPSE_C,INDUSTRIAL SAFETY HELMET ABS,SAFETY,EA,KARAM,HELMET ABS,PLANT05,CPSE_C,,,,,,ABS,,MAT279
MAT280,ABS HARD HAT INDUSTRIAL SAFETY,SAFETY,EA,KARAM,HELMET-ABS,PLANT08,CPSE_D,ABS HARD HAT INDUSTRIAL SAFETY,SAFETY,EA,KARAM,HELMET ABS,PLANT08,CPSE_D,,,,,,ABS,,MAT280
MAT281,HEX BOLT M16 X 80 MM HIGH TENSILE STEEL,FASTENERS,EA,TVS,M16-80-HT,PLANT01,CPSE_A,HEX BOLT M16 X 80 MM HIGH TENSILE STEEL,FASTENERS,EA,TVS,M16 80 HT,PLANT01,CPSE_A,M16,80.0,,,,STEEL,,MAT281
MAT282,M16 HEXAGONAL BOLT 80MM HT STEEL,FASTENERS,EA,TVS,M16-80-HT,PLANT04,CPSE_B,M16 HEXAGONAL BOLT 80MM HT STEEL,FASTENERS,EA,TVS,M16 80 HT,PLANT04,CPSE_B,M16,80.0,,,,STEEL,HT,MAT002
MAT283,HEX NUT M16 HIGH TENSILE STEEL,FASTENERS,EA,TVS,M16-NUT-HT,PLANT05,CPSE_C,HEX NUT M16 HIGH TENSILE STEEL,FASTENERS,EA,TVS,M16 NUT HT,PLANT05,CPSE_C,M16,,,,,STEEL,,MAT283
MAT284,M16 HEX NUT HT STEEL,FASTENERS,EA,TVS,M16-NUT-HT,PLANT08,CPSE_D,M16 HEX NUT HT STEEL,FASTENERS,EA,TVS,M16 NUT HT,PLANT08,CPSE_D,M16,,,,,STEEL,HT,MAT004
MAT285,FLAT WASHER M16 MS,FASTENERS,EA,UNBRANDED,M16-WASHER,PLANT01,CPSE_A,FLAT WASHER M16 MS,FASTENERS,EA,UNBRANDED,M16 WASHER,PLANT01,CPSE_A,M16,,,,,,,MAT285
MAT286,M16 PLAIN WASHER MILD STEEL,FASTENERS,EA,UNBRANDED,M16-WASHER,PLANT04,CPSE_B,M16 PLAIN WASHER MILD STEEL,FASTENERS,EA,UNBRANDED,M16 WASHER,PLANT04,CPSE_B,M16,,,,,STEEL,,MAT286
MAT287,BEARING BALL 6205 ZZ,BEARINGS,EA,SKF,6205-ZZ,PLANT05,CPSE_C,BEARING BALL 6205 ZZ,BEARINGS,EA,SKF,6205 ZZ,PLANT05,CPSE_C,,,,,,,ZZ,MAT287
MAT288,BALL BEARING 6205 ZZ SKF,BEARINGS,EA,SKF,6205-ZZ,PLANT08,CPSE_D,BALL BEARING 6205 ZZ SKF,BEARINGS,EA,SKF,6205 ZZ,PLANT08,CPSE_D,,,,,,,ZZ,MAT288
MAT289,DEEP GROOVE BALL BEARING 6206 2RS,BEARINGS,EA,FAG,6206-2RS,PLANT01,CPSE_A,DEEP GROOVE BALL BEARING 6206 2RS,BEARINGS,EA,FAG,6206 2RS,PLANT01,CPSE_A,,,,,,,2RS,MAT289
MAT290,6206 DOUBLE SEALED BALL BEARING FAG,BEARINGS,EA,FAG,6206-2RS,PLANT04,CPSE_B,6206 DOUBLE SEALED BALL BEARING FAG,BEARINGS,EA,FAG,6206 2RS,PLANT04,CPSE_B,,,,,,,,MAT290
MAT291,INDUSTRIAL LUBRICANT ISO VG 68,LUBRICANTS,LTR,SERVO,ISO68,PLANT05,CPSE_C,INDUSTRIAL LUBRICANT ISO VG 68,LUBRICANTS,LTR,SERVO,ISO68,PLANT05,CPSE_C,,,,,,,ISO VG 68,MAT291
MAT292,HYDRAULIC OIL ISO VG 68,LUBRICANTS,LTR,SERVO,ISO68,PLANT08,CPSE_D,HYDRAULIC OIL ISO VG 68,LUBRICANTS,LTR,SERVO,ISO68,PLANT08,CPSE_D,,,,,,,ISO VG 68,MAT292
MAT293,GEAR OIL SAE 90,LUBRICANTS,LTR,CASTROL,SAE90,PLANT01,CPSE_A,GEAR OIL SAE 90,LUBRICANTS,LTR,CASTROL,SAE90,PLANT01,CPSE_A,,,,,,,SAE 90,MAT293
MAT294,INDUSTRIAL GEAR LUBRICANT SAE 90,LUBRICANTS,LTR,CASTROL,SAE90,PLANT04,CPSE_B,INDUSTRIAL GEAR LUBRICANT SAE 90,LUBRICANTS,LTR,CASTROL,SAE90,PLANT04,CPSE_B,,,,,,,SAE 90,MAT294
MAT295,POWER CABLE 4 CORE 1.1 KV XLPE,CABLES,MTR,POLYCAB,4C-1.1KV,PLANT05,CPSE_C,POWER CABLE 4 CORE 1 1 KV XLPE,CABLES,MTR,POLYCAB,4C 1 1KV,PLANT05,CPSE_C,,,1.1 KV,,4.0,XLPE,XLPE,MAT015
MAT296,4 CORE XLPE POWER CABLE 1100 VOLT,CABLES,MTR,POLYCAB,4C-1.1KV,PLANT08,CPSE_D,4 CORE XLPE POWER CABLE 1100 VOLT,CABLES,MTR,POLYCAB,4C 1 1KV,PLANT08,CPSE_D,,,1100 VOLT,,4.0,XLPE,XLPE,MAT016
MAT297,PVC INSULATED CONTROL CABLE 2.5 SQ MM,CABLES,MTR,FINOLEX,2.5SQMM,PLANT01,CPSE_A,PVC INSULATED CONTROL CABLE 2 5 SQ MM,CABLES,MTR,FINOLEX,2 5SQMM,PLANT01,CPSE_A,,,,,,PVC,,MAT297
MAT298,CONTROL CABLE PVC 2.5 MM2,CABLES,MTR,FINOLEX,2.5SQMM,PLANT04,CPSE_B,CONTROL CABLE PVC 2 5 MM2,CABLES,MTR,FINOLEX,2 5SQMM,PLANT04,CPSE_B,,,,,,PVC,,MAT298
MAT299,INDUSTRIAL SAFETY HELMET ABS,SAFETY,EA,KARAM,HELMET-ABS,PLANT05,CPSE_C,INDUSTRIAL SAFETY HELMET ABS,SAFETY,EA,KARAM,HELMET ABS,PLANT05,CPSE_C,,,,,,ABS,,MAT299
MAT300,ABS HARD HAT INDUSTRIAL SAFETY,SAFETY,EA,KARAM,HELMET-ABS,PLANT08,CPSE_D,ABS HARD HAT INDUSTRIAL SAFETY,SAFETY,EA,KARAM,HELMET ABS,PLANT08,CPSE_D,,,,,,ABS,,MAT300
