material_id,material_description,material_group,source_cpse,plant,harmonized_material_id,mapping_status,match_score,review_required
MAT001,HEX BOLT M16 X 80 MM HIGH TENSILE STEEL,FASTENERS,CPSE_A,PLANT01,MAT001,REVIEW_REQUIRED,,True
MAT002,M16 HEXAGONAL BOLT 80MM HT STEEL,FASTENERS,CPSE_B,PLANT04,MAT002,REVIEW_REQUIRED,,True
MAT003,HEX NUT M16 HIGH TENSILE STEEL,FASTENERS,CPSE_C,PLANT05,MAT003,REVIEW_REQUIRED,,True
MAT004,M16 HEX NUT HT STEEL,FASTENERS,CPSE_D,PLANT08,MAT004,REVIEW_REQUIRED,,True
MAT005,FLAT WASHER M16 MS,FASTENERS,CPSE_A,PLANT01,MAT005,REVIEW_REQUIRED,,True
MAT006,M16 PLAIN WASHER MILD STEEL,FASTENERS,CPSE_B,PLANT04,MAT006,REVIEW_REQUIRED,,True
MAT007,BEARING BALL 6205 ZZ,BEARINGS,CPSE_C,PLANT05,MAT007,REVIEW_REQUIRED,,True
MAT008,BALL BEARING 6205 ZZ SKF,BEARINGS,CPSE_D,PLANT08,MAT008,REVIEW_REQUIRED,,True
MAT009,DEEP GROOVE BALL BEARING 6206 2RS,BEARINGS,CPSE_A,PLANT01,MAT009,REVIEW_REQUIRED,,True
MAT010,6206 DOUBLE SEALED BALL BEARING FAG,BEARINGS,CPSE_B,PLANT04,MAT010,REVIEW_REQUIRED,,True
MAT011,INDUSTRIAL LUBRICANT ISO VG 68,LUBRICANTS,CPSE_C,PLANT05,MAT011,REVIEW_REQUIRED,,True
MAT012,HYDRAULIC OIL ISO VG 68,LUBRICANTS,CPSE_D,PLANT08,MAT012,REVIEW_REQUIRED,,True
MAT013,GEAR OIL SAE 90,LUBRICANTS,CPSE_A,PLANT01,MAT013,REVIEW_REQUIRED,,True
MAT014,INDUSTRIAL GEAR LUBRICANT SAE 90,LUBRICANTS,CPSE_B,PLANT04,MAT014,REVIEW_REQUIRED,,True
MAT015,POWER CABLE 4 CORE 1.1 KV XLPE,CABLES,CPSE_C,PLANT05,MAT015,AUTO_MATCHED,,False
MAT016,4 CORE XLPE POWER CABLE 1100 VOLT,CABLES,CPSE_D,PLANT08,MAT016,AUTO_MATCHED,,False
MAT017,PVC INSULATED CONTROL CABLE 2.5 SQ MM,CABLES,CPSE_A,PLANT01,MAT017,REVIEW_REQUIRED,,True
MAT018,CONTROL CABLE PVC 2.5 MM2,CABLES,CPSE_B,PLANT04,MAT018,REVIEW_REQUIRED,,True
MAT019,INDUSTRIAL SAFETY HELMET ABS,SAFETY,CPSE_C,PLANT05,MAT019,REVIEW_REQUIRED,,True
MAT020,ABS HARD HAT INDUSTRIAL SAFETY,SAFETY,CPSE_D,PLANT08,MAT020,REVIEW_REQUIRED,,True
MAT021,HEX BOLT M16 X 80 MM HIGH TENSILE STEEL,FASTENERS,CPSE_A,PLANT01,MAT021,REVIEW_REQUIRED,,True
MAT022,M16 HEXAGONAL BOLT 80MM HT STEEL,FASTENERS,CPSE_B,PLANT04,MAT002,REVIEW_REQUIRED,,True
MAT023,HEX NUT M16 HIGH TENSILE STEEL,FASTENERS,CPSE_C,PLANT05,MAT023,REVIEW_REQUIRED,,True
MAT024,M16 HEX NUT HT STEEL,FASTENERS,CPSE_D,PLANT08,MAT004,REVIEW_REQUIRED,,True
MAT025,FLAT WASHER M16 MS,FASTENERS,CPSE_A,PLANT01,MAT025,REVIEW_REQUIRED,,True
MAT026,M16 PLAIN WASHER MILD STEEL,FASTENERS,CPSE_B,PLANT04,MAT026,REVIEW_REQUIRED,,True
MAT027,BEARING BALL 6205 ZZ,BEARINGS,CPSE_C,PLANT05,MAT027,REVIEW_REQUIRED,,True
MAT028,BALL BEARING 6205 ZZ SKF,BEARINGS,CPSE_D,PLANT08,MAT028,REVIEW_REQUIRED,,True
MAT029,DEEP GROOVE BALL BEARING 6206 2RS,BEARINGS,CPSE_A,PLANT01,MAT029,REVIEW_REQUIRED,,True
MAT030,6206 DOUBLE SEALED BALL BEARING FAG,BEARINGS,CPSE_B,PLANT04,MAT030,REVIEW_REQUIRED,,True
MAT031,INDUSTRIAL LUBRICANT ISO VG 68,LUBRICANTS,CPSE_C,PLANT05,MAT031,REVIEW_REQUIRED,,True
MAT032,HYDRAULIC OIL ISO VG 68,LUBRICANTS,CPSE_D,PLANT08,MAT032,REVIEW_REQUIRED,,True
MAT033,GEAR OIL SAE 90,LUBRICANTS,CPSE_A,PLANT01,MAT033,REVIEW_REQUIRED,,True
MAT034,INDUSTRIAL GEAR LUBRICANT SAE 90,LUBRICANTS,CPSE_B,PLANT04,MAT034,REVIEW_REQUIRED,,True
MAT035,POWER CABLE 4 CORE 1.1 KV XLPE,CABLES,CPSE_C,PLANT05,MAT015,AUTO_MATCHED,,False
MAT036,4 CORE XLPE POWER CABLE 1100 VOLT,CABLES,CPSE_D,PLANT08,MAT016,AUTO_MATCHED,,False
MAT037,PVC INSULATED CONTROL CABLE 2.5 SQ MM,CABLES,CPSE_A,PLANT01,MAT037,REVIEW_REQUIRED,,True
MAT038,CONTROL CABLE PVC 2.5 MM2,CABLES,CPSE_B,PLANT04,MAT038,REVIEW_REQUIRED,,True
MAT039,INDUSTRIAL SAFETY HELMET ABS,SAFETY,CPSE_C,PLANT05,MAT039,REVIEW_REQUIRED,,True
MAT040,ABS HARD HAT INDUSTRIAL SAFETY,SAFETY,CPSE_D,PLANT08,MAT040,REVIEW_REQUIRED,,True
MAT041,HEX BOLT M16 X 80 MM HIGH TENSILE STEEL,FASTENERS,CPSE_A,PLANT01,MAT041,REVIEW_REQUIRED,,True
MAT042,M16 HEXAGONAL BOLT 80MM HT STEEL,FASTENERS,CPSE_B,PLANT04,MAT002,REVIEW_REQUIRED,,True
MAT043,HEX NUT M16 HIGH TENSILE STEEL,FASTENERS,CPSE_C,PLANT05,MAT043,REVIEW_REQUIRED,,True
MAT044,M16 HEX NUT HT STEEL,FASTENERS,CPSE_D,PLANT08,MAT004,REVIEW_REQUIRED,,True
MAT045,FLAT WASHER M16 MS,FASTENERS,CPSE_A,PLANT01,MAT045,REVIEW_REQUIRED,,True
MAT046,M16 PLAIN WASHER MILD STEEL,FASTENERS,CPSE_B,PLANT04,MAT046,REVIEW_REQUIRED,,True
MAT047,BEARING BALL 6205 ZZ,BEARINGS,CPSE_C,PLANT05,MAT047,REVIEW_REQUIRED,,True
MAT048,BALL BEARING 6205 ZZ SKF,BEARINGS,CPSE_D,PLANT08,MAT048,REVIEW_REQUIRED,,True
MAT049,DEEP GROOVE BALL BEARING 6206 2RS,BEARINGS,CPSE_A,PLANT01,MAT049,REVIEW_REQUIRED,,True
MAT050,6206 DOUBLE SEALED BALL BEARING FAG,BEARINGS,CPSE_B,PLANT04,MAT050,REVIEW_REQUIRED,,True
MAT051,INDUSTRIAL LUBRICANT ISO VG 68,LUBRICANTS,CPSE_C,PLANT05,MAT051,REVIEW_REQUIRED,,True
MAT052,HYDRAULIC OIL ISO VG 68,LUBRICANTS,CPSE_D,PLANT08,MAT052,REVIEW_REQUIRED,,True
MAT053,GEAR OIL SAE 90,LUBRICANTS,CPSE_A,PLANT01,MAT053,REVIEW_REQUIRED,,True
MAT054,INDUSTRIAL GEAR LUBRICANT SAE 90,LUBRICANTS,CPSE_B,PLANT04,MAT054,REVIEW_REQUIRED,,True
MAT055,POWER CABLE 4 CORE 1.1 KV XLPE,CABLES,CPSE_C,PLANT05,MAT015,AUTO_MATCHED,,False
MAT056,4 CORE XLPE POWER CABLE 1100 VOLT,CABLES,CPSE_D,PLANT08,MAT016,AUTO_MATCHED,,False
MAT057,PVC INSULATED CONTROL CABLE 2.5 SQ MM,CABLES,CPSE_A,PLANT01,MAT057,REVIEW_REQUIRED,,True
MAT058,CONTROL CABLE PVC 2.5 MM2,CABLES,CPSE_B,PLANT04,MAT058,REVIEW_REQUIRED,,True
MAT059,INDUSTRIAL SAFETY HELMET ABS,SAFETY,CPSE_C,PLANT05,MAT059,REVIEW_REQUIRED,,True
MAT060,ABS HARD HAT INDUSTRIAL SAFETY,SAFETY,CPSE_D,PLANT08,MAT060,REVIEW_REQUIRED,,True
MAT061,HEX BOLT M16 X 80 MM HIGH TENSILE STEEL,FASTENERS,CPSE_A,PLANT01,MAT061,REVIEW_REQUIRED,,True
MAT062,M16 HEXAGONAL BOLT 80MM HT STEEL,FASTENERS,CPSE_B,PLANT04,MAT002,REVIEW_REQUIRED,,True
MAT063,HEX NUT M16 HIGH TENSILE STEEL,FASTENERS,CPSE_C,PLANT05,MAT063,REVIEW_REQUIRED,,True
MAT064,M16 HEX NUT HT STEEL,FASTENERS,CPSE_D,PLANT08,MAT004,REVIEW_REQUIRED,,True
MAT065,FLAT WASHER M16 MS,FASTENERS,CPSE_A,PLANT01,MAT065,REVIEW_REQUIRED,,True
MAT066,M16 PLAIN WASHER MILD STEEL,FASTENERS,CPSE_B,PLANT04,MAT066,REVIEW_REQUIRED,,True
MAT067,BEARING BALL 6205 ZZ,BEARINGS,CPSE_C,PLANT05,MAT067,REVIEW_REQUIRED,,True
MAT068,BALL BEARING 6205 ZZ SKF,BEARINGS,CPSE_D,PLANT08,MAT068,REVIEW_REQUIRED,,True
MAT069,DEEP GROOVE BALL BEARING 6206 2RS,BEARINGS,CPSE_A,PLANT01,MAT069,REVIEW_REQUIRED,,True
MAT070,6206 DOUBLE SEALED BALL BEARING FAG,BEARINGS,CPSE_B,PLANT04,MAT070,REVIEW_REQUIRED,,True
MAT071,INDUSTRIAL LUBRICANT ISO VG 68,LUBRICANTS,CPSE_C,PLANT05,MAT071,REVIEW_REQUIRED,,True
MAT072,HYDRAULIC OIL ISO VG 68,LUBRICANTS,CPSE_D,PLANT08,MAT072,REVIEW_REQUIRED,,True
MAT073,GEAR OIL SAE 90,LUBRICANTS,CPSE_A,PLANT01,MAT073,REVIEW_REQUIRED,,True
MAT074,INDUSTRIAL GEAR LUBRICANT SAE 90,LUBRICANTS,CPSE_B,PLANT04,MAT074,REVIEW_REQUIRED,,True
MAT075,POWER CABLE 4 CORE 1.1 KV XLPE,CABLES,CPSE_C,PLANT05,MAT015,AUTO_MATCHED,,False
MAT076,4 CORE XLPE POWER CABLE 1100 VOLT,CABLES,CPSE_D,PLANT08,MAT016,AUTO_MATCHED,,False
MAT077,PVC INSULATED CONTROL CABLE 2.5 SQ MM,CABLES,CPSE_A,PLANT01,MAT077,REVIEW_REQUIRED,,True
MAT078,CONTROL CABLE PVC 2.5 MM2,CABLES,CPSE_B,PLANT04,MAT078,REVIEW_REQUIRED,,True
MAT079,INDUSTRIAL SAFETY HELMET ABS,SAFETY,CPSE_C,PLANT05,MAT079,REVIEW_REQUIRED,,True
MAT080,ABS HARD HAT INDUSTRIAL SAFETY,SAFETY,CPSE_D,PLANT08,MAT080,REVIEW_REQUIRED,,True
MAT081,HEX BOLT M16 X 80 MM HIGH TENSILE STEEL,FASTENERS,CPSE_A,PLANT01,MAT081,REVIEW_REQUIRED,,True
MAT082,M16 HEXAGONAL BOLT 80MM HT STEEL,FASTENERS,CPSE_B,PLANT04,MAT002,REVIEW_REQUIRED,,True
MAT083,HEX NUT M16 HIGH TENSILE STEEL,FASTENERS,CPSE_C,PLANT05,MAT083,REVIEW_REQUIRED,,True
MAT084,M16 HEX NUT HT STEEL,FASTENERS,CPSE_D,PLANT08,MAT004,REVIEW_REQUIRED,,True
MAT085,FLAT WASHER M16 MS,FASTENERS,CPSE_A,PLANT01,MAT085,REVIEW_REQUIRED,,True
MAT086,M16 PLAIN WASHER MILD STEEL,FASTENERS,CPSE_B,PLANT04,MAT086,REVIEW_REQUIRED,,True
MAT087,BEARING BALL 6205 ZZ,BEARINGS,CPSE_C,PLANT05,MAT087,REVIEW_REQUIRED,,True
MAT088,BALL BEARING 6205 ZZ SKF,BEARINGS,CPSE_D,PLANT08,MAT088,REVIEW_REQUIRED,,True
MAT089,DEEP GROOVE BALL BEARING 6206 2RS,BEARINGS,CPSE_A,PLANT01,MAT089,REVIEW_REQUIRED,,True
MAT090,6206 DOUBLE SEALED BALL BEARING FAG,BEARINGS,CPSE_B,PLANT04,MAT090,REVIEW_REQUIRED,,True
MAT091,INDUSTRIAL LUBRICANT ISO VG 68,LUBRICANTS,CPSE_C,PLANT05,MAT091,REVIEW_REQUIRED,,True
MAT092,HYDRAULIC OIL ISO VG 68,LUBRICANTS,CPSE_D,PLANT08,MAT092,REVIEW_REQUIRED,,True
MAT093,GEAR OIL SAE 90,LUBRICANTS,CPSE_A,PLANT01,MAT093,REVIEW_REQUIRED,,True
MAT094,INDUSTRIAL GEAR LUBRICANT SAE 90,LUBRICANTS,CPSE_B,PLANT04,MAT094,REVIEW_REQUIRED,,True
MAT095,POWER CABLE 4 CORE 1.1 KV XLPE,CABLES,CPSE_C,PLANT05,MAT015,AUTO_MATCHED,,False
MAT096,4 CORE XLPE POWER CABLE 1100 VOLT,CABLES,CPSE_D,PLANT08,MAT016,AUTO_MATCHED,,False
MAT097,PVC INSULATED CONTROL CABLE 2.5 SQ MM,CABLES,CPSE_A,PLANT01,MAT097,REVIEW_REQUIRED,,True
MAT098,CONTROL CABLE PVC 2.5 MM2,CABLES,CPSE_B,PLANT04,MAT098,REVIEW_REQUIRED,,True
MAT099,INDUSTRIAL SAFETY HELMET ABS,SAFETY,CPSE_C,PLANT05,MAT099,REVIEW_REQUIRED,,True
MAT100,ABS HARD HAT INDUSTRIAL SAFETY,SAFETY,CPSE_D,PLANT08,MAT100,REVIEW_REQUIRED,,True
MAT101,HEX BOLT M16 X 80 MM HIGH TENSILE STEEL,FASTENERS,CPSE_A,PLANT01,MAT101,REVIEW_REQUIRED,,True
MAT102,M16 HEXAGONAL BOLT 80MM HT STEEL,FASTENERS,CPSE_B,PLANT04,MAT002,REVIEW_REQUIRED,,True
MAT103,HEX NUT M16 HIGH TENSILE STEEL,FASTENERS,CPSE_C,PLANT05,MAT103,REVIEW_REQUIRED,,True
MAT104,M16 HEX NUT HT STEEL,FASTENERS,CPSE_D,PLANT08,MAT004,REVIEW_REQUIRED,,True
MAT105,FLAT WASHER M16 MS,FASTENERS,CPSE_A,PLANT01,MAT105,REVIEW_REQUIRED,,True
MAT106,M16 PLAIN WASHER MILD STEEL,FASTENERS,CPSE_B,PLANT04,MAT106,REVIEW_REQUIRED,,True
MAT107,BEARING BALL 6205 ZZ,BEARINGS,CPSE_C,PLANT05,MAT107,REVIEW_REQUIRED,,True
MAT108,BALL BEARING 6205 ZZ SKF,BEARINGS,CPSE_D,PLANT08,MAT108,REVIEW_REQUIRED,,True
MAT109,DEEP GROOVE BALL BEARING 6206 2RS,BEARINGS,CPSE_A,PLANT01,MAT109,REVIEW_REQUIRED,,True
MAT110,6206 DOUBLE SEALED BALL BEARING FAG,BEARINGS,CPSE_B,PLANT04,MAT110,REVIEW_REQUIRED,,True
MAT111,INDUSTRIAL LUBRICANT ISO VG 68,LUBRICANTS,CPSE_C,PLANT05,MAT111,REVIEW_REQUIRED,,True
MAT112,HYDRAULIC OIL ISO VG 68,LUBRICANTS,CPSE_D,PLANT08,MAT112,REVIEW_REQUIRED,,True
MAT113,GEAR OIL SAE 90,LUBRICANTS,CPSE_A,PLANT01,MAT113,REVIEW_REQUIRED,,True
MAT114,INDUSTRIAL GEAR LUBRICANT SAE 90,LUBRICANTS,CPSE_B,PLANT04,MAT114,REVIEW_REQUIRED,,True
MAT115,POWER CABLE 4 CORE 1.1 KV XLPE,CABLES,CPSE_C,PLANT05,MAT015,AUTO_MATCHED,,False
MAT116,4 CORE XLPE POWER CABLE 1100 VOLT,CABLES,CPSE_D,PLANT08,MAT016,AUTO_MATCHED,,False
MAT117,PVC INSULATED CONTROL CABLE 2.5 SQ MM,CABLES,CPSE_A,PLANT01,MAT117,REVIEW_REQUIRED,,True
MAT118,CONTROL CABLE PVC 2.5 MM2,CABLES,CPSE_B,PLANT04,MAT118,REVIEW_REQUIRED,,True
MAT119,INDUSTRIAL SAFETY HELMET ABS,SAFETY,CPSE_C,PLANT05,MAT119,REVIEW_REQUIRED,,True
MAT120,ABS HARD HAT INDUSTRIAL SAFETY,SAFETY,CPSE_D,PLANT08,MAT120,REVIEW_REQUIRED,,True
MAT121,HEX BOLT M16 X 80 MM HIGH TENSILE STEEL,FASTENERS,CPSE_A,PLANT01,MAT121,REVIEW_REQUIRED,,True
MAT122,M16 HEXAGONAL BOLT 80MM HT STEEL,FASTENERS,CPSE_B,PLANT04,MAT002,REVIEW_REQUIRED,,True
MAT123,HEX NUT M16 HIGH TENSILE STEEL,FASTENERS,CPSE_C,PLANT05,MAT123,REVIEW_REQUIRED,,True
MAT124,M16 HEX NUT HT STEEL,FASTENERS,CPSE_D,PLANT08,MAT004,REVIEW_REQUIRED,,True
MAT125,FLAT WASHER M16 MS,FASTENERS,CPSE_A,PLANT01,MAT125,REVIEW_REQUIRED,,True
MAT126,M16 PLAIN WASHER MILD STEEL,FASTENERS,CPSE_B,PLANT04,MAT126,REVIEW_REQUIRED,,True
MAT127,BEARING BALL 6205 ZZ,BEARINGS,CPSE_C,PLANT05,MAT127,REVIEW_REQUIRED,,True
MAT128,BALL BEARING 6205 ZZ SKF,BEARINGS,CPSE_D,PLANT08,MAT128,REVIEW_REQUIRED,,True
MAT129,DEEP GROOVE BALL BEARING 6206 2RS,BEARINGS,CPSE_A,PLANT01,MAT129,REVIEW_REQUIRED,,True
MAT130,6206 DOUBLE SEALED BALL BEARING FAG,BEARINGS,CPSE_B,PLANT04,MAT130,REVIEW_REQUIRED,,True
MAT131,INDUSTRIAL LUBRICANT ISO VG 68,LUBRICANTS,CPSE_C,PLANT05,MAT131,REVIEW_REQUIRED,,True
MAT132,HYDRAULIC OIL ISO VG 68,LUBRICANTS,CPSE_D,PLANT08,MAT132,REVIEW_REQUIRED,,True
MAT133,GEAR OIL SAE 90,LUBRICANTS,CPSE_A,PLANT01,MAT133,REVIEW_REQUIRED,,True
MAT134,INDUSTRIAL GEAR LUBRICANT SAE 90,LUBRICANTS,CPSE_B,PLANT04,MAT134,REVIEW_REQUIRED,,True
MAT135,POWER CABLE 4 CORE 1.1 KV XLPE,CABLES,CPSE_C,PLANT05,MAT015,AUTO_MATCHED,,False
MAT136,4 CORE XLPE POWER CABLE 1100 VOLT,CABLES,CPSE_D,PLANT08,MAT016,AUTO_MATCHED,,False
MAT137,PVC INSULATED CONTROL CABLE 2.5 SQ MM,CABLES,CPSE_A,PLANT01,MAT137,REVIEW_REQUIRED,,True
MAT138,CONTROL CABLE PVC 2.5 MM2,CABLES,CPSE_B,PLANT04,MAT138,REVIEW_REQUIRED,,True
MAT139,INDUSTRIAL SAFETY HELMET ABS,SAFETY,CPSE_C,PLANT05,MAT139,REVIEW_REQUIRED,,True
MAT140,ABS HARD HAT INDUSTRIAL SAFETY,SAFETY,CPSE_D,PLANT08,MAT140,REVIEW_REQUIRED,,True
MAT141,HEX BOLT M16 X 80 MM HIGH TENSILE STEEL,FASTENERS,CPSE_A,PLANT01,MAT141,REVIEW_REQUIRED,,True
MAT142,M16 HEXAGONAL BOLT 80MM HT STEEL,FASTENERS,CPSE_B,PLANT04,MAT002,REVIEW_REQUIRED,,True
MAT143,HEX NUT M16 HIGH TENSILE STEEL,FASTENERS,CPSE_C,PLANT05,MAT143,REVIEW_REQUIRED,,True
MAT144,M16 HEX NUT HT STEEL,FASTENERS,CPSE_D,PLANT08,MAT004,REVIEW_REQUIRED,,True
MAT145,FLAT WASHER M16 MS,FASTENERS,CPSE_A,PLANT01,MAT145,REVIEW_REQUIRED,,True
MAT146,M16 PLAIN WASHER MILD STEEL,FASTENERS,CPSE_B,PLANT04,MAT146,REVIEW_REQUIRED,,True
MAT147,BEARING BALL 6205 ZZ,BEARINGS,CPSE_C,PLANT05,MAT147,REVIEW_REQUIRED,,True
MAT148,BALL BEARING 6205 ZZ SKF,BEARINGS,CPSE_D,PLANT08,MAT148,REVIEW_REQUIRED,,True
MAT149,DEEP GROOVE BALL BEARING 6206 2RS,BEARINGS,CPSE_A,PLANT01,MAT149,REVIEW_REQUIRED,,True
MAT150,6206 DOUBLE SEALED BALL BEARING FAG,BEARINGS,CPSE_B,PLANT04,MAT150,REVIEW_REQUIRED,,True
MAT151,INDUSTRIAL LUBRICANT ISO VG 68,LUBRICANTS,CPSE_C,PLANT05,MAT151,REVIEW_REQUIRED,,True
MAT152,HYDRAULIC OIL ISO VG 68,LUBRICANTS,CPSE_D,PLANT08,MAT152,REVIEW_REQUIRED,,True
MAT153,GEAR OIL SAE 90,LUBRICANTS,CPSE_A,PLANT01,MAT153,REVIEW_REQUIRED,,True
MAT154,INDUSTRIAL GEAR LUBRICANT SAE 90,LUBRICANTS,CPSE_B,PLANT04,MAT154,REVIEW_REQUIRED,,True
MAT155,POWER CABLE 4 CORE 1.1 KV XLPE,CABLES,CPSE_C,PLANT05,MAT015,AUTO_MATCHED,,False
MAT156,4 CORE XLPE POWER CABLE 1100 VOLT,CABLES,CPSE_D,PLANT08,MAT016,AUTO_MATCHED,,False
MAT157,PVC INSULATED CONTROL CABLE 2.5 SQ MM,CABLES,CPSE_A,PLANT01,MAT157,REVIEW_REQUIRED,,True
MAT158,CONTROL CABLE PVC 2.5 MM2,CABLES,CPSE_B,PLANT04,MAT158,REVIEW_REQUIRED,,True
MAT159,INDUSTRIAL SAFETY HELMET ABS,SAFETY,CPSE_C,PLANT05,MAT159,REVIEW_REQUIRED,,True
MAT160,ABS HARD HAT INDUSTRIAL SAFETY,SAFETY,CPSE_D,PLANT08,MAT160,REVIEW_REQUIRED,,True
MAT161,HEX BOLT M16 X 80 MM HIGH TENSILE STEEL,FASTENERS,CPSE_A,PLANT01,MAT161,REVIEW_REQUIRED,,True
MAT162,M16 HEXAGONAL BOLT 80MM HT STEEL,FASTENERS,CPSE_B,PLANT04,MAT002,REVIEW_REQUIRED,,True
MAT163,HEX NUT M16 HIGH TENSILE STEEL,FASTENERS,CPSE_C,PLANT05,MAT163,REVIEW_REQUIRED,,True
MAT164,M16 HEX NUT HT STEEL,FASTENERS,CPSE_D,PLANT08,MAT004,REVIEW_REQUIRED,,True
MAT165,FLAT WASHER M16 MS,FASTENERS,CPSE_A,PLANT01,MAT165,REVIEW_REQUIRED,,True
MAT166,M16 PLAIN WASHER MILD STEEL,FASTENERS,CPSE_B,PLANT04,MAT166,REVIEW_REQUIRED,,True
MAT167,BEARING BALL 6205 ZZ,BEARINGS,CPSE_C,PLANT05,MAT167,REVIEW_REQUIRED,,True
MAT168,BALL BEARING 6205 ZZ SKF,BEARINGS,CPSE_D,PLANT08,MAT168,REVIEW_REQUIRED,,True
MAT169,DEEP GROOVE BALL BEARING 6206 2RS,BEARINGS,CPSE_A,PLANT01,MAT169,REVIEW_REQUIRED,,True
MAT170,6206 DOUBLE SEALED BALL BEARING FAG,BEARINGS,CPSE_B,PLANT04,MAT170,REVIEW_REQUIRED,,True
MAT171,INDUSTRIAL LUBRICANT ISO VG 68,LUBRICANTS,CPSE_C,PLANT05,MAT171,REVIEW_REQUIRED,,True
MAT172,HYDRAULIC OIL ISO VG 68,LUBRICANTS,CPSE_D,PLANT08,MAT172,REVIEW_REQUIRED,,True
MAT173,GEAR OIL SAE 90,LUBRICANTS,CPSE_A,PLANT01,MAT173,REVIEW_REQUIRED,,True
MAT174,INDUSTRIAL GEAR LUBRICANT SAE 90,LUBRICANTS,CPSE_B,PLANT04,MAT174,REVIEW_REQUIRED,,True
MAT175,POWER CABLE 4 CORE 1.1 KV XLPE,CABLES,CPSE_C,PLANT05,MAT015,AUTO_MATCHED,,False
MAT176,4 CORE XLPE POWER CABLE 1100 VOLT,CABLES,CPSE_D,PLANT08,MAT016,AUTO_MATCHED,,False
MAT177,PVC INSULATED CONTROL CABLE 2.5 SQ MM,CABLES,CPSE_A,PLANT01,MAT177,REVIEW_REQUIRED,,True
MAT178,CONTROL CABLE PVC 2.5 MM2,CABLES,CPSE_B,PLANT04,MAT178,REVIEW_REQUIRED,,True
MAT179,INDUSTRIAL SAFETY HELMET ABS,SAFETY,CPSE_C,PLANT05,MAT179,REVIEW_REQUIRED,,True
MAT180,ABS HARD HAT INDUSTRIAL SAFETY,SAFETY,CPSE_D,PLANT08,MAT180,REVIEW_REQUIRED,,True
MAT181,HEX BOLT M16 X 80 MM HIGH TENSILE STEEL,FASTENERS,CPSE_A,PLANT01,MAT181,REVIEW_REQUIRED,,True
MAT182,M16 HEXAGONAL BOLT 80MM HT STEEL,FASTENERS,CPSE_B,PLANT04,MAT002,REVIEW_REQUIRED,,True
MAT183,HEX NUT M16 HIGH TENSILE STEEL,FASTENERS,CPSE_C,PLANT05,MAT183,REVIEW_REQUIRED,,True
MAT184,M16 HEX NUT HT STEEL,FASTENERS,CPSE_D,PLANT08,MAT004,REVIEW_REQUIRED,,True
MAT185,FLAT WASHER M16 MS,FASTENERS,CPSE_A,PLANT01,MAT185,REVIEW_REQUIRED,,True
MAT186,M16 PLAIN WASHER MILD STEEL,FASTENERS,CPSE_B,PLANT04,MAT186,REVIEW_REQUIRED,,True
MAT187,BEARING BALL 6205 ZZ,BEARINGS,CPSE_C,PLANT05,MAT187,REVIEW_REQUIRED,,True
MAT188,BALL BEARING 6205 ZZ SKF,BEARINGS,CPSE_D,PLANT08,MAT188,REVIEW_REQUIRED,,True
MAT189,DEEP GROOVE BALL BEARING 6206 2RS,BEARINGS,CPSE_A,PLANT01,MAT189,REVIEW_REQUIRED,,True
MAT190,6206 DOUBLE SEALED BALL BEARING FAG,BEARINGS,CPSE_B,PLANT04,MAT190,REVIEW_REQUIRED,,True
MAT191,INDUSTRIAL LUBRICANT ISO VG 68,LUBRICANTS,CPSE_C,PLANT05,MAT191,REVIEW_REQUIRED,,True
MAT192,HYDRAULIC OIL ISO VG 68,LUBRICANTS,CPSE_D,PLANT08,MAT192,REVIEW_REQUIRED,,True
MAT193,GEAR OIL SAE 90,LUBRICANTS,CPSE_A,PLANT01,MAT193,REVIEW_REQUIRED,,True
MAT194,INDUSTRIAL GEAR LUBRICANT SAE 90,LUBRICANTS,CPSE_B,PLANT04,MAT194,REVIEW_REQUIRED,,True
MAT195,POWER CABLE 4 CORE 1.1 KV XLPE,CABLES,CPSE_C,PLANT05,MAT015,AUTO_MATCHED,,False
MAT196,4 CORE XLPE POWER CABLE 1100 VOLT,CABLES,CPSE_D,PLANT08,MAT016,AUTO_MATCHED,,False
MAT197,PVC INSULATED CONTROL CABLE 2.5 SQ MM,CABLES,CPSE_A,PLANT01,MAT197,REVIEW_REQUIRED,,True
MAT198,CONTROL CABLE PVC 2.5 MM2,CABLES,CPSE_B,PLANT04,MAT198,REVIEW_REQUIRED,,True
MAT199,INDUSTRIAL SAFETY HELMET ABS,SAFETY,CPSE_C,PLANT05,MAT199,REVIEW_REQUIRED,,True
MAT200,ABS HARD HAT INDUSTRIAL SAFETY,SAFETY,CPSE_D,PLANT08,MAT200,REVIEW_REQUIRED,,True
MAT201,HEX BOLT M16 X 80 MM HIGH TENSILE STEEL,FASTENERS,CPSE_A,PLANT01,MAT201,REVIEW_REQUIRED,,True
MAT202,M16 HEXAGONAL BOLT 80MM HT STEEL,FASTENERS,CPSE_B,PLANT04,MAT002,REVIEW_REQUIRED,,True
MAT203,HEX NUT M16 HIGH TENSILE STEEL,FASTENERS,CPSE_C,PLANT05,MAT203,REVIEW_REQUIRED,,True
MAT204,M16 HEX NUT HT STEEL,FASTENERS,CPSE_D,PLANT08,MAT004,REVIEW_REQUIRED,,True
MAT205,FLAT WASHER M16 MS,FASTENERS,CPSE_A,PLANT01,MAT205,REVIEW_REQUIRED,,True
MAT206,M16 PLAIN WASHER MILD STEEL,FASTENERS,CPSE_B,PLANT04,MAT206,REVIEW_REQUIRED,,True
MAT207,BEARING BALL 6205 ZZ,BEARINGS,CPSE_C,PLANT05,MAT207,REVIEW_REQUIRED,,True
MAT208,BALL BEARING 6205 ZZ SKF,BEARINGS,CPSE_D,PLANT08,MAT208,REVIEW_REQUIRED,,True
MAT209,DEEP GROOVE BALL BEARING 6206 2RS,BEARINGS,CPSE_A,PLANT01,MAT209,REVIEW_REQUIRED,,True
MAT210,6206 DOUBLE SEALED BALL BEARING FAG,BEARINGS,CPSE_B,PLANT04,MAT210,REVIEW_REQUIRED,,True
MAT211,INDUSTRIAL LUBRICANT ISO VG 68,LUBRICANTS,CPSE_C,PLANT05,MAT211,REVIEW_REQUIRED,,True
MAT212,HYDRAULIC OIL ISO VG 68,LUBRICANTS,CPSE_D,PLANT08,MAT212,REVIEW_REQUIRED,,True
MAT213,GEAR OIL SAE 90,LUBRICANTS,CPSE_A,PLANT01,MAT213,REVIEW_REQUIRED,,True
MAT214,INDUSTRIAL GEAR LUBRICANT SAE 90,LUBRICANTS,CPSE_B,PLANT04,MAT214,REVIEW_REQUIRED,,True
MAT215,POWER CABLE 4 CORE 1.1 KV XLPE,CABLES,CPSE_C,PLANT05,MAT015,AUTO_MATCHED,,False
MAT216,4 CORE XLPE POWER CABLE 1100 VOLT,CABLES,CPSE_D,PLANT08,MAT016,AUTO_MATCHED,,False
MAT217,PVC INSULATED CONTROL CABLE 2.5 SQ MM,CABLES,CPSE_A,PLANT01,MAT217,REVIEW_REQUIRED,,True
MAT218,CONTROL CABLE PVC 2.5 MM2,CABLES,CPSE_B,PLANT04,MAT218,REVIEW_REQUIRED,,True
MAT219,INDUSTRIAL SAFETY HELMET ABS,SAFETY,CPSE_C,PLANT05,MAT219,REVIEW_REQUIRED,,True
MAT220,ABS HARD HAT INDUSTRIAL SAFETY,SAFETY,CPSE_D,PLANT08,MAT220,REVIEW_REQUIRED,,True
MAT221,HEX BOLT M16 X 80 MM HIGH TENSILE STEEL,FASTENERS,CPSE_A,PLANT01,MAT221,REVIEW_REQUIRED,,True
MAT222,M16 HEXAGONAL BOLT 80MM HT STEEL,FASTENERS,CPSE_B,PLANT04,MAT002,REVIEW_REQUIRED,,True
MAT223,HEX NUT M16 HIGH TENSILE STEEL,FASTENERS,CPSE_C,PLANT05,MAT223,REVIEW_REQUIRED,,True
MAT224,M16 HEX NUT HT STEEL,FASTENERS,CPSE_D,PLANT08,MAT004,REVIEW_REQUIRED,,True
MAT225,FLAT WASHER M16 MS,FASTENERS,CPSE_A,PLANT01,MAT225,REVIEW_REQUIRED,,True
MAT226,M16 PLAIN WASHER MILD STEEL,FASTENERS,CPSE_B,PLANT04,MAT226,REVIEW_REQUIRED,,True
MAT227,BEARING BALL 6205 ZZ,BEARINGS,CPSE_C,PLANT05,MAT227,REVIEW_REQUIRED,,True
MAT228,BALL BEARING 6205 ZZ SKF,BEARINGS,CPSE_D,PLANT08,MAT228,REVIEW_REQUIRED,,True
MAT229,DEEP GROOVE BALL BEARING 6206 2RS,BEARINGS,CPSE_A,PLANT01,MAT229,REVIEW_REQUIRED,,True
MAT230,6206 DOUBLE SEALED BALL BEARING FAG,BEARINGS,CPSE_B,PLANT04,MAT230,REVIEW_REQUIRED,,True
MAT231,INDUSTRIAL LUBRICANT ISO VG 68,LUBRICANTS,CPSE_C,PLANT05,MAT231,REVIEW_REQUIRED,,True
MAT232,HYDRAULIC OIL ISO VG 68,LUBRICANTS,CPSE_D,PLANT08,MAT232,REVIEW_REQUIRED,,True
MAT233,GEAR OIL SAE 90,LUBRICANTS,CPSE_A,PLANT01,MAT233,REVIEW_REQUIRED,,True
MAT234,INDUSTRIAL GEAR LUBRICANT SAE 90,LUBRICANTS,CPSE_B,PLANT04,MAT234,REVIEW_REQUIRED,,True
MAT235,POWER CABLE 4 CORE 1.1 KV XLPE,CABLES,CPSE_C,PLANT05,MAT015,AUTO_MATCHED,,False
MAT236,4 CORE XLPE POWER CABLE 1100 VOLT,CABLES,CPSE_D,PLANT08,MAT016,AUTO_MATCHED,,False
MAT237,PVC INSULATED CONTROL CABLE 2.5 SQ MM,CABLES,CPSE_A,PLANT01,MAT237,REVIEW_REQUIRED,,True
MAT238,CONTROL CABLE PVC 2.5 MM2,CABLES,CPSE_B,PLANT04,MAT238,REVIEW_REQUIRED,,True
MAT239,INDUSTRIAL SAFETY HELMET ABS,SAFETY,CPSE_C,PLANT05,MAT239,REVIEW_REQUIRED,,True
MAT240,ABS HARD HAT INDUSTRIAL SAFETY,SAFETY,CPSE_D,PLANT08,MAT240,REVIEW_REQUIRED,,True
MAT241,HEX BOLT M16 X 80 MM HIGH TENSILE STEEL,FASTENERS,CPSE_A,PLANT01,MAT241,REVIEW_REQUIRED,,True
MAT242,M16 HEXAGONAL BOLT 80MM HT STEEL,FASTENERS,CPSE_B,PLANT04,MAT002,REVIEW_REQUIRED,,True
MAT243,HEX NUT M16 HIGH TENSILE STEEL,FASTENERS,CPSE_C,PLANT05,MAT243,REVIEW_REQUIRED,,True
MAT244,M16 HEX NUT HT STEEL,FASTENERS,CPSE_D,PLANT08,MAT004,REVIEW_REQUIRED,,True
MAT245,FLAT WASHER M16 MS,FASTENERS,CPSE_A,PLANT01,MAT245,REVIEW_REQUIRED,,True
MAT246,M16 PLAIN WASHER MILD STEEL,FASTENERS,CPSE_B,PLANT04,MAT246,REVIEW_REQUIRED,,True
MAT247,BEARING BALL 6205 ZZ,BEARINGS,CPSE_C,PLANT05,MAT247,REVIEW_REQUIRED,,True
MAT248,BALL BEARING 6205 ZZ SKF,BEARINGS,CPSE_D,PLANT08,MAT248,REVIEW_REQUIRED,,True
MAT249,DEEP GROOVE BALL BEARING 6206 2RS,BEARINGS,CPSE_A,PLANT01,MAT249,REVIEW_REQUIRED,,True
MAT250,6206 DOUBLE SEALED BALL BEARING FAG,BEARINGS,CPSE_B,PLANT04,MAT250,REVIEW_REQUIRED,,True
MAT251,INDUSTRIAL LUBRICANT ISO VG 68,LUBRICANTS,CPSE_C,PLANT05,MAT251,REVIEW_REQUIRED,,True
MAT252,HYDRAULIC OIL ISO VG 68,LUBRICANTS,CPSE_D,PLANT08,MAT252,REVIEW_REQUIRED,,True
MAT253,GEAR OIL SAE 90,LUBRICANTS,CPSE_A,PLANT01,MAT253,REVIEW_REQUIRED,,True
MAT254,INDUSTRIAL GEAR LUBRICANT SAE 90,LUBRICANTS,CPSE_B,PLANT04,MAT254,REVIEW_REQUIRED,,True
MAT255,POWER CABLE 4 CORE 1.1 KV XLPE,CABLES,CPSE_C,PLANT05,MAT015,AUTO_MATCHED,,False
MAT256,4 CORE XLPE POWER CABLE 1100 VOLT,CABLES,CPSE_D,PLANT08,MAT016,AUTO_MATCHED,,False
MAT257,PVC INSULATED CONTROL CABLE 2.5 SQ MM,CABLES,CPSE_A,PLANT01,MAT257,REVIEW_REQUIRED,,True
MAT258,CONTROL CABLE PVC 2.5 MM2,CABLES,CPSE_B,PLANT04,MAT258,REVIEW_REQUIRED,,True
MAT259,INDUSTRIAL SAFETY HELMET ABS,SAFETY,CPSE_C,PLANT05,MAT259,REVIEW_REQUIRED,,True
MAT260,ABS HARD HAT INDUSTRIAL SAFETY,SAFETY,CPSE_D,PLANT08,MAT260,REVIEW_REQUIRED,,True
MAT261,HEX BOLT M16 X 80 MM HIGH TENSILE STEEL,FASTENERS,CPSE_A,PLANT01,MAT261,REVIEW_REQUIRED,,True
MAT262,M16 HEXAGONAL BOLT 80MM HT STEEL,FASTENERS,CPSE_B,PLANT04,MAT002,REVIEW_REQUIRED,,True
MAT263,HEX NUT M16 HIGH TENSILE STEEL,FASTENERS,CPSE_C,PLANT05,MAT263,REVIEW_REQUIRED,,True
MAT264,M16 HEX NUT HT STEEL,FASTENERS,CPSE_D,PLANT08,MAT004,REVIEW_REQUIRED,,True
MAT265,FLAT WASHER M16 MS,FASTENERS,CPSE_A,PLANT01,MAT265,REVIEW_REQUIRED,,True
MAT266,M16 PLAIN WASHER MILD STEEL,FASTENERS,CPSE_B,PLANT04,MAT266,REVIEW_REQUIRED,,True
MAT267,BEARING BALL 6205 ZZ,BEARINGS,CPSE_C,PLANT05,MAT267,REVIEW_REQUIRED,,True
MAT268,BALL BEARING 6205 ZZ SKF,BEARINGS,CPSE_D,PLANT08,MAT268,REVIEW_REQUIRED,,True
MAT269,DEEP GROOVE BALL BEARING 6206 2RS,BEARINGS,CPSE_A,PLANT01,MAT269,REVIEW_REQUIRED,,True
MAT270,6206 DOUBLE SEALED BALL BEARING FAG,BEARINGS,CPSE_B,PLANT04,MAT270,REVIEW_REQUIRED,,True
MAT271,INDUSTRIAL LUBRICANT ISO VG 68,LUBRICANTS,CPSE_C,PLANT05,MAT271,REVIEW_REQUIRED,,True
MAT272,HYDRAULIC OIL ISO VG 68,LUBRICANTS,CPSE_D,PLANT08,MAT272,REVIEW_REQUIRED,,True
MAT273,GEAR OIL SAE 90,LUBRICANTS,CPSE_A,PLANT01,MAT273,REVIEW_REQUIRED,,True
MAT274,INDUSTRIAL GEAR LUBRICANT SAE 90,LUBRICANTS,CPSE_B,PLANT04,MAT274,REVIEW_REQUIRED,,True
MAT275,POWER CABLE 4 CORE 1.1 KV XLPE,CABLES,CPSE_C,PLANT05,MAT015,AUTO_MATCHED,,False
MAT276,4 CORE XLPE POWER CABLE 1100 VOLT,CABLES,CPSE_D,PLANT08,MAT016,AUTO_MATCHED,,False
MAT277,PVC INSULATED CONTROL CABLE 2.5 SQ MM,CABLES,CPSE_A,PLANT01,MAT277,REVIEW_REQUIRED,,True
MAT278,CONTROL CABLE PVC 2.5 MM2,CABLES,CPSE_B,PLANT04,MAT278,REVIEW_REQUIRED,,True
MAT279,INDUSTRIAL SAFETY HELMET ABS,SAFETY,CPSE_C,PLANT05,MAT279,REVIEW_REQUIRED,,True
MAT280,ABS HARD HAT INDUSTRIAL SAFETY,SAFETY,CPSE_D,PLANT08,MAT280,REVIEW_REQUIRED,,True
MAT281,HEX BOLT M16 X 80 MM HIGH TENSILE STEEL,FASTENERS,CPSE_A,PLANT01,MAT281,REVIEW_REQUIRED,,True
MAT282,M16 HEXAGONAL BOLT 80MM HT STEEL,FASTENERS,CPSE_B,PLANT04,MAT002,REVIEW_REQUIRED,,True
MAT283,HEX NUT M16 HIGH TENSILE STEEL,FASTENERS,CPSE_C,PLANT05,MAT283,REVIEW_REQUIRED,,True
MAT284,M16 HEX NUT HT STEEL,FASTENERS,CPSE_D,PLANT08,MAT004,REVIEW_REQUIRED,,True
MAT285,FLAT WASHER M16 MS,FASTENERS,CPSE_A,PLANT01,MAT285,REVIEW_REQUIRED,,True
MAT286,M16 PLAIN WASHER MILD STEEL,FASTENERS,CPSE_B,PLANT04,MAT286,REVIEW_REQUIRED,,True
MAT287,BEARING BALL 6205 ZZ,BEARINGS,CPSE_C,PLANT05,MAT287,REVIEW_REQUIRED,,True
MAT288,BALL BEARING 6205 ZZ SKF,BEARINGS,CPSE_D,PLANT08,MAT288,REVIEW_REQUIRED,,True
MAT289,DEEP GROOVE BALL BEARING 6206 2RS,BEARINGS,CPSE_A,PLANT01,MAT289,REVIEW_REQUIRED,,True
MAT290,6206 DOUBLE SEALED BALL BEARING FAG,BEARINGS,CPSE_B,PLANT04,MAT290,REVIEW_REQUIRED,,True
MAT291,INDUSTRIAL LUBRICANT ISO VG 68,LUBRICANTS,CPSE_C,PLANT05,MAT291,REVIEW_REQUIRED,,True
MAT292,HYDRAULIC OIL ISO VG 68,LUBRICANTS,CPSE_D,PLANT08,MAT292,REVIEW_REQUIRED,,True
MAT293,GEAR OIL SAE 90,LUBRICANTS,CPSE_A,PLANT01,MAT293,REVIEW_REQUIRED,,True
MAT294,INDUSTRIAL GEAR LUBRICANT SAE 90,LUBRICANTS,CPSE_B,PLANT04,MAT294,REVIEW_REQUIRED,,True
MAT295,POWER CABLE 4 CORE 1.1 KV XLPE,CABLES,CPSE_C,PLANT05,MAT015,AUTO_MATCHED,,False
MAT296,4 CORE XLPE POWER CABLE 1100 VOLT,CABLES,CPSE_D,PLANT08,MAT016,AUTO_MATCHED,,False
MAT297,PVC INSULATED CONTROL CABLE 2.5 SQ MM,CABLES,CPSE_A,PLANT01,MAT297,REVIEW_REQUIRED,,True
MAT298,CONTROL CABLE PVC 2.5 MM2,CABLES,CPSE_B,PLANT04,MAT298,REVIEW_REQUIRED,,True
MAT299,INDUSTRIAL SAFETY HELMET ABS,SAFETY,CPSE_C,PLANT05,MAT299,REVIEW_REQUIRED,,True
MAT300,ABS HARD HAT INDUSTRIAL SAFETY,SAFETY,CPSE_D,PLANT08,MAT300,REVIEW_REQUIRED,,True
