legacy_material_id,legacy_cpse,legacy_plant,legacy_description,standardized_description,material_classification,national_material_code,national_material_name,national_code_status,migration_batch,migration_status,review_required,review_status,review_decision,approved_national_material_code,review_reason,mapping_created_at
MAT001,CPSE_A,PLANT01,HEX BOLT M16 X 80 MM HIGH TENSILE STEEL,HEX BOLT M16 X 80 MM HIGH TENSILE STEEL,FASTENERS,IN-FST-00001,HEX BOLT M16 X 80 MM HIGH TENSILE STEEL,ACTIVE,BATCH-001,REVIEW_REQUIRED,True,PENDING,,,Material appears in review workflow,2026-09-18T09:11:19.893952+00:00
MAT002,CPSE_B,PLANT04,M16 HEXAGONAL BOLT 80MM HT STEEL,M16 HEXAGONAL BOLT 80MM HT STEEL,FASTENERS,IN-FST-00002,M16 HEXAGONAL BOLT 80MM HT STEEL,ACTIVE,BATCH-001,REVIEW_REQUIRED,True,PENDING,,,Material appears in review workflow,2026-09-18T09:11:19.893952+00:00
MAT003,CPSE_C,PLANT05,HEX NUT M16 HIGH TENSILE STEEL,HEX NUT M16 HIGH TENSILE STEEL,FASTENERS,IN-FST-00003,HEX NUT M16 HIGH TENSILE STEEL,ACTIVE,BATCH-001,REVIEW_REQUIRED,True,PENDING,,,Material appears in review workflow,2026-09-18T09:11:19.893952+00:00
MAT004,CPSE_D,PLANT08,M16 HEX NUT HT STEEL,M16 HEX NUT HT STEEL,FASTENERS,IN-FST-00004,M16 HEX NUT HT STEEL,ACTIVE,BATCH-001,REVIEW_REQUIRED,True,PENDING,,,Material appears in review workflow,2026-09-18T09:11:19.893952+00:00
MAT005,CPSE_A,PLANT01,FLAT WASHER M16 MS,FLAT WASHER M16 MS,FASTENERS,IN-FST-00005,FLAT WASHER M16 MS,ACTIVE,BATCH-001,REVIEW_REQUIRED,True,PENDING,,,Material appears in review workflow,2026-09-18T09:11:19.893952+00:00
MAT006,CPSE_B,PLANT04,M16 PLAIN WASHER MILD STEEL,M16 PLAIN WASHER MILD STEEL,FASTENERS,IN-FST-00006,M16 PLAIN WASHER MILD STEEL,ACTIVE,BATCH-001,REVIEW_REQUIRED,True,PENDING,,,Material appears in review workflow,2026-09-18T09:11:19.893952+00:00
MAT007,CPSE_C,PLANT05,BEARING BALL 6205 ZZ,BEARING BALL 6205 ZZ,BEARINGS,IN-BRG-00001,BEARING BALL 6205 ZZ,ACTIVE,BATCH-001,REVIEW_REQUIRED,True,PENDING,,,Material appears in review workflow,2026-09-18T09:11:19.893952+00:00
MAT008,CPSE_D,PLANT08,BALL BEARING 6205 ZZ SKF,BALL BEARING 6205 ZZ SKF,BEARINGS,IN-BRG-00002,BALL BEARING 6205 ZZ SKF,ACTIVE,BATCH-001,REVIEW_REQUIRED,True,PENDING,,,Material appears in review workflow,2026-09-18T09:11:19.893952+00:00
MAT009,CPSE_A,PLANT01,DEEP GROOVE BALL BEARING 6206 2RS,DEEP GROOVE BALL BEARING 6206 2RS,BEARINGS,IN-BRG-00003,DEEP GROOVE BALL BEARING 6206 2RS,ACTIVE,BATCH-001,REVIEW_REQUIRED,True,PENDING,,,Material appears in review workflow,2026-09-18T09:11:19.893952+00:00
MAT010,CPSE_B,PLANT04,6206 DOUBLE SEALED BALL BEARING FAG,6206 DOUBLE SEALED BALL BEARING FAG,BEARINGS,IN-BRG-00004,6206 DOUBLE SEALED BALL BEARING FAG,ACTIVE,BATCH-001,REVIEW_REQUIRED,True,PENDING,,,Material appears in review workflow,2026-09-18T09:11:19.893952+00:00
MAT011,CPSE_C,PLANT05,INDUSTRIAL LUBRICANT ISO VG 68,INDUSTRIAL LUBRICANT ISO VG 68,LUBRICANTS,IN-LUB-00001,INDUSTRIAL LUBRICANT ISO VG 68,ACTIVE,BATCH-001,REVIEW_REQUIRED,True,PENDING,,,Material appears in review workflow,2026-09-18T09:11:19.893952+00:00
MAT012,CPSE_D,PLANT08,HYDRAULIC OIL ISO VG 68,HYDRAULIC OIL ISO VG 68,LUBRICANTS,IN-LUB-00002,HYDRAULIC OIL ISO VG 68,ACTIVE,BATCH-001,REVIEW_REQUIRED,True,PENDING,,,Material appears in review workflow,2026-09-18T09:11:19.893952+00:00
MAT013,CPSE_A,PLANT01,GEAR OIL SAE 90,GEAR OIL SAE 90,LUBRICANTS,IN-LUB-00003,GEAR OIL SAE 90,ACTIVE,BATCH-001,REVIEW_REQUIRED,True,PENDING,,,Material appears in review workflow,2026-09-18T09:11:19.893952+00:00
MAT014,CPSE_B,PLANT04,INDUSTRIAL GEAR LUBRICANT SAE 90,INDUSTRIAL GEAR LUBRICANT SAE 90,LUBRICANTS,IN-LUB-00004,INDUSTRIAL GEAR LUBRICANT SAE 90,ACTIVE,BATCH-001,REVIEW_REQUIRED,True,PENDING,,,Material appears in review workflow,2026-09-18T09:11:19.893952+00:00
MAT015,CPSE_C,PLANT05,POWER CABLE 4 CORE 1.1 KV XLPE,POWER CABLE 4 CORE 1.1 KV XLPE,ELECTRICAL,IN-ELC-00001,POWER CABLE 4 CORE 1.1 KV XLPE,ACTIVE,BATCH-001,READY_FOR_MIGRATION,False,NOT_REQUIRED,,,,2026-09-18T09:11:19.893952+00:00
MAT016,CPSE_D,PLANT08,4 CORE XLPE POWER CABLE 1100 VOLT,4 CORE XLPE POWER CABLE 1100 VOLT,ELECTRICAL,IN-ELC-00002,4 CORE XLPE POWER CABLE 1100 VOLT,ACTIVE,BATCH-001,READY_FOR_MIGRATION,False,NOT_REQUIRED,,,,2026-09-18T09:11:19.893952+00:00
MAT017,CPSE_A,PLANT01,PVC INSULATED CONTROL CABLE 2.5 SQ MM,PVC INSULATED CONTROL CABLE 2.5 SQ MM,ELECTRICAL,IN-ELC-00003,PVC INSULATED CONTROL CABLE 2.5 SQ MM,ACTIVE,BATCH-001,REVIEW_REQUIRED,True,PENDING,,,Material appears in review workflow,2026-09-18T09:11:19.893952+00:00
MAT018,CPSE_B,PLANT04,CONTROL CABLE PVC 2.5 MM2,CONTROL CABLE PVC 2.5 MM2,ELECTRICAL,IN-ELC-00004,CONTROL CABLE PVC 2.5 MM2,ACTIVE,BATCH-001,REVIEW_REQUIRED,True,PENDING,,,Material appears in review workflow,2026-09-18T09:11:19.893952+00:00
MAT019,CPSE_C,PLANT05,INDUSTRIAL SAFETY HELMET ABS,INDUSTRIAL SAFETY HELMET ABS,SAFETY_ITEMS,IN-SFT-00001,INDUSTRIAL SAFETY HELMET ABS,ACTIVE,BATCH-001,REVIEW_REQUIRED,True,PENDING,,,Material appears in review workflow,2026-09-18T09:11:19.893952+00:00
MAT020,CPSE_D,PLANT08,ABS HARD HAT INDUSTRIAL SAFETY,ABS HARD HAT INDUSTRIAL SAFETY,SAFETY_ITEMS,IN-SFT-00002,ABS HARD HAT INDUSTRIAL SAFETY,ACTIVE,BATCH-001,REVIEW_REQUIRED,True,PENDING,,,Material appears in review workflow,2026-09-18T09:11:19.893952+00:00
MAT021,CPSE_A,PLANT01,HEX BOLT M16 X 80 MM HIGH TENSILE STEEL,HEX BOLT M16 X 80 MM HIGH TENSILE STEEL,FASTENERS,IN-FST-00007,HEX BOLT M16 X 80 MM HIGH TENSILE STEEL,ACTIVE,BATCH-001,REVIEW_REQUIRED,True,PENDING,,,Material appears in review workflow,2026-09-18T09:11:19.893952+00:00
MAT022,CPSE_B,PLANT04,M16 HEXAGONAL BOLT 80MM HT STEEL,M16 HEXAGONAL BOLT 80MM HT STEEL,FASTENERS,IN-FST-00008,M16 HEXAGONAL BOLT 80MM HT STEEL,ACTIVE,BATCH-001,REVIEW_REQUIRED,True,PENDING,,,Material appears in review workflow,2026-09-18T09:11:19.893952+00:00
MAT023,CPSE_C,PLANT05,HEX NUT M16 HIGH TENSILE STEEL,HEX NUT M16 HIGH TENSILE STEEL,FASTENERS,IN-FST-00009,HEX NUT M16 HIGH TENSILE STEEL,ACTIVE,BATCH-001,REVIEW_REQUIRED,True,PENDING,,,Material appears in review workflow,2026-09-18T09:11:19.893952+00:00
MAT024,CPSE_D,PLANT08,M16 HEX NUT HT STEEL,M16 HEX NUT HT STEEL,FASTENERS,IN-FST-00010,M16 HEX NUT HT STEEL,ACTIVE,BATCH-001,REVIEW_REQUIRED,True,PENDING,,,Material appears in review workflow,2026-09-18T09:11:19.893952+00:00
MAT025,CPSE_A,PLANT01,FLAT WASHER M16 MS,FLAT WASHER M16 MS,FASTENERS,IN-FST-00011,FLAT WASHER M16 MS,ACTIVE,BATCH-001,REVIEW_REQUIRED,True,PENDING,,,Material appears in review workflow,2026-09-18T09:11:19.893952+00:00
MAT026,CPSE_B,PLANT04,M16 PLAIN WASHER MILD STEEL,M16 PLAIN WASHER MILD STEEL,FASTENERS,IN-FST-00012,M16 PLAIN WASHER MILD STEEL,ACTIVE,BATCH-001,REVIEW_REQUIRED,True,PENDING,,,Material appears in review workflow,2026-09-18T09:11:19.893952+00:00
MAT027,CPSE_C,PLANT05,BEARING BALL 6205 ZZ,BEARING BALL 6205 ZZ,BEARINGS,IN-BRG-00005,BEARING BALL 6205 ZZ,ACTIVE,BATCH-001,REVIEW_REQUIRED,True,PENDING,,,Material appears in review workflow,2026-09-18T09:11:19.893952+00:00
MAT028,CPSE_D,PLANT08,BALL BEARING 6205 ZZ SKF,BALL BEARING 6205 ZZ SKF,BEARINGS,IN-BRG-00006,BALL BEARING 6205 ZZ SKF,ACTIVE,BATCH-001,REVIEW_REQUIRED,True,PENDING,,,Material appears in review workflow,2026-09-18T09:11:19.893952+00:00
MAT029,CPSE_A,PLANT01,DEEP GROOVE BALL BEARING 6206 2RS,DEEP GROOVE BALL BEARING 6206 2RS,BEARINGS,IN-BRG-00007,DEEP GROOVE BALL BEARING 6206 2RS,ACTIVE,BATCH-001,REVIEW_REQUIRED,True,PENDING,,,Material appears in review workflow,2026-09-18T09:11:19.893952+00:00
MAT030,CPSE_B,PLANT04,6206 DOUBLE SEALED BALL BEARING FAG,6206 DOUBLE SEALED BALL BEARING FAG,BEARINGS,IN-BRG-00008,6206 DOUBLE SEALED BALL BEARING FAG,ACTIVE,BATCH-001,REVIEW_REQUIRED,True,PENDING,,,Material appears in review workflow,2026-09-18T09:11:19.893952+00:00
MAT031,CPSE_C,PLANT05,INDUSTRIAL LUBRICANT ISO VG 68,INDUSTRIAL LUBRICANT ISO VG 68,LUBRICANTS,IN-LUB-00005,INDUSTRIAL LUBRICANT ISO VG 68,ACTIVE,BATCH-001,REVIEW_REQUIRED,True,PENDING,,,Material appears in review workflow,2026-09-18T09:11:19.893952+00:00
MAT032,CPSE_D,PLANT08,HYDRAULIC OIL ISO VG 68,HYDRAULIC OIL ISO VG 68,LUBRICANTS,IN-LUB-00006,HYDRAULIC OIL ISO VG 68,ACTIVE,BATCH-001,REVIEW_REQUIRED,True,PENDING,,,Material appears in review workflow,2026-09-18T09:11:19.893952+00:00
MAT033,CPSE_A,PLANT01,GEAR OIL SAE 90,GEAR OIL SAE 90,LUBRICANTS,IN-LUB-00007,GEAR OIL SAE 90,ACTIVE,BATCH-001,REVIEW_REQUIRED,True,PENDING,,,Material appears in review workflow,2026-09-18T09:11:19.893952+00:00
MAT034,CPSE_B,PLANT04,INDUSTRIAL GEAR LUBRICANT SAE 90,INDUSTRIAL GEAR LUBRICANT SAE 90,LUBRICANTS,IN-LUB-00008,INDUSTRIAL GEAR LUBRICANT SAE 90,ACTIVE,BATCH-001,REVIEW_REQUIRED,True,PENDING,,,Material appears in review workflow,2026-09-18T09:11:19.893952+00:00
MAT035,CPSE_C,PLANT05,POWER CABLE 4 CORE 1.1 KV XLPE,POWER CABLE 4 CORE 1.1 KV XLPE,ELECTRICAL,IN-ELC-00005,POWER CABLE 4 CORE 1.1 KV XLPE,ACTIVE,BATCH-001,READY_FOR_MIGRATION,False,NOT_REQUIRED,,,,2026-09-18T09:11:19.893952+00:00
MAT036,CPSE_D,PLANT08,4 CORE XLPE POWER CABLE 1100 VOLT,4 CORE XLPE POWER CABLE 1100 VOLT,ELECTRICAL,IN-ELC-00006,4 CORE XLPE POWER CABLE 1100 VOLT,ACTIVE,BATCH-001,READY_FOR_MIGRATION,False,NOT_REQUIRED,,,,2026-09-18T09:11:19.893952+00:00
MAT037,CPSE_A,PLANT01,PVC INSULATED CONTROL CABLE 2.5 SQ MM,PVC INSULATED CONTROL CABLE 2.5 SQ MM,ELECTRICAL,IN-ELC-00007,PVC INSULATED CONTROL CABLE 2.5 SQ MM,ACTIVE,BATCH-001,REVIEW_REQUIRED,True,PENDING,,,Material appears in review workflow,2026-09-18T09:11:19.893952+00:00
MAT038,CPSE_B,PLANT04,CONTROL CABLE PVC 2.5 MM2,CONTROL CABLE PVC 2.5 MM2,ELECTRICAL,IN-ELC-00008,CONTROL CABLE PVC 2.5 MM2,ACTIVE,BATCH-001,REVIEW_REQUIRED,True,PENDING,,,Material appears in review workflow,2026-09-18T09:11:19.893952+00:00
MAT039,CPSE_C,PLANT05,INDUSTRIAL SAFETY HELMET ABS,INDUSTRIAL SAFETY HELMET ABS,SAFETY_ITEMS,IN-SFT-00003,INDUSTRIAL SAFETY HELMET ABS,ACTIVE,BATCH-001,REVIEW_REQUIRED,True,PENDING,,,Material appears in review workflow,2026-09-18T09:11:19.893952+00:00
MAT040,CPSE_D,PLANT08,ABS HARD HAT INDUSTRIAL SAFETY,ABS HARD HAT INDUSTRIAL SAFETY,SAFETY_ITEMS,IN-SFT-00004,ABS HARD HAT INDUSTRIAL SAFETY,ACTIVE,BATCH-001,REVIEW_REQUIRED,True,PENDING,,,Material appears in review workflow,2026-09-18T09:11:19.893952+00:00
MAT041,CPSE_A,PLANT01,HEX BOLT M16 X 80 MM HIGH TENSILE STEEL,HEX BOLT M16 X 80 MM HIGH TENSILE STEEL,FASTENERS,IN-FST-00013,HEX BOLT M16 X 80 MM HIGH TENSILE STEEL,ACTIVE,BATCH-001,REVIEW_REQUIRED,True,PENDING,,,Material appears in review workflow,2026-09-18T09:11:19.893952+00:00
MAT042,CPSE_B,PLANT04,M16 HEXAGONAL BOLT 80MM HT STEEL,M16 HEXAGONAL BOLT 80MM HT STEEL,FASTENERS,IN-FST-00014,M16 HEXAGONAL BOLT 80MM HT STEEL,ACTIVE,BATCH-001,REVIEW_REQUIRED,True,PENDING,,,Material appears in review workflow,2026-09-18T09:11:19.893952+00:00
MAT043,CPSE_C,PLANT05,HEX NUT M16 HIGH TENSILE STEEL,HEX NUT M16 HIGH TENSILE STEEL,FASTENERS,IN-FST-00015,HEX NUT M16 HIGH TENSILE STEEL,ACTIVE,BATCH-001,REVIEW_REQUIRED,True,PENDING,,,Material appears in review workflow,2026-09-18T09:11:19.893952+00:00
MAT044,CPSE_D,PLANT08,M16 HEX NUT HT STEEL,M16 HEX NUT HT STEEL,FASTENERS,IN-FST-00016,M16 HEX NUT HT STEEL,ACTIVE,BATCH-001,REVIEW_REQUIRED,True,PENDING,,,Material appears in review workflow,2026-09-18T09:11:19.893952+00:00
MAT045,CPSE_A,PLANT01,FLAT WASHER M16 MS,FLAT WASHER M16 MS,FASTENERS,IN-FST-00017,FLAT WASHER M16 MS,ACTIVE,BATCH-001,REVIEW_REQUIRED,True,PENDING,,,Material appears in review workflow,2026-09-18T09:11:19.893952+00:00
MAT046,CPSE_B,PLANT04,M16 PLAIN WASHER MILD STEEL,M16 PLAIN WASHER MILD STEEL,FASTENERS,IN-FST-00018,M16 PLAIN WASHER MILD STEEL,ACTIVE,BATCH-001,REVIEW_REQUIRED,True,PENDING,,,Material appears in review workflow,2026-09-18T09:11:19.893952+00:00
MAT047,CPSE_C,PLANT05,BEARING BALL 6205 ZZ,BEARING BALL 6205 ZZ,BEARINGS,IN-BRG-00009,BEARING BALL 6205 ZZ,ACTIVE,BATCH-001,REVIEW_REQUIRED,True,PENDING,,,Material appears in review workflow,2026-09-18T09:11:19.893952+00:00
MAT048,CPSE_D,PLANT08,BALL BEARING 6205 ZZ SKF,BALL BEARING 6205 ZZ SKF,BEARINGS,IN-BRG-00010,BALL BEARING 6205 ZZ SKF,ACTIVE,BATCH-001,REVIEW_REQUIRED,True,PENDING,,,Material appears in review workflow,2026-09-18T09:11:19.893952+00:00
MAT049,CPSE_A,PLANT01,DEEP GROOVE BALL BEARING 6206 2RS,DEEP GROOVE BALL BEARING 6206 2RS,BEARINGS,IN-BRG-00011,DEEP GROOVE BALL BEARING 6206 2RS,ACTIVE,BATCH-001,REVIEW_REQUIRED,True,PENDING,,,Material appears in review workflow,2026-09-18T09:11:19.893952+00:00
MAT050,CPSE_B,PLANT04,6206 DOUBLE SEALED BALL BEARING FAG,6206 DOUBLE SEALED BALL BEARING FAG,BEARINGS,IN-BRG-00012,6206 DOUBLE SEALED BALL BEARING FAG,ACTIVE,BATCH-001,REVIEW_REQUIRED,True,PENDING,,,Material appears in review workflow,2026-09-18T09:11:19.893952+00:00
MAT051,CPSE_C,PLANT05,INDUSTRIAL LUBRICANT ISO VG 68,INDUSTRIAL LUBRICANT ISO VG 68,LUBRICANTS,IN-LUB-00009,INDUSTRIAL LUBRICANT ISO VG 68,ACTIVE,BATCH-001,REVIEW_REQUIRED,True,PENDING,,,Material appears in review workflow,2026-09-18T09:11:19.893952+00:00
MAT052,CPSE_D,PLANT08,HYDRAULIC OIL ISO VG 68,HYDRAULIC OIL ISO VG 68,LUBRICANTS,IN-LUB-00010,HYDRAULIC OIL ISO VG 68,ACTIVE,BATCH-001,REVIEW_REQUIRED,True,PENDING,,,Material appears in review workflow,2026-09-18T09:11:19.893952+00:00
MAT053,CPSE_A,PLANT01,GEAR OIL SAE 90,GEAR OIL SAE 90,LUBRICANTS,IN-LUB-00011,GEAR OIL SAE 90,ACTIVE,BATCH-001,REVIEW_REQUIRED,True,PENDING,,,Material appears in review workflow,2026-09-18T09:11:19.893952+00:00
MAT054,CPSE_B,PLANT04,INDUSTRIAL GEAR LUBRICANT SAE 90,INDUSTRIAL GEAR LUBRICANT SAE 90,LUBRICANTS,IN-LUB-00012,INDUSTRIAL GEAR LUBRICANT SAE 90,ACTIVE,BATCH-001,REVIEW_REQUIRED,True,PENDING,,,Material appears in review workflow,2026-09-18T09:11:19.893952+00:00
MAT055,CPSE_C,PLANT05,POWER CABLE 4 CORE 1.1 KV XLPE,POWER CABLE 4 CORE 1.1 KV XLPE,ELECTRICAL,IN-ELC-00009,POWER CABLE 4 CORE 1.1 KV XLPE,ACTIVE,BATCH-001,READY_FOR_MIGRATION,False,NOT_REQUIRED,,,,2026-09-18T09:11:19.893952+00:00
MAT056,CPSE_D,PLANT08,4 CORE XLPE POWER CABLE 1100 VOLT,4 CORE XLPE POWER CABLE 1100 VOLT,ELECTRICAL,IN-ELC-00010,4 CORE XLPE POWER CABLE 1100 VOLT,ACTIVE,BATCH-001,READY_FOR_MIGRATION,False,NOT_REQUIRED,,,,2026-09-18T09:11:19.893952+00:00
MAT057,CPSE_A,PLANT01,PVC INSULATED CONTROL CABLE 2.5 SQ MM,PVC INSULATED CONTROL CABLE 2.5 SQ MM,ELECTRICAL,IN-ELC-00011,PVC INSULATED CONTROL CABLE 2.5 SQ MM,ACTIVE,BATCH-001,REVIEW_REQUIRED,True,PENDING,,,Material appears in review workflow,2026-09-18T09:11:19.893952+00:00
MAT058,CPSE_B,PLANT04,CONTROL CABLE PVC 2.5 MM2,CONTROL CABLE PVC 2.5 MM2,ELECTRICAL,IN-ELC-00012,CONTROL CABLE PVC 2.5 MM2,ACTIVE,BATCH-001,REVIEW_REQUIRED,True,PENDING,,,Material appears in review workflow,2026-09-18T09:11:19.893952+00:00
MAT059,CPSE_C,PLANT05,INDUSTRIAL SAFETY HELMET ABS,INDUSTRIAL SAFETY HELMET ABS,SAFETY_ITEMS,IN-SFT-00005,INDUSTRIAL SAFETY HELMET ABS,ACTIVE,BATCH-001,REVIEW_REQUIRED,True,PENDING,,,Material appears in review workflow,2026-09-18T09:11:19.893952+00:00
MAT060,CPSE_D,PLANT08,ABS HARD HAT INDUSTRIAL SAFETY,ABS HARD HAT INDUSTRIAL SAFETY,SAFETY_ITEMS,IN-SFT-00006,ABS HARD HAT INDUSTRIAL SAFETY,ACTIVE,BATCH-001,REVIEW_REQUIRED,True,PENDING,,,Material appears in review workflow,2026-09-18T09:11:19.893952+00:00
MAT061,CPSE_A,PLANT01,HEX BOLT M16 X 80 MM HIGH TENSILE STEEL,HEX BOLT M16 X 80 MM HIGH TENSILE STEEL,FASTENERS,IN-FST-00019,HEX BOLT M16 X 80 MM HIGH TENSILE STEEL,ACTIVE,BATCH-001,REVIEW_REQUIRED,True,PENDING,,,Material appears in review workflow,2026-09-18T09:11:19.893952+00:00
MAT062,CPSE_B,PLANT04,M16 HEXAGONAL BOLT 80MM HT STEEL,M16 HEXAGONAL BOLT 80MM HT STEEL,FASTENERS,IN-FST-00020,M16 HEXAGONAL BOLT 80MM HT STEEL,ACTIVE,BATCH-001,REVIEW_REQUIRED,True,PENDING,,,Material appears in review workflow,2026-09-18T09:11:19.893952+00:00
MAT063,CPSE_C,PLANT05,HEX NUT M16 HIGH TENSILE STEEL,HEX NUT M16 HIGH TENSILE STEEL,FASTENERS,IN-FST-00021,HEX NUT M16 HIGH TENSILE STEEL,ACTIVE,BATCH-001,REVIEW_REQUIRED,True,PENDING,,,Material appears in review workflow,2026-09-18T09:11:19.893952+00:00
MAT064,CPSE_D,PLANT08,M16 HEX NUT HT STEEL,M16 HEX NUT HT STEEL,FASTENERS,IN-FST-00022,M16 HEX NUT HT STEEL,ACTIVE,BATCH-001,REVIEW_REQUIRED,True,PENDING,,,Material appears in review workflow,2026-09-18T09:11:19.893952+00:00
MAT065,CPSE_A,PLANT01,FLAT WASHER M16 MS,FLAT WASHER M16 MS,FASTENERS,IN-FST-00023,FLAT WASHER M16 MS,ACTIVE,BATCH-001,REVIEW_REQUIRED,True,PENDING,,,Material appears in review workflow,2026-09-18T09:11:19.893952+00:00
MAT066,CPSE_B,PLANT04,M16 PLAIN WASHER MILD STEEL,M16 PLAIN WASHER MILD STEEL,FASTENERS,IN-FST-00024,M16 PLAIN WASHER MILD STEEL,ACTIVE,BATCH-001,REVIEW_REQUIRED,True,PENDING,,,Material appears in review workflow,2026-09-18T09:11:19.893952+00:00
MAT067,CPSE_C,PLANT05,BEARING BALL 6205 ZZ,BEARING BALL 6205 ZZ,BEARINGS,IN-BRG-00013,BEARING BALL 6205 ZZ,ACTIVE,BATCH-001,REVIEW_REQUIRED,True,PENDING,,,Material appears in review workflow,2026-09-18T09:11:19.893952+00:00
MAT068,CPSE_D,PLANT08,BALL BEARING 6205 ZZ SKF,BALL BEARING 6205 ZZ SKF,BEARINGS,IN-BRG-00014,BALL BEARING 6205 ZZ SKF,ACTIVE,BATCH-001,REVIEW_REQUIRED,True,PENDING,,,Material appears in review workflow,2026-09-18T09:11:19.893952+00:00
MAT069,CPSE_A,PLANT01,DEEP GROOVE BALL BEARING 6206 2RS,DEEP GROOVE BALL BEARING 6206 2RS,BEARINGS,IN-BRG-00015,DEEP GROOVE BALL BEARING 6206 2RS,ACTIVE,BATCH-001,REVIEW_REQUIRED,True,PENDING,,,Material appears in review workflow,2026-09-18T09:11:19.893952+00:00
MAT070,CPSE_B,PLANT04,6206 DOUBLE SEALED BALL BEARING FAG,6206 DOUBLE SEALED BALL BEARING FAG,BEARINGS,IN-BRG-00016,6206 DOUBLE SEALED BALL BEARING FAG,ACTIVE,BATCH-001,REVIEW_REQUIRED,True,PENDING,,,Material appears in review workflow,2026-09-18T09:11:19.893952+00:00
MAT071,CPSE_C,PLANT05,INDUSTRIAL LUBRICANT ISO VG 68,INDUSTRIAL LUBRICANT ISO VG 68,LUBRICANTS,IN-LUB-00013,INDUSTRIAL LUBRICANT ISO VG 68,ACTIVE,BATCH-001,REVIEW_REQUIRED,True,PENDING,,,Material appears in review workflow,2026-09-18T09:11:19.893952+00:00
MAT072,CPSE_D,PLANT08,HYDRAULIC OIL ISO VG 68,HYDRAULIC OIL ISO VG 68,LUBRICANTS,IN-LUB-00014,HYDRAULIC OIL ISO VG 68,ACTIVE,BATCH-001,REVIEW_REQUIRED,True,PENDING,,,Material appears in review workflow,2026-09-18T09:11:19.893952+00:00
MAT073,CPSE_A,PLANT01,GEAR OIL SAE 90,GEAR OIL SAE 90,LUBRICANTS,IN-LUB-00015,GEAR OIL SAE 90,ACTIVE,BATCH-001,REVIEW_REQUIRED,True,PENDING,,,Material appears in review workflow,2026-09-18T09:11:19.893952+00:00
MAT074,CPSE_B,PLANT04,INDUSTRIAL GEAR LUBRICANT SAE 90,INDUSTRIAL GEAR LUBRICANT SAE 90,LUBRICANTS,IN-LUB-00016,INDUSTRIAL GEAR LUBRICANT SAE 90,ACTIVE,BATCH-001,REVIEW_REQUIRED,True,PENDING,,,Material appears in review workflow,2026-09-18T09:11:19.893952+00:00
MAT075,CPSE_C,PLANT05,POWER CABLE 4 CORE 1.1 KV XLPE,POWER CABLE 4 CORE 1.1 KV XLPE,ELECTRICAL,IN-ELC-00013,POWER CABLE 4 CORE 1.1 KV XLPE,ACTIVE,BATCH-001,READY_FOR_MIGRATION,False,NOT_REQUIRED,,,,2026-09-18T09:11:19.893952+00:00
MAT076,CPSE_D,PLANT08,4 CORE XLPE POWER CABLE 1100 VOLT,4 CORE XLPE POWER CABLE 1100 VOLT,ELECTRICAL,IN-ELC-00014,4 CORE XLPE POWER CABLE 1100 VOLT,ACTIVE,BATCH-001,READY_FOR_MIGRATION,False,NOT_REQUIRED,,,,2026-09-18T09:11:19.893952+00:00
MAT077,CPSE_A,PLANT01,PVC INSULATED CONTROL CABLE 2.5 SQ MM,PVC INSULATED CONTROL CABLE 2.5 SQ MM,ELECTRICAL,IN-ELC-00015,PVC INSULATED CONTROL CABLE 2.5 SQ MM,ACTIVE,BATCH-001,REVIEW_REQUIRED,True,PENDING,,,Material appears in review workflow,2026-09-18T09:11:19.893952+00:00
MAT078,CPSE_B,PLANT04,CONTROL CABLE PVC 2.5 MM2,CONTROL CABLE PVC 2.5 MM2,ELECTRICAL,IN-ELC-00016,CONTROL CABLE PVC 2.5 MM2,ACTIVE,BATCH-001,REVIEW_REQUIRED,True,PENDING,,,Material appears in review workflow,2026-09-18T09:11:19.893952+00:00
MAT079,CPSE_C,PLANT05,INDUSTRIAL SAFETY HELMET ABS,INDUSTRIAL SAFETY HELMET ABS,SAFETY_ITEMS,IN-SFT-00007,INDUSTRIAL SAFETY HELMET ABS,ACTIVE,BATCH-001,REVIEW_REQUIRED,True,PENDING,,,Material appears in review workflow,2026-09-18T09:11:19.893952+00:00
MAT080,CPSE_D,PLANT08,ABS HARD HAT INDUSTRIAL SAFETY,ABS HARD HAT INDUSTRIAL SAFETY,SAFETY_ITEMS,IN-SFT-00008,ABS HARD HAT INDUSTRIAL SAFETY,ACTIVE,BATCH-001,REVIEW_REQUIRED,True,PENDING,,,Material appears in review workflow,2026-09-18T09:11:19.893952+00:00
MAT081,CPSE_A,PLANT01,HEX BOLT M16 X 80 MM HIGH TENSILE STEEL,HEX BOLT M16 X 80 MM HIGH TENSILE STEEL,FASTENERS,IN-FST-00025,HEX BOLT M16 X 80 MM HIGH TENSILE STEEL,ACTIVE,BATCH-001,REVIEW_REQUIRED,True,PENDING,,,Material appears in review workflow,2026-09-18T09:11:19.893952+00:00
MAT082,CPSE_B,PLANT04,M16 HEXAGONAL BOLT 80MM HT STEEL,M16 HEXAGONAL BOLT 80MM HT STEEL,FASTENERS,IN-FST-00026,M16 HEXAGONAL BOLT 80MM HT STEEL,ACTIVE,BATCH-001,REVIEW_REQUIRED,True,PENDING,,,Material appears in review workflow,2026-09-18T09:11:19.893952+00:00
MAT083,CPSE_C,PLANT05,HEX NUT M16 HIGH TENSILE STEEL,HEX NUT M16 HIGH TENSILE STEEL,FASTENERS,IN-FST-00027,HEX NUT M16 HIGH TENSILE STEEL,ACTIVE,BATCH-001,REVIEW_REQUIRED,True,PENDING,,,Material appears in review workflow,2026-09-18T09:11:19.893952+00:00
MAT084,CPSE_D,PLANT08,M16 HEX NUT HT STEEL,M16 HEX NUT HT STEEL,FASTENERS,IN-FST-00028,M16 HEX NUT HT STEEL,ACTIVE,BATCH-001,REVIEW_REQUIRED,True,PENDING,,,Material appears in review workflow,2026-09-18T09:11:19.893952+00:00
MAT085,CPSE_A,PLANT01,FLAT WASHER M16 MS,FLAT WASHER M16 MS,FASTENERS,IN-FST-00029,FLAT WASHER M16 MS,ACTIVE,BATCH-001,REVIEW_REQUIRED,True,PENDING,,,Material appears in review workflow,2026-09-18T09:11:19.893952+00:00
MAT086,CPSE_B,PLANT04,M16 PLAIN WASHER MILD STEEL,M16 PLAIN WASHER MILD STEEL,FASTENERS,IN-FST-00030,M16 PLAIN WASHER MILD STEEL,ACTIVE,BATCH-001,REVIEW_REQUIRED,True,PENDING,,,Material appears in review workflow,2026-09-18T09:11:19.893952+00:00
MAT087,CPSE_C,PLANT05,BEARING BALL 6205 ZZ,BEARING BALL 6205 ZZ,BEARINGS,IN-BRG-00017,BEARING BALL 6205 ZZ,ACTIVE,BATCH-001,REVIEW_REQUIRED,True,PENDING,,,Material appears in review workflow,2026-09-18T09:11:19.893952+00:00
MAT088,CPSE_D,PLANT08,BALL BEARING 6205 ZZ SKF,BALL BEARING 6205 ZZ SKF,BEARINGS,IN-BRG-00018,BALL BEARING 6205 ZZ SKF,ACTIVE,BATCH-001,REVIEW_REQUIRED,True,PENDING,,,Material appears in review workflow,2026-09-18T09:11:19.893952+00:00
MAT089,CPSE_A,PLANT01,DEEP GROOVE BALL BEARING 6206 2RS,DEEP GROOVE BALL BEARING 6206 2RS,BEARINGS,IN-BRG-00019,DEEP GROOVE BALL BEARING 6206 2RS,ACTIVE,BATCH-001,REVIEW_REQUIRED,True,PENDING,,,Material appears in review workflow,2026-09-18T09:11:19.893952+00:00
MAT090,CPSE_B,PLANT04,6206 DOUBLE SEALED BALL BEARING FAG,6206 DOUBLE SEALED BALL BEARING FAG,BEARINGS,IN-BRG-00020,6206 DOUBLE SEALED BALL BEARING FAG,ACTIVE,BATCH-001,REVIEW_REQUIRED,True,PENDING,,,Material appears in review workflow,2026-09-18T09:11:19.893952+00:00
MAT091,CPSE_C,PLANT05,INDUSTRIAL LUBRICANT ISO VG 68,INDUSTRIAL LUBRICANT ISO VG 68,LUBRICANTS,IN-LUB-00017,INDUSTRIAL LUBRICANT ISO VG 68,ACTIVE,BATCH-001,REVIEW_REQUIRED,True,PENDING,,,Material appears in review workflow,2026-09-18T09:11:19.893952+00:00
MAT092,CPSE_D,PLANT08,HYDRAULIC OIL ISO VG 68,HYDRAULIC OIL ISO VG 68,LUBRICANTS,IN-LUB-00018,HYDRAULIC OIL ISO VG 68,ACTIVE,BATCH-001,REVIEW_REQUIRED,True,PENDING,,,Material appears in review workflow,2026-09-18T09:11:19.893952+00:00
MAT093,CPSE_A,PLANT01,GEAR OIL SAE 90,GEAR OIL SAE 90,LUBRICANTS,IN-LUB-00019,GEAR OIL SAE 90,ACTIVE,BATCH-001,REVIEW_REQUIRED,True,PENDING,,,Material appears in review workflow,2026-09-18T09:11:19.893952+00:00
MAT094,CPSE_B,PLANT04,INDUSTRIAL GEAR LUBRICANT SAE 90,INDUSTRIAL GEAR LUBRICANT SAE 90,LUBRICANTS,IN-LUB-00020,INDUSTRIAL GEAR LUBRICANT SAE 90,ACTIVE,BATCH-001,REVIEW_REQUIRED,True,PENDING,,,Material appears in review workflow,2026-09-18T09:11:19.893952+00:00
MAT095,CPSE_C,PLANT05,POWER CABLE 4 CORE 1.1 KV XLPE,POWER CABLE 4 CORE 1.1 KV XLPE,ELECTRICAL,IN-ELC-00017,POWER CABLE 4 CORE 1.1 KV XLPE,ACTIVE,BATCH-001,READY_FOR_MIGRATION,False,NOT_REQUIRED,,,,2026-09-18T09:11:19.893952+00:00
MAT096,CPSE_D,PLANT08,4 CORE XLPE POWER CABLE 1100 VOLT,4 CORE XLPE POWER CABLE 1100 VOLT,ELECTRICAL,IN-ELC-00018,4 CORE XLPE POWER CABLE 1100 VOLT,ACTIVE,BATCH-001,READY_FOR_MIGRATION,False,NOT_REQUIRED,,,,2026-09-18T09:11:19.893952+00:00
MAT097,CPSE_A,PLANT01,PVC INSULATED CONTROL CABLE 2.5 SQ MM,PVC INSULATED CONTROL CABLE 2.5 SQ MM,ELECTRICAL,IN-ELC-00019,PVC INSULATED CONTROL CABLE 2.5 SQ MM,ACTIVE,BATCH-001,REVIEW_REQUIRED,True,PENDING,,,Material appears in review workflow,2026-09-18T09:11:19.893952+00:00
MAT098,CPSE_B,PLANT04,CONTROL CABLE PVC 2.5 MM2,CONTROL CABLE PVC 2.5 MM2,ELECTRICAL,IN-ELC-00020,CONTROL CABLE PVC 2.5 MM2,ACTIVE,BATCH-001,REVIEW_REQUIRED,True,PENDING,,,Material appears in review workflow,2026-09-18T09:11:19.893952+00:00
MAT099,CPSE_C,PLANT05,INDUSTRIAL SAFETY HELMET ABS,INDUSTRIAL SAFETY HELMET ABS,SAFETY_ITEMS,IN-SFT-00009,INDUSTRIAL SAFETY HELMET ABS,ACTIVE,BATCH-001,REVIEW_REQUIRED,True,PENDING,,,Material appears in review workflow,2026-09-18T09:11:19.893952+00:00
MAT100,CPSE_D,PLANT08,ABS HARD HAT INDUSTRIAL SAFETY,ABS HARD HAT INDUSTRIAL SAFETY,SAFETY_ITEMS,IN-SFT-00010,ABS HARD HAT INDUSTRIAL SAFETY,ACTIVE,BATCH-001,REVIEW_REQUIRED,True,PENDING,,,Material appears in review workflow,2026-09-18T09:11:19.893952+00:00
MAT101,CPSE_A,PLANT01,HEX BOLT M16 X 80 MM HIGH TENSILE STEEL,HEX BOLT M16 X 80 MM HIGH TENSILE STEEL,FASTENERS,IN-FST-00031,HEX BOLT M16 X 80 MM HIGH TENSILE STEEL,ACTIVE,BATCH-001,REVIEW_REQUIRED,True,PENDING,,,Material appears in review workflow,2026-09-18T09:11:19.893952+00:00
MAT102,CPSE_B,PLANT04,M16 HEXAGONAL BOLT 80MM HT STEEL,M16 HEXAGONAL BOLT 80MM HT STEEL,FASTENERS,IN-FST-00032,M16 HEXAGONAL BOLT 80MM HT STEEL,ACTIVE,BATCH-001,REVIEW_REQUIRED,True,PENDING,,,Material appears in review workflow,2026-09-18T09:11:19.893952+00:00
MAT103,CPSE_C,PLANT05,HEX NUT M16 HIGH TENSILE STEEL,HEX NUT M16 HIGH TENSILE STEEL,FASTENERS,IN-FST-00033,HEX NUT M16 HIGH TENSILE STEEL,ACTIVE,BATCH-001,REVIEW_REQUIRED,True,PENDING,,,Material appears in review workflow,2026-09-18T09:11:19.893952+00:00
MAT104,CPSE_D,PLANT08,M16 HEX NUT HT STEEL,M16 HEX NUT HT STEEL,FASTENERS,IN-FST-00034,M16 HEX NUT HT STEEL,ACTIVE,BATCH-001,REVIEW_REQUIRED,True,PENDING,,,Material appears in review workflow,2026-09-18T09:11:19.893952+00:00
MAT105,CPSE_A,PLANT01,FLAT WASHER M16 MS,FLAT WASHER M16 MS,FASTENERS,IN-FST-00035,FLAT WASHER M16 MS,ACTIVE,BATCH-001,REVIEW_REQUIRED,True,PENDING,,,Material appears in review workflow,2026-09-18T09:11:19.893952+00:00
MAT106,CPSE_B,PLANT04,M16 PLAIN WASHER MILD STEEL,M16 PLAIN WASHER MILD STEEL,FASTENERS,IN-FST-00036,M16 PLAIN WASHER MILD STEEL,ACTIVE,BATCH-001,REVIEW_REQUIRED,True,PENDING,,,Material appears in review workflow,2026-09-18T09:11:19.893952+00:00
MAT107,CPSE_C,PLANT05,BEARING BALL 6205 ZZ,BEARING BALL 6205 ZZ,BEARINGS,IN-BRG-00021,BEARING BALL 6205 ZZ,ACTIVE,BATCH-001,REVIEW_REQUIRED,True,PENDING,,,Material appears in review workflow,2026-09-18T09:11:19.893952+00:00
MAT108,CPSE_D,PLANT08,BALL BEARING 6205 ZZ SKF,BALL BEARING 6205 ZZ SKF,BEARINGS,IN-BRG-00022,BALL BEARING 6205 ZZ SKF,ACTIVE,BATCH-001,REVIEW_REQUIRED,True,PENDING,,,Material appears in review workflow,2026-09-18T09:11:19.893952+00:00
MAT109,CPSE_A,PLANT01,DEEP GROOVE BALL BEARING 6206 2RS,DEEP GROOVE BALL BEARING 6206 2RS,BEARINGS,IN-BRG-00023,DEEP GROOVE BALL BEARING 6206 2RS,ACTIVE,BATCH-001,REVIEW_REQUIRED,True,PENDING,,,Material appears in review workflow,2026-09-18T09:11:19.893952+00:00
MAT110,CPSE_B,PLANT04,6206 DOUBLE SEALED BALL BEARING FAG,6206 DOUBLE SEALED BALL BEARING FAG,BEARINGS,IN-BRG-00024,6206 DOUBLE SEALED BALL BEARING FAG,ACTIVE,BATCH-001,REVIEW_REQUIRED,True,PENDING,,,Material appears in review workflow,2026-09-18T09:11:19.893952+00:00
MAT111,CPSE_C,PLANT05,INDUSTRIAL LUBRICANT ISO VG 68,INDUSTRIAL LUBRICANT ISO VG 68,LUBRICANTS,IN-LUB-00021,INDUSTRIAL LUBRICANT ISO VG 68,ACTIVE,BATCH-001,REVIEW_REQUIRED,True,PENDING,,,Material appears in review workflow,2026-09-18T09:11:19.893952+00:00
MAT112,CPSE_D,PLANT08,HYDRAULIC OIL ISO VG 68,HYDRAULIC OIL ISO VG 68,LUBRICANTS,IN-LUB-00022,HYDRAULIC OIL ISO VG 68,ACTIVE,BATCH-001,REVIEW_REQUIRED,True,PENDING,,,Material appears in review workflow,2026-09-18T09:11:19.893952+00:00
MAT113,CPSE_A,PLANT01,GEAR OIL SAE 90,GEAR OIL SAE 90,LUBRICANTS,IN-LUB-00023,GEAR OIL SAE 90,ACTIVE,BATCH-001,REVIEW_REQUIRED,True,PENDING,,,Material appears in review workflow,2026-09-18T09:11:19.893952+00:00
MAT114,CPSE_B,PLANT04,INDUSTRIAL GEAR LUBRICANT SAE 90,INDUSTRIAL GEAR LUBRICANT SAE 90,LUBRICANTS,IN-LUB-00024,INDUSTRIAL GEAR LUBRICANT SAE 90,ACTIVE,BATCH-001,REVIEW_REQUIRED,True,PENDING,,,Material appears in review workflow,2026-09-18T09:11:19.893952+00:00
MAT115,CPSE_C,PLANT05,POWER CABLE 4 CORE 1.1 KV XLPE,POWER CABLE 4 CORE 1.1 KV XLPE,ELECTRICAL,IN-ELC-00021,POWER CABLE 4 CORE 1.1 KV XLPE,ACTIVE,BATCH-001,READY_FOR_MIGRATION,False,NOT_REQUIRED,,,,2026-09-18T09:11:19.893952+00:00
MAT116,CPSE_D,PLANT08,4 CORE XLPE POWER CABLE 1100 VOLT,4 CORE XLPE POWER CABLE 1100 VOLT,ELECTRICAL,IN-ELC-00022,4 CORE XLPE POWER CABLE 1100 VOLT,ACTIVE,BATCH-001,READY_FOR_MIGRATION,False,NOT_REQUIRED,,,,2026-09-18T09:11:19.893952+00:00
MAT117,CPSE_A,PLANT01,PVC INSULATED CONTROL CABLE 2.5 SQ MM,PVC INSULATED CONTROL CABLE 2.5 SQ MM,ELECTRICAL,IN-ELC-00023,PVC INSULATED CONTROL CABLE 2.5 SQ MM,ACTIVE,BATCH-001,REVIEW_REQUIRED,True,PENDING,,,Material appears in review workflow,2026-09-18T09:11:19.893952+00:00
MAT118,CPSE_B,PLANT04,CONTROL CABLE PVC 2.5 MM2,CONTROL CABLE PVC 2.5 MM2,ELECTRICAL,IN-ELC-00024,CONTROL CABLE PVC 2.5 MM2,ACTIVE,BATCH-001,REVIEW_REQUIRED,True,PENDING,,,Material appears in review workflow,2026-09-18T09:11:19.893952+00:00
MAT119,CPSE_C,PLANT05,INDUSTRIAL SAFETY HELMET ABS,INDUSTRIAL SAFETY HELMET ABS,SAFETY_ITEMS,IN-SFT-00011,INDUSTRIAL SAFETY HELMET ABS,ACTIVE,BATCH-001,REVIEW_REQUIRED,True,PENDING,,,Material appears in review workflow,2026-09-18T09:11:19.893952+00:00
MAT120,CPSE_D,PLANT08,ABS HARD HAT INDUSTRIAL SAFETY,ABS HARD HAT INDUSTRIAL SAFETY,SAFETY_ITEMS,IN-SFT-00012,ABS HARD HAT INDUSTRIAL SAFETY,ACTIVE,BATCH-001,REVIEW_REQUIRED,True,PENDING,,,Material appears in review workflow,2026-09-18T09:11:19.893952+00:00
MAT121,CPSE_A,PLANT01,HEX BOLT M16 X 80 MM HIGH TENSILE STEEL,HEX BOLT M16 X 80 MM HIGH TENSILE STEEL,FASTENERS,IN-FST-00037,HEX BOLT M16 X 80 MM HIGH TENSILE STEEL,ACTIVE,BATCH-001,REVIEW_REQUIRED,True,PENDING,,,Material appears in review workflow,2026-09-18T09:11:19.893952+00:00
MAT122,CPSE_B,PLANT04,M16 HEXAGONAL BOLT 80MM HT STEEL,M16 HEXAGONAL BOLT 80MM HT STEEL,FASTENERS,IN-FST-00038,M16 HEXAGONAL BOLT 80MM HT STEEL,ACTIVE,BATCH-001,REVIEW_REQUIRED,True,PENDING,,,Material appears in review workflow,2026-09-18T09:11:19.893952+00:00
MAT123,CPSE_C,PLANT05,HEX NUT M16 HIGH TENSILE STEEL,HEX NUT M16 HIGH TENSILE STEEL,FASTENERS,IN-FST-00039,HEX NUT M16 HIGH TENSILE STEEL,ACTIVE,BATCH-001,REVIEW_REQUIRED,True,PENDING,,,Material appears in review workflow,2026-09-18T09:11:19.893952+00:00
MAT124,CPSE_D,PLANT08,M16 HEX NUT HT STEEL,M16 HEX NUT HT STEEL,FASTENERS,IN-FST-00040,M16 HEX NUT HT STEEL,ACTIVE,BATCH-001,REVIEW_REQUIRED,True,PENDING,,,Material appears in review workflow,2026-09-18T09:11:19.893952+00:00
MAT125,CPSE_A,PLANT01,FLAT WASHER M16 MS,FLAT WASHER M16 MS,FASTENERS,IN-FST-00041,FLAT WASHER M16 MS,ACTIVE,BATCH-001,REVIEW_REQUIRED,True,PENDING,,,Material appears in review workflow,2026-09-18T09:11:19.893952+00:00
MAT126,CPSE_B,PLANT04,M16 PLAIN WASHER MILD STEEL,M16 PLAIN WASHER MILD STEEL,FASTENERS,IN-FST-00042,M16 PLAIN WASHER MILD STEEL,ACTIVE,BATCH-001,REVIEW_REQUIRED,True,PENDING,,,Material appears in review workflow,2026-09-18T09:11:19.893952+00:00
MAT127,CPSE_C,PLANT05,BEARING BALL 6205 ZZ,BEARING BALL 6205 ZZ,BEARINGS,IN-BRG-00025,BEARING BALL 6205 ZZ,ACTIVE,BATCH-001,REVIEW_REQUIRED,True,PENDING,,,Material appears in review workflow,2026-09-18T09:11:19.893952+00:00
MAT128,CPSE_D,PLANT08,BALL BEARING 6205 ZZ SKF,BALL BEARING 6205 ZZ SKF,BEARINGS,IN-BRG-00026,BALL BEARING 6205 ZZ SKF,ACTIVE,BATCH-001,REVIEW_REQUIRED,True,PENDING,,,Material appears in review workflow,2026-09-18T09:11:19.893952+00:00
MAT129,CPSE_A,PLANT01,DEEP GROOVE BALL BEARING 6206 2RS,DEEP GROOVE BALL BEARING 6206 2RS,BEARINGS,IN-BRG-00027,DEEP GROOVE BALL BEARING 6206 2RS,ACTIVE,BATCH-001,REVIEW_REQUIRED,True,PENDING,,,Material appears in review workflow,2026-09-18T09:11:19.893952+00:00
MAT130,CPSE_B,PLANT04,6206 DOUBLE SEALED BALL BEARING FAG,6206 DOUBLE SEALED BALL BEARING FAG,BEARINGS,IN-BRG-00028,6206 DOUBLE SEALED BALL BEARING FAG,ACTIVE,BATCH-001,REVIEW_REQUIRED,True,PENDING,,,Material appears in review workflow,2026-09-18T09:11:19.893952+00:00
MAT131,CPSE_C,PLANT05,INDUSTRIAL LUBRICANT ISO VG 68,INDUSTRIAL LUBRICANT ISO VG 68,LUBRICANTS,IN-LUB-00025,INDUSTRIAL LUBRICANT ISO VG 68,ACTIVE,BATCH-001,REVIEW_REQUIRED,True,PENDING,,,Material appears in review workflow,2026-09-18T09:11:19.893952+00:00
MAT132,CPSE_D,PLANT08,HYDRAULIC OIL ISO VG 68,HYDRAULIC OIL ISO VG 68,LUBRICANTS,IN-LUB-00026,HYDRAULIC OIL ISO VG 68,ACTIVE,BATCH-001,REVIEW_REQUIRED,True,PENDING,,,Material appears in review workflow,2026-09-18T09:11:19.893952+00:00
MAT133,CPSE_A,PLANT01,GEAR OIL SAE 90,GEAR OIL SAE 90,LUBRICANTS,IN-LUB-00027,GEAR OIL SAE 90,ACTIVE,BATCH-001,REVIEW_REQUIRED,True,PENDING,,,Material appears in review workflow,2026-09-18T09:11:19.893952+00:00
MAT134,CPSE_B,PLANT04,INDUSTRIAL GEAR LUBRICANT SAE 90,INDUSTRIAL GEAR LUBRICANT SAE 90,LUBRICANTS,IN-LUB-00028,INDUSTRIAL GEAR LUBRICANT SAE 90,ACTIVE,BATCH-001,REVIEW_REQUIRED,True,PENDING,,,Material appears in review workflow,2026-09-18T09:11:19.893952+00:00
MAT135,CPSE_C,PLANT05,POWER CABLE 4 CORE 1.1 KV XLPE,POWER CABLE 4 CORE 1.1 KV XLPE,ELECTRICAL,IN-ELC-00025,POWER CABLE 4 CORE 1.1 KV XLPE,ACTIVE,BATCH-001,READY_FOR_MIGRATION,False,NOT_REQUIRED,,,,2026-09-18T09:11:19.893952+00:00
MAT136,CPSE_D,PLANT08,4 CORE XLPE POWER CABLE 1100 VOLT,4 CORE XLPE POWER CABLE 1100 VOLT,ELECTRICAL,IN-ELC-00026,4 CORE XLPE POWER CABLE 1100 VOLT,ACTIVE,BATCH-001,READY_FOR_MIGRATION,False,NOT_REQUIRED,,,,2026-09-18T09:11:19.893952+00:00
MAT137,CPSE_A,PLANT01,PVC INSULATED CONTROL CABLE 2.5 SQ MM,PVC INSULATED CONTROL CABLE 2.5 SQ MM,ELECTRICAL,IN-ELC-00027,PVC INSULATED CONTROL CABLE 2.5 SQ MM,ACTIVE,BATCH-001,REVIEW_REQUIRED,True,PENDING,,,Material appears in review workflow,2026-09-18T09:11:19.893952+00:00
MAT138,CPSE_B,PLANT04,CONTROL CABLE PVC 2.5 MM2,CONTROL CABLE PVC 2.5 MM2,ELECTRICAL,IN-ELC-00028,CONTROL CABLE PVC 2.5 MM2,ACTIVE,BATCH-001,REVIEW_REQUIRED,True,PENDING,,,Material appears in review workflow,2026-09-18T09:11:19.893952+00:00
MAT139,CPSE_C,PLANT05,INDUSTRIAL SAFETY HELMET ABS,INDUSTRIAL SAFETY HELMET ABS,SAFETY_ITEMS,IN-SFT-00013,INDUSTRIAL SAFETY HELMET ABS,ACTIVE,BATCH-001,REVIEW_REQUIRED,True,PENDING,,,Material appears in review workflow,2026-09-18T09:11:19.893952+00:00
MAT140,CPSE_D,PLANT08,ABS HARD HAT INDUSTRIAL SAFETY,ABS HARD HAT INDUSTRIAL SAFETY,SAFETY_ITEMS,IN-SFT-00014,ABS HARD HAT INDUSTRIAL SAFETY,ACTIVE,BATCH-001,REVIEW_REQUIRED,True,PENDING,,,Material appears in review workflow,2026-09-18T09:11:19.893952+00:00
MAT141,CPSE_A,PLANT01,HEX BOLT M16 X 80 MM HIGH TENSILE STEEL,HEX BOLT M16 X 80 MM HIGH TENSILE STEEL,FASTENERS,IN-FST-00043,HEX BOLT M16 X 80 MM HIGH TENSILE STEEL,ACTIVE,BATCH-001,REVIEW_REQUIRED,True,PENDING,,,Material appears in review workflow,2026-09-18T09:11:19.893952+00:00
MAT142,CPSE_B,PLANT04,M16 HEXAGONAL BOLT 80MM HT STEEL,M16 HEXAGONAL BOLT 80MM HT STEEL,FASTENERS,IN-FST-00044,M16 HEXAGONAL BOLT 80MM HT STEEL,ACTIVE,BATCH-001,REVIEW_REQUIRED,True,PENDING,,,Material appears in review workflow,2026-09-18T09:11:19.893952+00:00
MAT143,CPSE_C,PLANT05,HEX NUT M16 HIGH TENSILE STEEL,HEX NUT M16 HIGH TENSILE STEEL,FASTENERS,IN-FST-00045,HEX NUT M16 HIGH TENSILE STEEL,ACTIVE,BATCH-001,REVIEW_REQUIRED,True,PENDING,,,Material appears in review workflow,2026-09-18T09:11:19.893952+00:00
MAT144,CPSE_D,PLANT08,M16 HEX NUT HT STEEL,M16 HEX NUT HT STEEL,FASTENERS,IN-FST-00046,M16 HEX NUT HT STEEL,ACTIVE,BATCH-001,REVIEW_REQUIRED,True,PENDING,,,Material appears in review workflow,2026-09-18T09:11:19.893952+00:00
MAT145,CPSE_A,PLANT01,FLAT WASHER M16 MS,FLAT WASHER M16 MS,FASTENERS,IN-FST-00047,FLAT WASHER M16 MS,ACTIVE,BATCH-001,REVIEW_REQUIRED,True,PENDING,,,Material appears in review workflow,2026-09-18T09:11:19.893952+00:00
MAT146,CPSE_B,PLANT04,M16 PLAIN WASHER MILD STEEL,M16 PLAIN WASHER MILD STEEL,FASTENERS,IN-FST-00048,M16 PLAIN WASHER MILD STEEL,ACTIVE,BATCH-001,REVIEW_REQUIRED,True,PENDING,,,Material appears in review workflow,2026-09-18T09:11:19.893952+00:00
MAT147,CPSE_C,PLANT05,BEARING BALL 6205 ZZ,BEARING BALL 6205 ZZ,BEARINGS,IN-BRG-00029,BEARING BALL 6205 ZZ,ACTIVE,BATCH-001,REVIEW_REQUIRED,True,PENDING,,,Material appears in review workflow,2026-09-18T09:11:19.893952+00:00
MAT148,CPSE_D,PLANT08,BALL BEARING 6205 ZZ SKF,BALL BEARING 6205 ZZ SKF,BEARINGS,IN-BRG-00030,BALL BEARING 6205 ZZ SKF,ACTIVE,BATCH-001,REVIEW_REQUIRED,True,PENDING,,,Material appears in review workflow,2026-09-18T09:11:19.893952+00:00
MAT149,CPSE_A,PLANT01,DEEP GROOVE BALL BEARING 6206 2RS,DEEP GROOVE BALL BEARING 6206 2RS,BEARINGS,IN-BRG-00031,DEEP GROOVE BALL BEARING 6206 2RS,ACTIVE,BATCH-001,REVIEW_REQUIRED,True,PENDING,,,Material appears in review workflow,2026-09-18T09:11:19.893952+00:00
MAT150,CPSE_B,PLANT04,6206 DOUBLE SEALED BALL BEARING FAG,6206 DOUBLE SEALED BALL BEARING FAG,BEARINGS,IN-BRG-00032,6206 DOUBLE SEALED BALL BEARING FAG,ACTIVE,BATCH-001,REVIEW_REQUIRED,True,PENDING,,,Material appears in review workflow,2026-09-18T09:11:19.893952+00:00
MAT151,CPSE_C,PLANT05,INDUSTRIAL LUBRICANT ISO VG 68,INDUSTRIAL LUBRICANT ISO VG 68,LUBRICANTS,IN-LUB-00029,INDUSTRIAL LUBRICANT ISO VG 68,ACTIVE,BATCH-001,REVIEW_REQUIRED,True,PENDING,,,Material appears in review workflow,2026-09-18T09:11:19.893952+00:00
MAT152,CPSE_D,PLANT08,HYDRAULIC OIL ISO VG 68,HYDRAULIC OIL ISO VG 68,LUBRICANTS,IN-LUB-00030,HYDRAULIC OIL ISO VG 68,ACTIVE,BATCH-001,REVIEW_REQUIRED,True,PENDING,,,Material appears in review workflow,2026-09-18T09:11:19.893952+00:00
MAT153,CPSE_A,PLANT01,GEAR OIL SAE 90,GEAR OIL SAE 90,LUBRICANTS,IN-LUB-00031,GEAR OIL SAE 90,ACTIVE,BATCH-001,REVIEW_REQUIRED,True,PENDING,,,Material appears in review workflow,2026-09-18T09:11:19.893952+00:00
MAT154,CPSE_B,PLANT04,INDUSTRIAL GEAR LUBRICANT SAE 90,INDUSTRIAL GEAR LUBRICANT SAE 90,LUBRICANTS,IN-LUB-00032,INDUSTRIAL GEAR LUBRICANT SAE 90,ACTIVE,BATCH-001,REVIEW_REQUIRED,True,PENDING,,,Material appears in review workflow,2026-09-18T09:11:19.893952+00:00
MAT155,CPSE_C,PLANT05,POWER CABLE 4 CORE 1.1 KV XLPE,POWER CABLE 4 CORE 1.1 KV XLPE,ELECTRICAL,IN-ELC-00029,POWER CABLE 4 CORE 1.1 KV XLPE,ACTIVE,BATCH-001,READY_FOR_MIGRATION,False,NOT_REQUIRED,,,,2026-09-18T09:11:19.893952+00:00
MAT156,CPSE_D,PLANT08,4 CORE XLPE POWER CABLE 1100 VOLT,4 CORE XLPE POWER CABLE 1100 VOLT,ELECTRICAL,IN-ELC-00030,4 CORE XLPE POWER CABLE 1100 VOLT,ACTIVE,BATCH-001,READY_FOR_MIGRATION,False,NOT_REQUIRED,,,,2026-09-18T09:11:19.893952+00:00
MAT157,CPSE_A,PLANT01,PVC INSULATED CONTROL CABLE 2.5 SQ MM,PVC INSULATED CONTROL CABLE 2.5 SQ MM,ELECTRICAL,IN-ELC-00031,PVC INSULATED CONTROL CABLE 2.5 SQ MM,ACTIVE,BATCH-001,REVIEW_REQUIRED,True,PENDING,,,Material appears in review workflow,2026-09-18T09:11:19.893952+00:00
MAT158,CPSE_B,PLANT04,CONTROL CABLE PVC 2.5 MM2,CONTROL CABLE PVC 2.5 MM2,ELECTRICAL,IN-ELC-00032,CONTROL CABLE PVC 2.5 MM2,ACTIVE,BATCH-001,REVIEW_REQUIRED,True,PENDING,,,Material appears in review workflow,2026-09-18T09:11:19.893952+00:00
MAT159,CPSE_C,PLANT05,INDUSTRIAL SAFETY HELMET ABS,INDUSTRIAL SAFETY HELMET ABS,SAFETY_ITEMS,IN-SFT-00015,INDUSTRIAL SAFETY HELMET ABS,ACTIVE,BATCH-001,REVIEW_REQUIRED,True,PENDING,,,Material appears in review workflow,2026-09-18T09:11:19.893952+00:00
MAT160,CPSE_D,PLANT08,ABS HARD HAT INDUSTRIAL SAFETY,ABS HARD HAT INDUSTRIAL SAFETY,SAFETY_ITEMS,IN-SFT-00016,ABS HARD HAT INDUSTRIAL SAFETY,ACTIVE,BATCH-001,REVIEW_REQUIRED,True,PENDING,,,Material appears in review workflow,2026-09-18T09:11:19.893952+00:00
MAT161,CPSE_A,PLANT01,HEX BOLT M16 X 80 MM HIGH TENSILE STEEL,HEX BOLT M16 X 80 MM HIGH TENSILE STEEL,FASTENERS,IN-FST-00049,HEX BOLT M16 X 80 MM HIGH TENSILE STEEL,ACTIVE,BATCH-001,REVIEW_REQUIRED,True,PENDING,,,Material appears in review workflow,2026-09-18T09:11:19.893952+00:00
MAT162,CPSE_B,PLANT04,M16 HEXAGONAL BOLT 80MM HT STEEL,M16 HEXAGONAL BOLT 80MM HT STEEL,FASTENERS,IN-FST-00050,M16 HEXAGONAL BOLT 80MM HT STEEL,ACTIVE,BATCH-001,REVIEW_REQUIRED,True,PENDING,,,Material appears in review workflow,2026-09-18T09:11:19.893952+00:00
MAT163,CPSE_C,PLANT05,HEX NUT M16 HIGH TENSILE STEEL,HEX NUT M16 HIGH TENSILE STEEL,FASTENERS,IN-FST-00051,HEX NUT M16 HIGH TENSILE STEEL,ACTIVE,BATCH-001,REVIEW_REQUIRED,True,PENDING,,,Material appears in review workflow,2026-09-18T09:11:19.893952+00:00
MAT164,CPSE_D,PLANT08,M16 HEX NUT HT STEEL,M16 HEX NUT HT STEEL,FASTENERS,IN-FST-00052,M16 HEX NUT HT STEEL,ACTIVE,BATCH-001,REVIEW_REQUIRED,True,PENDING,,,Material appears in review workflow,2026-09-18T09:11:19.893952+00:00
MAT165,CPSE_A,PLANT01,FLAT WASHER M16 MS,FLAT WASHER M16 MS,FASTENERS,IN-FST-00053,FLAT WASHER M16 MS,ACTIVE,BATCH-001,REVIEW_REQUIRED,True,PENDING,,,Material appears in review workflow,2026-09-18T09:11:19.893952+00:00
MAT166,CPSE_B,PLANT04,M16 PLAIN WASHER MILD STEEL,M16 PLAIN WASHER MILD STEEL,FASTENERS,IN-FST-00054,M16 PLAIN WASHER MILD STEEL,ACTIVE,BATCH-001,REVIEW_REQUIRED,True,PENDING,,,Material appears in review workflow,2026-09-18T09:11:19.893952+00:00
MAT167,CPSE_C,PLANT05,BEARING BALL 6205 ZZ,BEARING BALL 6205 ZZ,BEARINGS,IN-BRG-00033,BEARING BALL 6205 ZZ,ACTIVE,BATCH-001,REVIEW_REQUIRED,True,PENDING,,,Material appears in review workflow,2026-09-18T09:11:19.893952+00:00
MAT168,CPSE_D,PLANT08,BALL BEARING 6205 ZZ SKF,BALL BEARING 6205 ZZ SKF,BEARINGS,IN-BRG-00034,BALL BEARING 6205 ZZ SKF,ACTIVE,BATCH-001,REVIEW_REQUIRED,True,PENDING,,,Material appears in review workflow,2026-09-18T09:11:19.893952+00:00
MAT169,CPSE_A,PLANT01,DEEP GROOVE BALL BEARING 6206 2RS,DEEP GROOVE BALL BEARING 6206 2RS,BEARINGS,IN-BRG-00035,DEEP GROOVE BALL BEARING 6206 2RS,ACTIVE,BATCH-001,REVIEW_REQUIRED,True,PENDING,,,Material appears in review workflow,2026-09-18T09:11:19.893952+00:00
MAT170,CPSE_B,PLANT04,6206 DOUBLE SEALED BALL BEARING FAG,6206 DOUBLE SEALED BALL BEARING FAG,BEARINGS,IN-BRG-00036,6206 DOUBLE SEALED BALL BEARING FAG,ACTIVE,BATCH-001,REVIEW_REQUIRED,True,PENDING,,,Material appears in review workflow,2026-09-18T09:11:19.893952+00:00
MAT171,CPSE_C,PLANT05,INDUSTRIAL LUBRICANT ISO VG 68,INDUSTRIAL LUBRICANT ISO VG 68,LUBRICANTS,IN-LUB-00033,INDUSTRIAL LUBRICANT ISO VG 68,ACTIVE,BATCH-001,REVIEW_REQUIRED,True,PENDING,,,Material appears in review workflow,2026-09-18T09:11:19.893952+00:00
MAT172,CPSE_D,PLANT08,HYDRAULIC OIL ISO VG 68,HYDRAULIC OIL ISO VG 68,LUBRICANTS,IN-LUB-00034,HYDRAULIC OIL ISO VG 68,ACTIVE,BATCH-001,REVIEW_REQUIRED,True,PENDING,,,Material appears in review workflow,2026-09-18T09:11:19.893952+00:00
MAT173,CPSE_A,PLANT01,GEAR OIL SAE 90,GEAR OIL SAE 90,LUBRICANTS,IN-LUB-00035,GEAR OIL SAE 90,ACTIVE,BATCH-001,REVIEW_REQUIRED,True,PENDING,,,Material appears in review workflow,2026-09-18T09:11:19.893952+00:00
MAT174,CPSE_B,PLANT04,INDUSTRIAL GEAR LUBRICANT SAE 90,INDUSTRIAL GEAR LUBRICANT SAE 90,LUBRICANTS,IN-LUB-00036,INDUSTRIAL GEAR LUBRICANT SAE 90,ACTIVE,BATCH-001,REVIEW_REQUIRED,True,PENDING,,,Material appears in review workflow,2026-09-18T09:11:19.893952+00:00
MAT175,CPSE_C,PLANT05,POWER CABLE 4 CORE 1.1 KV XLPE,POWER CABLE 4 CORE 1.1 KV XLPE,ELECTRICAL,IN-ELC-00033,POWER CABLE 4 CORE 1.1 KV XLPE,ACTIVE,BATCH-001,READY_FOR_MIGRATION,False,NOT_REQUIRED,,,,2026-09-18T09:11:19.893952+00:00
MAT176,CPSE_D,PLANT08,4 CORE XLPE POWER CABLE 1100 VOLT,4 CORE XLPE POWER CABLE 1100 VOLT,ELECTRICAL,IN-ELC-00034,4 CORE XLPE POWER CABLE 1100 VOLT,ACTIVE,BATCH-001,READY_FOR_MIGRATION,False,NOT_REQUIRED,,,,2026-09-18T09:11:19.893952+00:00
MAT177,CPSE_A,PLANT01,PVC INSULATED CONTROL CABLE 2.5 SQ MM,PVC INSULATED CONTROL CABLE 2.5 SQ MM,ELECTRICAL,IN-ELC-00035,PVC INSULATED CONTROL CABLE 2.5 SQ MM,ACTIVE,BATCH-001,REVIEW_REQUIRED,True,PENDING,,,Material appears in review workflow,2026-09-18T09:11:19.893952+00:00
MAT178,CPSE_B,PLANT04,CONTROL CABLE PVC 2.5 MM2,CONTROL CABLE PVC 2.5 MM2,ELECTRICAL,IN-ELC-00036,CONTROL CABLE PVC 2.5 MM2,ACTIVE,BATCH-001,REVIEW_REQUIRED,True,PENDING,,,Material appears in review workflow,2026-09-18T09:11:19.893952+00:00
MAT179,CPSE_C,PLANT05,INDUSTRIAL SAFETY HELMET ABS,INDUSTRIAL SAFETY HELMET ABS,SAFETY_ITEMS,IN-SFT-00017,INDUSTRIAL SAFETY HELMET ABS,ACTIVE,BATCH-001,REVIEW_REQUIRED,True,PENDING,,,Material appears in review workflow,2026-09-18T09:11:19.893952+00:00
MAT180,CPSE_D,PLANT08,ABS HARD HAT INDUSTRIAL SAFETY,ABS HARD HAT INDUSTRIAL SAFETY,SAFETY_ITEMS,IN-SFT-00018,ABS HARD HAT INDUSTRIAL SAFETY,ACTIVE,BATCH-001,REVIEW_REQUIRED,True,PENDING,,,Material appears in review workflow,2026-09-18T09:11:19.893952+00:00
MAT181,CPSE_A,PLANT01,HEX BOLT M16 X 80 MM HIGH TENSILE STEEL,HEX BOLT M16 X 80 MM HIGH TENSILE STEEL,FASTENERS,IN-FST-00055,HEX BOLT M16 X 80 MM HIGH TENSILE STEEL,ACTIVE,BATCH-001,REVIEW_REQUIRED,True,PENDING,,,Material appears in review workflow,2026-09-18T09:11:19.893952+00:00
MAT182,CPSE_B,PLANT04,M16 HEXAGONAL BOLT 80MM HT STEEL,M16 HEXAGONAL BOLT 80MM HT STEEL,FASTENERS,IN-FST-00056,M16 HEXAGONAL BOLT 80MM HT STEEL,ACTIVE,BATCH-001,REVIEW_REQUIRED,True,PENDING,,,Material appears in review workflow,2026-09-18T09:11:19.893952+00:00
MAT183,CPSE_C,PLANT05,HEX NUT M16 HIGH TENSILE STEEL,HEX NUT M16 HIGH TENSILE STEEL,FASTENERS,IN-FST-00057,HEX NUT M16 HIGH TENSILE STEEL,ACTIVE,BATCH-001,REVIEW_REQUIRED,True,PENDING,,,Material appears in review workflow,2026-09-18T09:11:19.893952+00:00
MAT184,CPSE_D,PLANT08,M16 HEX NUT HT STEEL,M16 HEX NUT HT STEEL,FASTENERS,IN-FST-00058,M16 HEX NUT HT STEEL,ACTIVE,BATCH-001,REVIEW_REQUIRED,True,PENDING,,,Material appears in review workflow,2026-09-18T09:11:19.893952+00:00
MAT185,CPSE_A,PLANT01,FLAT WASHER M16 MS,FLAT WASHER M16 MS,FASTENERS,IN-FST-00059,FLAT WASHER M16 MS,ACTIVE,BATCH-001,REVIEW_REQUIRED,True,PENDING,,,Material appears in review workflow,2026-09-18T09:11:19.893952+00:00
MAT186,CPSE_B,PLANT04,M16 PLAIN WASHER MILD STEEL,M16 PLAIN WASHER MILD STEEL,FASTENERS,IN-FST-00060,M16 PLAIN WASHER MILD STEEL,ACTIVE,BATCH-001,REVIEW_REQUIRED,True,PENDING,,,Material appears in review workflow,2026-09-18T09:11:19.893952+00:00
MAT187,CPSE_C,PLANT05,BEARING BALL 6205 ZZ,BEARING BALL 6205 ZZ,BEARINGS,IN-BRG-00037,BEARING BALL 6205 ZZ,ACTIVE,BATCH-001,REVIEW_REQUIRED,True,PENDING,,,Material appears in review workflow,2026-09-18T09:11:19.893952+00:00
MAT188,CPSE_D,PLANT08,BALL BEARING 6205 ZZ SKF,BALL BEARING 6205 ZZ SKF,BEARINGS,IN-BRG-00038,BALL BEARING 6205 ZZ SKF,ACTIVE,BATCH-001,REVIEW_REQUIRED,True,PENDING,,,Material appears in review workflow,2026-09-18T09:11:19.893952+00:00
MAT189,CPSE_A,PLANT01,DEEP GROOVE BALL BEARING 6206 2RS,DEEP GROOVE BALL BEARING 6206 2RS,BEARINGS,IN-BRG-00039,DEEP GROOVE BALL BEARING 6206 2RS,ACTIVE,BATCH-001,REVIEW_REQUIRED,True,PENDING,,,Material appears in review workflow,2026-09-18T09:11:19.893952+00:00
MAT190,CPSE_B,PLANT04,6206 DOUBLE SEALED BALL BEARING FAG,6206 DOUBLE SEALED BALL BEARING FAG,BEARINGS,IN-BRG-00040,6206 DOUBLE SEALED BALL BEARING FAG,ACTIVE,BATCH-001,REVIEW_REQUIRED,True,PENDING,,,Material appears in review workflow,2026-09-18T09:11:19.893952+00:00
MAT191,CPSE_C,PLANT05,INDUSTRIAL LUBRICANT ISO VG 68,INDUSTRIAL LUBRICANT ISO VG 68,LUBRICANTS,IN-LUB-00037,INDUSTRIAL LUBRICANT ISO VG 68,ACTIVE,BATCH-001,REVIEW_REQUIRED,True,PENDING,,,Material appears in review workflow,2026-09-18T09:11:19.893952+00:00
MAT192,CPSE_D,PLANT08,HYDRAULIC OIL ISO VG 68,HYDRAULIC OIL ISO VG 68,LUBRICANTS,IN-LUB-00038,HYDRAULIC OIL ISO VG 68,ACTIVE,BATCH-001,REVIEW_REQUIRED,True,PENDING,,,Material appears in review workflow,2026-09-18T09:11:19.893952+00:00
MAT193,CPSE_A,PLANT01,GEAR OIL SAE 90,GEAR OIL SAE 90,LUBRICANTS,IN-LUB-00039,GEAR OIL SAE 90,ACTIVE,BATCH-001,REVIEW_REQUIRED,True,PENDING,,,Material appears in review workflow,2026-09-18T09:11:19.893952+00:00
MAT194,CPSE_B,PLANT04,INDUSTRIAL GEAR LUBRICANT SAE 90,INDUSTRIAL GEAR LUBRICANT SAE 90,LUBRICANTS,IN-LUB-00040,INDUSTRIAL GEAR LUBRICANT SAE 90,ACTIVE,BATCH-001,REVIEW_REQUIRED,True,PENDING,,,Material appears in review workflow,2026-09-18T09:11:19.893952+00:00
MAT195,CPSE_C,PLANT05,POWER CABLE 4 CORE 1.1 KV XLPE,POWER CABLE 4 CORE 1.1 KV XLPE,ELECTRICAL,IN-ELC-00037,POWER CABLE 4 CORE 1.1 KV XLPE,ACTIVE,BATCH-001,READY_FOR_MIGRATION,False,NOT_REQUIRED,,,,2026-09-18T09:11:19.893952+00:00
MAT196,CPSE_D,PLANT08,4 CORE XLPE POWER CABLE 1100 VOLT,4 CORE XLPE POWER CABLE 1100 VOLT,ELECTRICAL,IN-ELC-00038,4 CORE XLPE POWER CABLE 1100 VOLT,ACTIVE,BATCH-001,READY_FOR_MIGRATION,False,NOT_REQUIRED,,,,2026-09-18T09:11:19.893952+00:00
MAT197,CPSE_A,PLANT01,PVC INSULATED CONTROL CABLE 2.5 SQ MM,PVC INSULATED CONTROL CABLE 2.5 SQ MM,ELECTRICAL,IN-ELC-00039,PVC INSULATED CONTROL CABLE 2.5 SQ MM,ACTIVE,BATCH-001,REVIEW_REQUIRED,True,PENDING,,,Material appears in review workflow,2026-09-18T09:11:19.893952+00:00
MAT198,CPSE_B,PLANT04,CONTROL CABLE PVC 2.5 MM2,CONTROL CABLE PVC 2.5 MM2,ELECTRICAL,IN-ELC-00040,CONTROL CABLE PVC 2.5 MM2,ACTIVE,BATCH-001,REVIEW_REQUIRED,True,PENDING,,,Material appears in review workflow,2026-09-18T09:11:19.893952+00:00
MAT199,CPSE_C,PLANT05,INDUSTRIAL SAFETY HELMET ABS,INDUSTRIAL SAFETY HELMET ABS,SAFETY_ITEMS,IN-SFT-00019,INDUSTRIAL SAFETY HELMET ABS,ACTIVE,BATCH-001,REVIEW_REQUIRED,True,PENDING,,,Material appears in review workflow,2026-09-18T09:11:19.893952+00:00
MAT200,CPSE_D,PLANT08,ABS HARD HAT INDUSTRIAL SAFETY,ABS HARD HAT INDUSTRIAL SAFETY,SAFETY_ITEMS,IN-SFT-00020,ABS HARD HAT INDUSTRIAL SAFETY,ACTIVE,BATCH-001,REVIEW_REQUIRED,True,PENDING,,,Material appears in review workflow,2026-09-18T09:11:19.893952+00:00
MAT201,CPSE_A,PLANT01,HEX BOLT M16 X 80 MM HIGH TENSILE STEEL,HEX BOLT M16 X 80 MM HIGH TENSILE STEEL,FASTENERS,IN-FST-00061,HEX BOLT M16 X 80 MM HIGH TENSILE STEEL,ACTIVE,BATCH-001,REVIEW_REQUIRED,True,PENDING,,,Material appears in review workflow,2026-09-18T09:11:19.893952+00:00
MAT202,CPSE_B,PLANT04,M16 HEXAGONAL BOLT 80MM HT STEEL,M16 HEXAGONAL BOLT 80MM HT STEEL,FASTENERS,IN-FST-00062,M16 HEXAGONAL BOLT 80MM HT STEEL,ACTIVE,BATCH-001,REVIEW_REQUIRED,True,PENDING,,,Material appears in review workflow,2026-09-18T09:11:19.893952+00:00
MAT203,CPSE_C,PLANT05,HEX NUT M16 HIGH TENSILE STEEL,HEX NUT M16 HIGH TENSILE STEEL,FASTENERS,IN-FST-00063,HEX NUT M16 HIGH TENSILE STEEL,ACTIVE,BATCH-001,REVIEW_REQUIRED,True,PENDING,,,Material appears in review workflow,2026-09-18T09:11:19.893952+00:00
MAT204,CPSE_D,PLANT08,M16 HEX NUT HT STEEL,M16 HEX NUT HT STEEL,FASTENERS,IN-FST-00064,M16 HEX NUT HT STEEL,ACTIVE,BATCH-001,REVIEW_REQUIRED,True,PENDING,,,Material appears in review workflow,2026-09-18T09:11:19.893952+00:00
MAT205,CPSE_A,PLANT01,FLAT WASHER M16 MS,FLAT WASHER M16 MS,FASTENERS,IN-FST-00065,FLAT WASHER M16 MS,ACTIVE,BATCH-001,REVIEW_REQUIRED,True,PENDING,,,Material appears in review workflow,2026-09-18T09:11:19.893952+00:00
MAT206,CPSE_B,PLANT04,M16 PLAIN WASHER MILD STEEL,M16 PLAIN WASHER MILD STEEL,FASTENERS,IN-FST-00066,M16 PLAIN WASHER MILD STEEL,ACTIVE,BATCH-001,REVIEW_REQUIRED,True,PENDING,,,Material appears in review workflow,2026-09-18T09:11:19.893952+00:00
MAT207,CPSE_C,PLANT05,BEARING BALL 6205 ZZ,BEARING BALL 6205 ZZ,BEARINGS,IN-BRG-00041,BEARING BALL 6205 ZZ,ACTIVE,BATCH-001,REVIEW_REQUIRED,True,PENDING,,,Material appears in review workflow,2026-09-18T09:11:19.893952+00:00
MAT208,CPSE_D,PLANT08,BALL BEARING 6205 ZZ SKF,BALL BEARING 6205 ZZ SKF,BEARINGS,IN-BRG-00042,BALL BEARING 6205 ZZ SKF,ACTIVE,BATCH-001,REVIEW_REQUIRED,True,PENDING,,,Material appears in review workflow,2026-09-18T09:11:19.893952+00:00
MAT209,CPSE_A,PLANT01,DEEP GROOVE BALL BEARING 6206 2RS,DEEP GROOVE BALL BEARING 6206 2RS,BEARINGS,IN-BRG-00043,DEEP GROOVE BALL BEARING 6206 2RS,ACTIVE,BATCH-001,REVIEW_REQUIRED,True,PENDING,,,Material appears in review workflow,2026-09-18T09:11:19.893952+00:00
MAT210,CPSE_B,PLANT04,6206 DOUBLE SEALED BALL BEARING FAG,6206 DOUBLE SEALED BALL BEARING FAG,BEARINGS,IN-BRG-00044,6206 DOUBLE SEALED BALL BEARING FAG,ACTIVE,BATCH-001,REVIEW_REQUIRED,True,PENDING,,,Material appears in review workflow,2026-09-18T09:11:19.893952+00:00
MAT211,CPSE_C,PLANT05,INDUSTRIAL LUBRICANT ISO VG 68,INDUSTRIAL LUBRICANT ISO VG 68,LUBRICANTS,IN-LUB-00041,INDUSTRIAL LUBRICANT ISO VG 68,ACTIVE,BATCH-001,REVIEW_REQUIRED,True,PENDING,,,Material appears in review workflow,2026-09-18T09:11:19.893952+00:00
MAT212,CPSE_D,PLANT08,HYDRAULIC OIL ISO VG 68,HYDRAULIC OIL ISO VG 68,LUBRICANTS,IN-LUB-00042,HYDRAULIC OIL ISO VG 68,ACTIVE,BATCH-001,REVIEW_REQUIRED,True,PENDING,,,Material appears in review workflow,2026-09-18T09:11:19.893952+00:00
MAT213,CPSE_A,PLANT01,GEAR OIL SAE 90,GEAR OIL SAE 90,LUBRICANTS,IN-LUB-00043,GEAR OIL SAE 90,ACTIVE,BATCH-001,REVIEW_REQUIRED,True,PENDING,,,Material appears in review workflow,2026-09-18T09:11:19.893952+00:00
MAT214,CPSE_B,PLANT04,INDUSTRIAL GEAR LUBRICANT SAE 90,INDUSTRIAL GEAR LUBRICANT SAE 90,LUBRICANTS,IN-LUB-00044,INDUSTRIAL GEAR LUBRICANT SAE 90,ACTIVE,BATCH-001,REVIEW_REQUIRED,True,PENDING,,,Material appears in review workflow,2026-09-18T09:11:19.893952+00:00
MAT215,CPSE_C,PLANT05,POWER CABLE 4 CORE 1.1 KV XLPE,POWER CABLE 4 CORE 1.1 KV XLPE,ELECTRICAL,IN-ELC-00041,POWER CABLE 4 CORE 1.1 KV XLPE,ACTIVE,BATCH-001,READY_FOR_MIGRATION,False,NOT_REQUIRED,,,,2026-09-18T09:11:19.893952+00:00
MAT216,CPSE_D,PLANT08,4 CORE XLPE POWER CABLE 1100 VOLT,4 CORE XLPE POWER CABLE 1100 VOLT,ELECTRICAL,IN-ELC-00042,4 CORE XLPE POWER CABLE 1100 VOLT,ACTIVE,BATCH-001,READY_FOR_MIGRATION,False,NOT_REQUIRED,,,,2026-09-18T09:11:19.893952+00:00
MAT217,CPSE_A,PLANT01,PVC INSULATED CONTROL CABLE 2.5 SQ MM,PVC INSULATED CONTROL CABLE 2.5 SQ MM,ELECTRICAL,IN-ELC-00043,PVC INSULATED CONTROL CABLE 2.5 SQ MM,ACTIVE,BATCH-001,REVIEW_REQUIRED,True,PENDING,,,Material appears in review workflow,2026-09-18T09:11:19.893952+00:00
MAT218,CPSE_B,PLANT04,CONTROL CABLE PVC 2.5 MM2,CONTROL CABLE PVC 2.5 MM2,ELECTRICAL,IN-ELC-00044,CONTROL CABLE PVC 2.5 MM2,ACTIVE,BATCH-001,REVIEW_REQUIRED,True,PENDING,,,Material appears in review workflow,2026-09-18T09:11:19.893952+00:00
MAT219,CPSE_C,PLANT05,INDUSTRIAL SAFETY HELMET ABS,INDUSTRIAL SAFETY HELMET ABS,SAFETY_ITEMS,IN-SFT-00021,INDUSTRIAL SAFETY HELMET ABS,ACTIVE,BATCH-001,REVIEW_REQUIRED,True,PENDING,,,Material appears in review workflow,2026-09-18T09:11:19.893952+00:00
MAT220,CPSE_D,PLANT08,ABS HARD HAT INDUSTRIAL SAFETY,ABS HARD HAT INDUSTRIAL SAFETY,SAFETY_ITEMS,IN-SFT-00022,ABS HARD HAT INDUSTRIAL SAFETY,ACTIVE,BATCH-001,REVIEW_REQUIRED,True,PENDING,,,Material appears in review workflow,2026-09-18T09:11:19.893952+00:00
MAT221,CPSE_A,PLANT01,HEX BOLT M16 X 80 MM HIGH TENSILE STEEL,HEX BOLT M16 X 80 MM HIGH TENSILE STEEL,FASTENERS,IN-FST-00067,HEX BOLT M16 X 80 MM HIGH TENSILE STEEL,ACTIVE,BATCH-001,REVIEW_REQUIRED,True,PENDING,,,Material appears in review workflow,2026-09-18T09:11:19.893952+00:00
MAT222,CPSE_B,PLANT04,M16 HEXAGONAL BOLT 80MM HT STEEL,M16 HEXAGONAL BOLT 80MM HT STEEL,FASTENERS,IN-FST-00068,M16 HEXAGONAL BOLT 80MM HT STEEL,ACTIVE,BATCH-001,REVIEW_REQUIRED,True,PENDING,,,Material appears in review workflow,2026-09-18T09:11:19.893952+00:00
MAT223,CPSE_C,PLANT05,HEX NUT M16 HIGH TENSILE STEEL,HEX NUT M16 HIGH TENSILE STEEL,FASTENERS,IN-FST-00069,HEX NUT M16 HIGH TENSILE STEEL,ACTIVE,BATCH-001,REVIEW_REQUIRED,True,PENDING,,,Material appears in review workflow,2026-09-18T09:11:19.893952+00:00
MAT224,CPSE_D,PLANT08,M16 HEX NUT HT STEEL,M16 HEX NUT HT STEEL,FASTENERS,IN-FST-00070,M16 HEX NUT HT STEEL,ACTIVE,BATCH-001,REVIEW_REQUIRED,True,PENDING,,,Material appears in review workflow,2026-09-18T09:11:19.893952+00:00
MAT225,CPSE_A,PLANT01,FLAT WASHER M16 MS,FLAT WASHER M16 MS,FASTENERS,IN-FST-00071,FLAT WASHER M16 MS,ACTIVE,BATCH-001,REVIEW_REQUIRED,True,PENDING,,,Material appears in review workflow,2026-09-18T09:11:19.893952+00:00
MAT226,CPSE_B,PLANT04,M16 PLAIN WASHER MILD STEEL,M16 PLAIN WASHER MILD STEEL,FASTENERS,IN-FST-00072,M16 PLAIN WASHER MILD STEEL,ACTIVE,BATCH-001,REVIEW_REQUIRED,True,PENDING,,,Material appears in review workflow,2026-09-18T09:11:19.893952+00:00
MAT227,CPSE_C,PLANT05,BEARING BALL 6205 ZZ,BEARING BALL 6205 ZZ,BEARINGS,IN-BRG-00045,BEARING BALL 6205 ZZ,ACTIVE,BATCH-001,REVIEW_REQUIRED,True,PENDING,,,Material appears in review workflow,2026-09-18T09:11:19.893952+00:00
MAT228,CPSE_D,PLANT08,BALL BEARING 6205 ZZ SKF,BALL BEARING 6205 ZZ SKF,BEARINGS,IN-BRG-00046,BALL BEARING 6205 ZZ SKF,ACTIVE,BATCH-001,REVIEW_REQUIRED,True,PENDING,,,Material appears in review workflow,2026-09-18T09:11:19.893952+00:00
MAT229,CPSE_A,PLANT01,DEEP GROOVE BALL BEARING 6206 2RS,DEEP GROOVE BALL BEARING 6206 2RS,BEARINGS,IN-BRG-00047,DEEP GROOVE BALL BEARING 6206 2RS,ACTIVE,BATCH-001,REVIEW_REQUIRED,True,PENDING,,,Material appears in review workflow,2026-09-18T09:11:19.893952+00:00
MAT230,CPSE_B,PLANT04,6206 DOUBLE SEALED BALL BEARING FAG,6206 DOUBLE SEALED BALL BEARING FAG,BEARINGS,IN-BRG-00048,6206 DOUBLE SEALED BALL BEARING FAG,ACTIVE,BATCH-001,REVIEW_REQUIRED,True,PENDING,,,Material appears in review workflow,2026-09-18T09:11:19.893952+00:00
MAT231,CPSE_C,PLANT05,INDUSTRIAL LUBRICANT ISO VG 68,INDUSTRIAL LUBRICANT ISO VG 68,LUBRICANTS,IN-LUB-00045,INDUSTRIAL LUBRICANT ISO VG 68,ACTIVE,BATCH-001,REVIEW_REQUIRED,True,PENDING,,,Material appears in review workflow,2026-09-18T09:11:19.893952+00:00
MAT232,CPSE_D,PLANT08,HYDRAULIC OIL ISO VG 68,HYDRAULIC OIL ISO VG 68,LUBRICANTS,IN-LUB-00046,HYDRAULIC OIL ISO VG 68,ACTIVE,BATCH-001,REVIEW_REQUIRED,True,PENDING,,,Material appears in review workflow,2026-09-18T09:11:19.893952+00:00
MAT233,CPSE_A,PLANT01,GEAR OIL SAE 90,GEAR OIL SAE 90,LUBRICANTS,IN-LUB-00047,GEAR OIL SAE 90,ACTIVE,BATCH-001,REVIEW_REQUIRED,True,PENDING,,,Material appears in review workflow,2026-09-18T09:11:19.893952+00:00
MAT234,CPSE_B,PLANT04,INDUSTRIAL GEAR LUBRICANT SAE 90,INDUSTRIAL GEAR LUBRICANT SAE 90,LUBRICANTS,IN-LUB-00048,INDUSTRIAL GEAR LUBRICANT SAE 90,ACTIVE,BATCH-001,REVIEW_REQUIRED,True,PENDING,,,Material appears in review workflow,2026-09-18T09:11:19.893952+00:00
MAT235,CPSE_C,PLANT05,POWER CABLE 4 CORE 1.1 KV XLPE,POWER CABLE 4 CORE 1.1 KV XLPE,ELECTRICAL,IN-ELC-00045,POWER CABLE 4 CORE 1.1 KV XLPE,ACTIVE,BATCH-001,READY_FOR_MIGRATION,False,NOT_REQUIRED,,,,2026-09-18T09:11:19.893952+00:00
MAT236,CPSE_D,PLANT08,4 CORE XLPE POWER CABLE 1100 VOLT,4 CORE XLPE POWER CABLE 1100 VOLT,ELECTRICAL,IN-ELC-00046,4 CORE XLPE POWER CABLE 1100 VOLT,ACTIVE,BATCH-001,READY_FOR_MIGRATION,False,NOT_REQUIRED,,,,2026-09-18T09:11:19.893952+00:00
MAT237,CPSE_A,PLANT01,PVC INSULATED CONTROL CABLE 2.5 SQ MM,PVC INSULATED CONTROL CABLE 2.5 SQ MM,ELECTRICAL,IN-ELC-00047,PVC INSULATED CONTROL CABLE 2.5 SQ MM,ACTIVE,BATCH-001,REVIEW_REQUIRED,True,PENDING,,,Material appears in review workflow,2026-09-18T09:11:19.893952+00:00
MAT238,CPSE_B,PLANT04,CONTROL CABLE PVC 2.5 MM2,CONTROL CABLE PVC 2.5 MM2,ELECTRICAL,IN-ELC-00048,CONTROL CABLE PVC 2.5 MM2,ACTIVE,BATCH-001,REVIEW_REQUIRED,True,PENDING,,,Material appears in review workflow,2026-09-18T09:11:19.893952+00:00
MAT239,CPSE_C,PLANT05,INDUSTRIAL SAFETY HELMET ABS,INDUSTRIAL SAFETY HELMET ABS,SAFETY_ITEMS,IN-SFT-00023,INDUSTRIAL SAFETY HELMET ABS,ACTIVE,BATCH-001,REVIEW_REQUIRED,True,PENDING,,,Material appears in review workflow,2026-09-18T09:11:19.893952+00:00
MAT240,CPSE_D,PLANT08,ABS HARD HAT INDUSTRIAL SAFETY,ABS HARD HAT INDUSTRIAL SAFETY,SAFETY_ITEMS,IN-SFT-00024,ABS HARD HAT INDUSTRIAL SAFETY,ACTIVE,BATCH-001,REVIEW_REQUIRED,True,PENDING,,,Material appears in review workflow,2026-09-18T09:11:19.893952+00:00
MAT241,CPSE_A,PLANT01,HEX BOLT M16 X 80 MM HIGH TENSILE STEEL,HEX BOLT M16 X 80 MM HIGH TENSILE STEEL,FASTENERS,IN-FST-00073,HEX BOLT M16 X 80 MM HIGH TENSILE STEEL,ACTIVE,BATCH-001,REVIEW_REQUIRED,True,PENDING,,,Material appears in review workflow,2026-09-18T09:11:19.893952+00:00
MAT242,CPSE_B,PLANT04,M16 HEXAGONAL BOLT 80MM HT STEEL,M16 HEXAGONAL BOLT 80MM HT STEEL,FASTENERS,IN-FST-00074,M16 HEXAGONAL BOLT 80MM HT STEEL,ACTIVE,BATCH-001,REVIEW_REQUIRED,True,PENDING,,,Material appears in review workflow,2026-09-18T09:11:19.893952+00:00
MAT243,CPSE_C,PLANT05,HEX NUT M16 HIGH TENSILE STEEL,HEX NUT M16 HIGH TENSILE STEEL,FASTENERS,IN-FST-00075,HEX NUT M16 HIGH TENSILE STEEL,ACTIVE,BATCH-001,REVIEW_REQUIRED,True,PENDING,,,Material appears in review workflow,2026-09-18T09:11:19.893952+00:00
MAT244,CPSE_D,PLANT08,M16 HEX NUT HT STEEL,M16 HEX NUT HT STEEL,FASTENERS,IN-FST-00076,M16 HEX NUT HT STEEL,ACTIVE,BATCH-001,REVIEW_REQUIRED,True,PENDING,,,Material appears in review workflow,2026-09-18T09:11:19.893952+00:00
MAT245,CPSE_A,PLANT01,FLAT WASHER M16 MS,FLAT WASHER M16 MS,FASTENERS,IN-FST-00077,FLAT WASHER M16 MS,ACTIVE,BATCH-001,REVIEW_REQUIRED,True,PENDING,,,Material appears in review workflow,2026-09-18T09:11:19.893952+00:00
MAT246,CPSE_B,PLANT04,M16 PLAIN WASHER MILD STEEL,M16 PLAIN WASHER MILD STEEL,FASTENERS,IN-FST-00078,M16 PLAIN WASHER MILD STEEL,ACTIVE,BATCH-001,REVIEW_REQUIRED,True,PENDING,,,Material appears in review workflow,2026-09-18T09:11:19.893952+00:00
MAT247,CPSE_C,PLANT05,BEARING BALL 6205 ZZ,BEARING BALL 6205 ZZ,BEARINGS,IN-BRG-00049,BEARING BALL 6205 ZZ,ACTIVE,BATCH-001,REVIEW_REQUIRED,True,PENDING,,,Material appears in review workflow,2026-09-18T09:11:19.893952+00:00
MAT248,CPSE_D,PLANT08,BALL BEARING 6205 ZZ SKF,BALL BEARING 6205 ZZ SKF,BEARINGS,IN-BRG-00050,BALL BEARING 6205 ZZ SKF,ACTIVE,BATCH-001,REVIEW_REQUIRED,True,PENDING,,,Material appears in review workflow,2026-09-18T09:11:19.893952+00:00
MAT249,CPSE_A,PLANT01,DEEP GROOVE BALL BEARING 6206 2RS,DEEP GROOVE BALL BEARING 6206 2RS,BEARINGS,IN-BRG-00051,DEEP GROOVE BALL BEARING 6206 2RS,ACTIVE,BATCH-001,REVIEW_REQUIRED,True,PENDING,,,Material appears in review workflow,2026-09-18T09:11:19.893952+00:00
MAT250,CPSE_B,PLANT04,6206 DOUBLE SEALED BALL BEARING FAG,6206 DOUBLE SEALED BALL BEARING FAG,BEARINGS,IN-BRG-00052,6206 DOUBLE SEALED BALL BEARING FAG,ACTIVE,BATCH-001,REVIEW_REQUIRED,True,PENDING,,,Material appears in review workflow,2026-09-18T09:11:19.893952+00:00
MAT251,CPSE_C,PLANT05,INDUSTRIAL LUBRICANT ISO VG 68,INDUSTRIAL LUBRICANT ISO VG 68,LUBRICANTS,IN-LUB-00049,INDUSTRIAL LUBRICANT ISO VG 68,ACTIVE,BATCH-001,REVIEW_REQUIRED,True,PENDING,,,Material appears in review workflow,2026-09-18T09:11:19.893952+00:00
MAT252,CPSE_D,PLANT08,HYDRAULIC OIL ISO VG 68,HYDRAULIC OIL ISO VG 68,LUBRICANTS,IN-LUB-00050,HYDRAULIC OIL ISO VG 68,ACTIVE,BATCH-001,REVIEW_REQUIRED,True,PENDING,,,Material appears in review workflow,2026-09-18T09:11:19.893952+00:00
MAT253,CPSE_A,PLANT01,GEAR OIL SAE 90,GEAR OIL SAE 90,LUBRICANTS,IN-LUB-00051,GEAR OIL SAE 90,ACTIVE,BATCH-001,REVIEW_REQUIRED,True,PENDING,,,Material appears in review workflow,2026-09-18T09:11:19.893952+00:00
MAT254,CPSE_B,PLANT04,INDUSTRIAL GEAR LUBRICANT SAE 90,INDUSTRIAL GEAR LUBRICANT SAE 90,LUBRICANTS,IN-LUB-00052,INDUSTRIAL GEAR LUBRICANT SAE 90,ACTIVE,BATCH-001,REVIEW_REQUIRED,True,PENDING,,,Material appears in review workflow,2026-09-18T09:11:19.893952+00:00
MAT255,CPSE_C,PLANT05,POWER CABLE 4 CORE 1.1 KV XLPE,POWER CABLE 4 CORE 1.1 KV XLPE,ELECTRICAL,IN-ELC-00049,POWER CABLE 4 CORE 1.1 KV XLPE,ACTIVE,BATCH-001,READY_FOR_MIGRATION,False,NOT_REQUIRED,,,,2026-09-18T09:11:19.893952+00:00
MAT256,CPSE_D,PLANT08,4 CORE XLPE POWER CABLE 1100 VOLT,4 CORE XLPE POWER CABLE 1100 VOLT,ELECTRICAL,IN-ELC-00050,4 CORE XLPE POWER CABLE 1100 VOLT,ACTIVE,BATCH-001,READY_FOR_MIGRATION,False,NOT_REQUIRED,,,,2026-09-18T09:11:19.893952+00:00
MAT257,CPSE_A,PLANT01,PVC INSULATED CONTROL CABLE 2.5 SQ MM,PVC INSULATED CONTROL CABLE 2.5 SQ MM,ELECTRICAL,IN-ELC-00051,PVC INSULATED CONTROL CABLE 2.5 SQ MM,ACTIVE,BATCH-001,REVIEW_REQUIRED,True,PENDING,,,Material appears in review workflow,2026-09-18T09:11:19.893952+00:00
MAT258,CPSE_B,PLANT04,CONTROL CABLE PVC 2.5 MM2,CONTROL CABLE PVC 2.5 MM2,ELECTRICAL,IN-ELC-00052,CONTROL CABLE PVC 2.5 MM2,ACTIVE,BATCH-001,REVIEW_REQUIRED,True,PENDING,,,Material appears in review workflow,2026-09-18T09:11:19.893952+00:00
MAT259,CPSE_C,PLANT05,INDUSTRIAL SAFETY HELMET ABS,INDUSTRIAL SAFETY HELMET ABS,SAFETY_ITEMS,IN-SFT-00025,INDUSTRIAL SAFETY HELMET ABS,ACTIVE,BATCH-001,REVIEW_REQUIRED,True,PENDING,,,Material appears in review workflow,2026-09-18T09:11:19.893952+00:00
MAT260,CPSE_D,PLANT08,ABS HARD HAT INDUSTRIAL SAFETY,ABS HARD HAT INDUSTRIAL SAFETY,SAFETY_ITEMS,IN-SFT-00026,ABS HARD HAT INDUSTRIAL SAFETY,ACTIVE,BATCH-001,REVIEW_REQUIRED,True,PENDING,,,Material appears in review workflow,2026-09-18T09:11:19.893952+00:00
MAT261,CPSE_A,PLANT01,HEX BOLT M16 X 80 MM HIGH TENSILE STEEL,HEX BOLT M16 X 80 MM HIGH TENSILE STEEL,FASTENERS,IN-FST-00079,HEX BOLT M16 X 80 MM HIGH TENSILE STEEL,ACTIVE,BATCH-001,REVIEW_REQUIRED,True,PENDING,,,Material appears in review workflow,2026-09-18T09:11:19.893952+00:00
MAT262,CPSE_B,PLANT04,M16 HEXAGONAL BOLT 80MM HT STEEL,M16 HEXAGONAL BOLT 80MM HT STEEL,FASTENERS,IN-FST-00080,M16 HEXAGONAL BOLT 80MM HT STEEL,ACTIVE,BATCH-001,REVIEW_REQUIRED,True,PENDING,,,Material appears in review workflow,2026-09-18T09:11:19.893952+00:00
MAT263,CPSE_C,PLANT05,HEX NUT M16 HIGH TENSILE STEEL,HEX NUT M16 HIGH TENSILE STEEL,FASTENERS,IN-FST-00081,HEX NUT M16 HIGH TENSILE STEEL,ACTIVE,BATCH-001,REVIEW_REQUIRED,True,PENDING,,,Material appears in review workflow,2026-09-18T09:11:19.893952+00:00
MAT264,CPSE_D,PLANT08,M16 HEX NUT HT STEEL,M16 HEX NUT HT STEEL,FASTENERS,IN-FST-00082,M16 HEX NUT HT STEEL,ACTIVE,BATCH-001,REVIEW_REQUIRED,True,PENDING,,,Material appears in review workflow,2026-09-18T09:11:19.893952+00:00
MAT265,CPSE_A,PLANT01,FLAT WASHER M16 MS,FLAT WASHER M16 MS,FASTENERS,IN-FST-00083,FLAT WASHER M16 MS,ACTIVE,BATCH-001,REVIEW_REQUIRED,True,PENDING,,,Material appears in review workflow,2026-09-18T09:11:19.893952+00:00
MAT266,CPSE_B,PLANT04,M16 PLAIN WASHER MILD STEEL,M16 PLAIN WASHER MILD STEEL,FASTENERS,IN-FST-00084,M16 PLAIN WASHER MILD STEEL,ACTIVE,BATCH-001,REVIEW_REQUIRED,True,PENDING,,,Material appears in review workflow,2026-09-18T09:11:19.893952+00:00
MAT267,CPSE_C,PLANT05,BEARING BALL 6205 ZZ,BEARING BALL 6205 ZZ,BEARINGS,IN-BRG-00053,BEARING BALL 6205 ZZ,ACTIVE,BATCH-001,REVIEW_REQUIRED,True,PENDING,,,Material appears in review workflow,2026-09-18T09:11:19.893952+00:00
MAT268,CPSE_D,PLANT08,BALL BEARING 6205 ZZ SKF,BALL BEARING 6205 ZZ SKF,BEARINGS,IN-BRG-00054,BALL BEARING 6205 ZZ SKF,ACTIVE,BATCH-001,REVIEW_REQUIRED,True,PENDING,,,Material appears in review workflow,2026-09-18T09:11:19.893952+00:00
MAT269,CPSE_A,PLANT01,DEEP GROOVE BALL BEARING 6206 2RS,DEEP GROOVE BALL BEARING 6206 2RS,BEARINGS,IN-BRG-00055,DEEP GROOVE BALL BEARING 6206 2RS,ACTIVE,BATCH-001,REVIEW_REQUIRED,True,PENDING,,,Material appears in review workflow,2026-09-18T09:11:19.893952+00:00
MAT270,CPSE_B,PLANT04,6206 DOUBLE SEALED BALL BEARING FAG,6206 DOUBLE SEALED BALL BEARING FAG,BEARINGS,IN-BRG-00056,6206 DOUBLE SEALED BALL BEARING FAG,ACTIVE,BATCH-001,REVIEW_REQUIRED,True,PENDING,,,Material appears in review workflow,2026-09-18T09:11:19.893952+00:00
MAT271,CPSE_C,PLANT05,INDUSTRIAL LUBRICANT ISO VG 68,INDUSTRIAL LUBRICANT ISO VG 68,LUBRICANTS,IN-LUB-00053,INDUSTRIAL LUBRICANT ISO VG 68,ACTIVE,BATCH-001,REVIEW_REQUIRED,True,PENDING,,,Material appears in review workflow,2026-09-18T09:11:19.893952+00:00
MAT272,CPSE_D,PLANT08,HYDRAULIC OIL ISO VG 68,HYDRAULIC OIL ISO VG 68,LUBRICANTS,IN-LUB-00054,HYDRAULIC OIL ISO VG 68,ACTIVE,BATCH-001,REVIEW_REQUIRED,True,PENDING,,,Material appears in review workflow,2026-09-18T09:11:19.893952+00:00
MAT273,CPSE_A,PLANT01,GEAR OIL SAE 90,GEAR OIL SAE 90,LUBRICANTS,IN-LUB-00055,GEAR OIL SAE 90,ACTIVE,BATCH-001,REVIEW_REQUIRED,True,PENDING,,,Material appears in review workflow,2026-09-18T09:11:19.893952+00:00
MAT274,CPSE_B,PLANT04,INDUSTRIAL GEAR LUBRICANT SAE 90,INDUSTRIAL GEAR LUBRICANT SAE 90,LUBRICANTS,IN-LUB-00056,INDUSTRIAL GEAR LUBRICANT SAE 90,ACTIVE,BATCH-001,REVIEW_REQUIRED,True,PENDING,,,Material appears in review workflow,2026-09-18T09:11:19.893952+00:00
MAT275,CPSE_C,PLANT05,POWER CABLE 4 CORE 1.1 KV XLPE,POWER CABLE 4 CORE 1.1 KV XLPE,ELECTRICAL,IN-ELC-00053,POWER CABLE 4 CORE 1.1 KV XLPE,ACTIVE,BATCH-001,READY_FOR_MIGRATION,False,NOT_REQUIRED,,,,2026-09-18T09:11:19.893952+00:00
MAT276,CPSE_D,PLANT08,4 CORE XLPE POWER CABLE 1100 VOLT,4 CORE XLPE POWER CABLE 1100 VOLT,ELECTRICAL,IN-ELC-00054,4 CORE XLPE POWER CABLE 1100 VOLT,ACTIVE,BATCH-001,READY_FOR_MIGRATION,False,NOT_REQUIRED,,,,2026-09-18T09:11:19.893952+00:00
MAT277,CPSE_A,PLANT01,PVC INSULATED CONTROL CABLE 2.5 SQ MM,PVC INSULATED CONTROL CABLE 2.5 SQ MM,ELECTRICAL,IN-ELC-00055,PVC INSULATED CONTROL CABLE 2.5 SQ MM,ACTIVE,BATCH-001,REVIEW_REQUIRED,True,PENDING,,,Material appears in review workflow,2026-09-18T09:11:19.893952+00:00
MAT278,CPSE_B,PLANT04,CONTROL CABLE PVC 2.5 MM2,CONTROL CABLE PVC 2.5 MM2,ELECTRICAL,IN-ELC-00056,CONTROL CABLE PVC 2.5 MM2,ACTIVE,BATCH-001,REVIEW_REQUIRED,True,PENDING,,,Material appears in review workflow,2026-09-18T09:11:19.893952+00:00
MAT279,CPSE_C,PLANT05,INDUSTRIAL SAFETY HELMET ABS,INDUSTRIAL SAFETY HELMET ABS,SAFETY_ITEMS,IN-SFT-00027,INDUSTRIAL SAFETY HELMET ABS,ACTIVE,BATCH-001,REVIEW_REQUIRED,True,PENDING,,,Material appears in review workflow,2026-09-18T09:11:19.893952+00:00
MAT280,CPSE_D,PLANT08,ABS HARD HAT INDUSTRIAL SAFETY,ABS HARD HAT INDUSTRIAL SAFETY,SAFETY_ITEMS,IN-SFT-00028,ABS HARD HAT INDUSTRIAL SAFETY,ACTIVE,BATCH-001,REVIEW_REQUIRED,True,PENDING,,,Material appears in review workflow,2026-09-18T09:11:19.893952+00:00
MAT281,CPSE_A,PLANT01,HEX BOLT M16 X 80 MM HIGH TENSILE STEEL,HEX BOLT M16 X 80 MM HIGH TENSILE STEEL,FASTENERS,IN-FST-00085,HEX BOLT M16 X 80 MM HIGH TENSILE STEEL,ACTIVE,BATCH-001,REVIEW_REQUIRED,True,PENDING,,,Material appears in review workflow,2026-09-18T09:11:19.893952+00:00
MAT282,CPSE_B,PLANT04,M16 HEXAGONAL BOLT 80MM HT STEEL,M16 HEXAGONAL BOLT 80MM HT STEEL,FASTENERS,IN-FST-00086,M16 HEXAGONAL BOLT 80MM HT STEEL,ACTIVE,BATCH-001,REVIEW_REQUIRED,True,PENDING,,,Material appears in review workflow,2026-09-18T09:11:19.893952+00:00
MAT283,CPSE_C,PLANT05,HEX NUT M16 HIGH TENSILE STEEL,HEX NUT M16 HIGH TENSILE STEEL,FASTENERS,IN-FST-00087,HEX NUT M16 HIGH TENSILE STEEL,ACTIVE,BATCH-001,REVIEW_REQUIRED,True,PENDING,,,Material appears in review workflow,2026-09-18T09:11:19.893952+00:00
MAT284,CPSE_D,PLANT08,M16 HEX NUT HT STEEL,M16 HEX NUT HT STEEL,FASTENERS,IN-FST-00088,M16 HEX NUT HT STEEL,ACTIVE,BATCH-001,REVIEW_REQUIRED,True,PENDING,,,Material appears in review workflow,2026-09-18T09:11:19.893952+00:00
MAT285,CPSE_A,PLANT01,FLAT WASHER M16 MS,FLAT WASHER M16 MS,FASTENERS,IN-FST-00089,FLAT WASHER M16 MS,ACTIVE,BATCH-001,REVIEW_REQUIRED,True,PENDING,,,Material appears in review workflow,2026-09-18T09:11:19.893952+00:00
MAT286,CPSE_B,PLANT04,M16 PLAIN WASHER MILD STEEL,M16 PLAIN WASHER MILD STEEL,FASTENERS,IN-FST-00090,M16 PLAIN WASHER MILD STEEL,ACTIVE,BATCH-001,REVIEW_REQUIRED,True,PENDING,,,Material appears in review workflow,2026-09-18T09:11:19.893952+00:00
MAT287,CPSE_C,PLANT05,BEARING BALL 6205 ZZ,BEARING BALL 6205 ZZ,BEARINGS,IN-BRG-00057,BEARING BALL 6205 ZZ,ACTIVE,BATCH-001,REVIEW_REQUIRED,True,PENDING,,,Material appears in review workflow,2026-09-18T09:11:19.893952+00:00
MAT288,CPSE_D,PLANT08,BALL BEARING 6205 ZZ SKF,BALL BEARING 6205 ZZ SKF,BEARINGS,IN-BRG-00058,BALL BEARING 6205 ZZ SKF,ACTIVE,BATCH-001,REVIEW_REQUIRED,True,PENDING,,,Material appears in review workflow,2026-09-18T09:11:19.893952+00:00
MAT289,CPSE_A,PLANT01,DEEP GROOVE BALL BEARING 6206 2RS,DEEP GROOVE BALL BEARING 6206 2RS,BEARINGS,IN-BRG-00059,DEEP GROOVE BALL BEARING 6206 2RS,ACTIVE,BATCH-001,REVIEW_REQUIRED,True,PENDING,,,Material appears in review workflow,2026-09-18T09:11:19.893952+00:00
MAT290,CPSE_B,PLANT04,6206 DOUBLE SEALED BALL BEARING FAG,6206 DOUBLE SEALED BALL BEARING FAG,BEARINGS,IN-BRG-00060,6206 DOUBLE SEALED BALL BEARING FAG,ACTIVE,BATCH-001,REVIEW_REQUIRED,True,PENDING,,,Material appears in review workflow,2026-09-18T09:11:19.893952+00:00
MAT291,CPSE_C,PLANT05,INDUSTRIAL LUBRICANT ISO VG 68,INDUSTRIAL LUBRICANT ISO VG 68,LUBRICANTS,IN-LUB-00057,INDUSTRIAL LUBRICANT ISO VG 68,ACTIVE,BATCH-001,REVIEW_REQUIRED,True,PENDING,,,Material appears in review workflow,2026-09-18T09:11:19.893952+00:00
MAT292,CPSE_D,PLANT08,HYDRAULIC OIL ISO VG 68,HYDRAULIC OIL ISO VG 68,LUBRICANTS,IN-LUB-00058,HYDRAULIC OIL ISO VG 68,ACTIVE,BATCH-001,REVIEW_REQUIRED,True,PENDING,,,Material appears in review workflow,2026-09-18T09:11:19.893952+00:00
MAT293,CPSE_A,PLANT01,GEAR OIL SAE 90,GEAR OIL SAE 90,LUBRICANTS,IN-LUB-00059,GEAR OIL SAE 90,ACTIVE,BATCH-001,REVIEW_REQUIRED,True,PENDING,,,Material appears in review workflow,2026-09-18T09:11:19.893952+00:00
MAT294,CPSE_B,PLANT04,INDUSTRIAL GEAR LUBRICANT SAE 90,INDUSTRIAL GEAR LUBRICANT SAE 90,LUBRICANTS,IN-LUB-00060,INDUSTRIAL GEAR LUBRICANT SAE 90,ACTIVE,BATCH-001,REVIEW_REQUIRED,True,PENDING,,,Material appears in review workflow,2026-09-18T09:11:19.893952+00:00
MAT295,CPSE_C,PLANT05,POWER CABLE 4 CORE 1.1 KV XLPE,POWER CABLE 4 CORE 1.1 KV XLPE,ELECTRICAL,IN-ELC-00057,POWER CABLE 4 CORE 1.1 KV XLPE,ACTIVE,BATCH-001,READY_FOR_MIGRATION,False,NOT_REQUIRED,,,,2026-09-18T09:11:19.893952+00:00
MAT296,CPSE_D,PLANT08,4 CORE XLPE POWER CABLE 1100 VOLT,4 CORE XLPE POWER CABLE 1100 VOLT,ELECTRICAL,IN-ELC-00058,4 CORE XLPE POWER CABLE 1100 VOLT,ACTIVE,BATCH-001,READY_FOR_MIGRATION,False,NOT_REQUIRED,,,,2026-09-18T09:11:19.893952+00:00
MAT297,CPSE_A,PLANT01,PVC INSULATED CONTROL CABLE 2.5 SQ MM,PVC INSULATED CONTROL CABLE 2.5 SQ MM,ELECTRICAL,IN-ELC-00059,PVC INSULATED CONTROL CABLE 2.5 SQ MM,ACTIVE,BATCH-001,REVIEW_REQUIRED,True,PENDING,,,Material appears in review workflow,2026-09-18T09:11:19.893952+00:00
MAT298,CPSE_B,PLANT04,CONTROL CABLE PVC 2.5 MM2,CONTROL CABLE PVC 2.5 MM2,ELECTRICAL,IN-ELC-00060,CONTROL CABLE PVC 2.5 MM2,ACTIVE,BATCH-001,REVIEW_REQUIRED,True,PENDING,,,Material appears in review workflow,2026-09-18T09:11:19.893952+00:00
MAT299,CPSE_C,PLANT05,INDUSTRIAL SAFETY HELMET ABS,INDUSTRIAL SAFETY HELMET ABS,SAFETY_ITEMS,IN-SFT-00029,INDUSTRIAL SAFETY HELMET ABS,ACTIVE,BATCH-001,REVIEW_REQUIRED,True,PENDING,,,Material appears in review workflow,2026-09-18T09:11:19.893952+00:00
MAT300,CPSE_D,PLANT08,ABS HARD HAT INDUSTRIAL SAFETY,ABS HARD HAT INDUSTRIAL SAFETY,SAFETY_ITEMS,IN-SFT-00030,ABS HARD HAT INDUSTRIAL SAFETY,ACTIVE,BATCH-001,REVIEW_REQUIRED,True,PENDING,,,Material appears in review workflow,2026-09-18T09:11:19.893952+00:00
