material_id,material_description,material_group,unit_of_measure,manufacturer,part_number,plant,source_cpse,standardized_unit_of_measure,standardized_manufacturer,standardized_part_number,material_classification,standardized_description,standardization_confidence,standardization_issues,standardization_status,national_material_code,national_code_status,national_code_version,national_code_source,national_material_name,national_material_group,source_material_id,national_code_generation_status
MAT001,HEX BOLT M16 X 80 MM HIGH TENSILE STEEL,FASTENERS,EA,TVS,M16-80-HT,PLANT01,CPSE_A,EA,TVS,M16-80-HT,FASTENERS,HEX BOLT M16 X 80 MM HIGH TENSILE STEEL,HIGH,,STANDARDIZED,IN-FST-00001,ACTIVE,v1,standardized_materials,HEX BOLT M16 X 80 MM HIGH TENSILE STEEL,FASTENERS,MAT001,GENERATED
MAT002,M16 HEXAGONAL BOLT 80MM HT STEEL,FASTENERS,EA,TVS,M16-80-HT,PLANT04,CPSE_B,EA,TVS,M16-80-HT,FASTENERS,M16 HEXAGONAL BOLT 80MM HT STEEL,HIGH,,STANDARDIZED,IN-FST-00002,ACTIVE,v1,standardized_materials,M16 HEXAGONAL BOLT 80MM HT STEEL,FASTENERS,MAT002,GENERATED
MAT003,HEX NUT M16 HIGH TENSILE STEEL,FASTENERS,EA,TVS,M16-NUT-HT,PLANT05,CPSE_C,EA,TVS,M16-NUT-HT,FASTENERS,HEX NUT M16 HIGH TENSILE STEEL,HIGH,,STANDARDIZED,IN-FST-00003,ACTIVE,v1,standardized_materials,HEX NUT M16 HIGH TENSILE STEEL,FASTENERS,MAT003,GENERATED
MAT004,M16 HEX NUT HT STEEL,FASTENERS,EA,TVS,M16-NUT-HT,PLANT08,CPSE_D,EA,TVS,M16-NUT-HT,FASTENERS,M16 HEX NUT HT STEEL,HIGH,,STANDARDIZED,IN-FST-00004,ACTIVE,v1,standardized_materials,M16 HEX NUT HT STEEL,FASTENERS,MAT004,GENERATED
MAT005,FLAT WASHER M16 MS,FASTENERS,EA,UNBRANDED,M16-WASHER,PLANT01,CPSE_A,EA,UNBRANDED,M16-WASHER,FASTENERS,FLAT WASHER M16 MS,HIGH,,STANDARDIZED,IN-FST-00005,ACTIVE,v1,standardized_materials,FLAT WASHER M16 MS,FASTENERS,MAT005,GENERATED
MAT006,M16 PLAIN WASHER MILD STEEL,FASTENERS,EA,UNBRANDED,M16-WASHER,PLANT04,CPSE_B,EA,UNBRANDED,M16-WASHER,FASTENERS,M16 PLAIN WASHER MILD STEEL,HIGH,,STANDARDIZED,IN-FST-00006,ACTIVE,v1,standardized_materials,M16 PLAIN WASHER MILD STEEL,FASTENERS,MAT006,GENERATED
MAT007,BEARING BALL 6205 ZZ,BEARINGS,EA,SKF,6205-ZZ,PLANT05,CPSE_C,EA,SKF,6205-ZZ,BEARINGS,BEARING BALL 6205 ZZ,HIGH,,STANDARDIZED,IN-BRG-00001,ACTIVE,v1,standardized_materials,BEARING BALL 6205 ZZ,BEARINGS,MAT007,GENERATED
MAT008,BALL BEARING 6205 ZZ SKF,BEARINGS,EA,SKF,6205-ZZ,PLANT08,CPSE_D,EA,SKF,6205-ZZ,BEARINGS,BALL BEARING 6205 ZZ SKF,HIGH,,STANDARDIZED,IN-BRG-00002,ACTIVE,v1,standardized_materials,BALL BEARING 6205 ZZ SKF,BEARINGS,MAT008,GENERATED
MAT009,DEEP GROOVE BALL BEARING 6206 2RS,BEARINGS,EA,FAG,6206-2RS,PLANT01,CPSE_A,EA,FAG,6206-2RS,BEARINGS,DEEP GROOVE BALL BEARING 6206 2RS,HIGH,,STANDARDIZED,IN-BRG-00003,ACTIVE,v1,standardized_materials,DEEP GROOVE BALL BEARING 6206 2RS,BEARINGS,MAT009,GENERATED
MAT010,6206 DOUBLE SEALED BALL BEARING FAG,BEARINGS,EA,FAG,6206-2RS,PLANT04,CPSE_B,EA,FAG,6206-2RS,BEARINGS,6206 DOUBLE SEALED BALL BEARING FAG,HIGH,,STANDARDIZED,IN-BRG-00004,ACTIVE,v1,standardized_materials,6206 DOUBLE SEALED BALL BEARING FAG,BEARINGS,MAT010,GENERATED
MAT011,INDUSTRIAL LUBRICANT ISO VG 68,LUBRICANTS,LTR,SERVO,ISO68,PLANT05,CPSE_C,L,SERVO,ISO68,LUBRICANTS,INDUSTRIAL LUBRICANT ISO VG 68,HIGH,,STANDARDIZED,IN-LUB-00001,ACTIVE,v1,standardized_materials,INDUSTRIAL LUBRICANT ISO VG 68,LUBRICANTS,MAT011,GENERATED
MAT012,HYDRAULIC OIL ISO VG 68,LUBRICANTS,LTR,SERVO,ISO68,PLANT08,CPSE_D,L,SERVO,ISO68,LUBRICANTS,HYDRAULIC OIL ISO VG 68,HIGH,,STANDARDIZED,IN-LUB-00002,ACTIVE,v1,standardized_materials,HYDRAULIC OIL ISO VG 68,LUBRICANTS,MAT012,GENERATED
MAT013,GEAR OIL SAE 90,LUBRICANTS,LTR,CASTROL,SAE90,PLANT01,CPSE_A,L,CASTROL,SAE90,LUBRICANTS,GEAR OIL SAE 90,HIGH,,STANDARDIZED,IN-LUB-00003,ACTIVE,v1,standardized_materials,GEAR OIL SAE 90,LUBRICANTS,MAT013,GENERATED
MAT014,INDUSTRIAL GEAR LUBRICANT SAE 90,LUBRICANTS,LTR,CASTROL,SAE90,PLANT04,CPSE_B,L,CASTROL,SAE90,LUBRICANTS,INDUSTRIAL GEAR LUBRICANT SAE 90,HIGH,,STANDARDIZED,IN-LUB-00004,ACTIVE,v1,standardized_materials,INDUSTRIAL GEAR LUBRICANT SAE 90,LUBRICANTS,MAT014,GENERATED
MAT015,POWER CABLE 4 CORE 1.1 KV XLPE,CABLES,MTR,POLYCAB,4C-1.1KV,PLANT05,CPSE_C,M,POLYCAB,4C-1.1KV,ELECTRICAL,POWER CABLE 4 CORE 1.1 KV XLPE,HIGH,,STANDARDIZED,IN-ELC-00001,ACTIVE,v1,standardized_materials,POWER CABLE 4 CORE 1.1 KV XLPE,ELECTRICAL,MAT015,GENERATED
MAT016,4 CORE XLPE POWER CABLE 1100 VOLT,CABLES,MTR,POLYCAB,4C-1.1KV,PLANT08,CPSE_D,M,POLYCAB,4C-1.1KV,ELECTRICAL,4 CORE XLPE POWER CABLE 1100 VOLT,HIGH,,STANDARDIZED,IN-ELC-00002,ACTIVE,v1,standardized_materials,4 CORE XLPE POWER CABLE 1100 VOLT,ELECTRICAL,MAT016,GENERATED
MAT017,PVC INSULATED CONTROL CABLE 2.5 SQ MM,CABLES,MTR,FINOLEX,2.5SQMM,PLANT01,CPSE_A,M,FINOLEX,2.5SQMM,ELECTRICAL,PVC INSULATED CONTROL CABLE 2.5 SQ MM,HIGH,,STANDARDIZED,IN-ELC-00003,ACTIVE,v1,standardized_materials,PVC INSULATED CONTROL CABLE 2.5 SQ MM,ELECTRICAL,MAT017,GENERATED
MAT018,CONTROL CABLE PVC 2.5 MM2,CABLES,MTR,FINOLEX,2.5SQMM,PLANT04,CPSE_B,M,FINOLEX,2.5SQMM,ELECTRICAL,CONTROL CABLE PVC 2.5 MM2,HIGH,,STANDARDIZED,IN-ELC-00004,ACTIVE,v1,standardized_materials,CONTROL CABLE PVC 2.5 MM2,ELECTRICAL,MAT018,GENERATED
MAT019,INDUSTRIAL SAFETY HELMET ABS,SAFETY,EA,KARAM,HELMET-ABS,PLANT05,CPSE_C,EA,KARAM,HELMET-ABS,SAFETY_ITEMS,INDUSTRIAL SAFETY HELMET ABS,HIGH,,STANDARDIZED,IN-SFT-00001,ACTIVE,v1,standardized_materials,INDUSTRIAL SAFETY HELMET ABS,SAFETY_ITEMS,MAT019,GENERATED
MAT020,ABS HARD HAT INDUSTRIAL SAFETY,SAFETY,EA,KARAM,HELMET-ABS,PLANT08,CPSE_D,EA,KARAM,HELMET-ABS,SAFETY_ITEMS,ABS HARD HAT INDUSTRIAL SAFETY,HIGH,,STANDARDIZED,IN-SFT-00002,ACTIVE,v1,standardized_materials,ABS HARD HAT INDUSTRIAL SAFETY,SAFETY_ITEMS,MAT020,GENERATED
MAT021,HEX BOLT M16 X 80 MM HIGH TENSILE STEEL,FASTENERS,EA,TVS,M16-80-HT,PLANT01,CPSE_A,EA,TVS,M16-80-HT,FASTENERS,HEX BOLT M16 X 80 MM HIGH TENSILE STEEL,HIGH,,STANDARDIZED,IN-FST-00007,ACTIVE,v1,standardized_materials,HEX BOLT M16 X 80 MM HIGH TENSILE STEEL,FASTENERS,MAT021,GENERATED
MAT022,M16 HEXAGONAL BOLT 80MM HT STEEL,FASTENERS,EA,TVS,M16-80-HT,PLANT04,CPSE_B,EA,TVS,M16-80-HT,FASTENERS,M16 HEXAGONAL BOLT 80MM HT STEEL,HIGH,,STANDARDIZED,IN-FST-00008,ACTIVE,v1,standardized_materials,M16 HEXAGONAL BOLT 80MM HT STEEL,FASTENERS,MAT022,GENERATED
MAT023,HEX NUT M16 HIGH TENSILE STEEL,FASTENERS,EA,TVS,M16-NUT-HT,PLANT05,CPSE_C,EA,TVS,M16-NUT-HT,FASTENERS,HEX NUT M16 HIGH TENSILE STEEL,HIGH,,STANDARDIZED,IN-FST-00009,ACTIVE,v1,standardized_materials,HEX NUT M16 HIGH TENSILE STEEL,FASTENERS,MAT023,GENERATED
MAT024,M16 HEX NUT HT STEEL,FASTENERS,EA,TVS,M16-NUT-HT,PLANT08,CPSE_D,EA,TVS,M16-NUT-HT,FASTENERS,M16 HEX NUT HT STEEL,HIGH,,STANDARDIZED,IN-FST-00010,ACTIVE,v1,standardized_materials,M16 HEX NUT HT STEEL,FASTENERS,MAT024,GENERATED
MAT025,FLAT WASHER M16 MS,FASTENERS,EA,UNBRANDED,M16-WASHER,PLANT01,CPSE_A,EA,UNBRANDED,M16-WASHER,FASTENERS,FLAT WASHER M16 MS,HIGH,,STANDARDIZED,IN-FST-00011,ACTIVE,v1,standardized_materials,FLAT WASHER M16 MS,FASTENERS,MAT025,GENERATED
MAT026,M16 PLAIN WASHER MILD STEEL,FASTENERS,EA,UNBRANDED,M16-WASHER,PLANT04,CPSE_B,EA,UNBRANDED,M16-WASHER,FASTENERS,M16 PLAIN WASHER MILD STEEL,HIGH,,STANDARDIZED,IN-FST-00012,ACTIVE,v1,standardized_materials,M16 PLAIN WASHER MILD STEEL,FASTENERS,MAT026,GENERATED
MAT027,BEARING BALL 6205 ZZ,BEARINGS,EA,SKF,6205-ZZ,PLANT05,CPSE_C,EA,SKF,6205-ZZ,BEARINGS,BEARING BALL 6205 ZZ,HIGH,,STANDARDIZED,IN-BRG-00005,ACTIVE,v1,standardized_materials,BEARING BALL 6205 ZZ,BEARINGS,MAT027,GENERATED
MAT028,BALL BEARING 6205 ZZ SKF,BEARINGS,EA,SKF,6205-ZZ,PLANT08,CPSE_D,EA,SKF,6205-ZZ,BEARINGS,BALL BEARING 6205 ZZ SKF,HIGH,,STANDARDIZED,IN-BRG-00006,ACTIVE,v1,standardized_materials,BALL BEARING 6205 ZZ SKF,BEARINGS,MAT028,GENERATED
MAT029,DEEP GROOVE BALL BEARING 6206 2RS,BEARINGS,EA,FAG,6206-2RS,PLANT01,CPSE_A,EA,FAG,6206-2RS,BEARINGS,DEEP GROOVE BALL BEARING 6206 2RS,HIGH,,STANDARDIZED,IN-BRG-00007,ACTIVE,v1,standardized_materials,DEEP GROOVE BALL BEARING 6206 2RS,BEARINGS,MAT029,GENERATED
MAT030,6206 DOUBLE SEALED BALL BEARING FAG,BEARINGS,EA,FAG,6206-2RS,PLANT04,CPSE_B,EA,FAG,6206-2RS,BEARINGS,6206 DOUBLE SEALED BALL BEARING FAG,HIGH,,STANDARDIZED,IN-BRG-00008,ACTIVE,v1,standardized_materials,6206 DOUBLE SEALED BALL BEARING FAG,BEARINGS,MAT030,GENERATED
MAT031,INDUSTRIAL LUBRICANT ISO VG 68,LUBRICANTS,LTR,SERVO,ISO68,PLANT05,CPSE_C,L,SERVO,ISO68,LUBRICANTS,INDUSTRIAL LUBRICANT ISO VG 68,HIGH,,STANDARDIZED,IN-LUB-00005,ACTIVE,v1,standardized_materials,INDUSTRIAL LUBRICANT ISO VG 68,LUBRICANTS,MAT031,GENERATED
MAT032,HYDRAULIC OIL ISO VG 68,LUBRICANTS,LTR,SERVO,ISO68,PLANT08,CPSE_D,L,SERVO,ISO68,LUBRICANTS,HYDRAULIC OIL ISO VG 68,HIGH,,STANDARDIZED,IN-LUB-00006,ACTIVE,v1,standardized_materials,HYDRAULIC OIL ISO VG 68,LUBRICANTS,MAT032,GENERATED
MAT033,GEAR OIL SAE 90,LUBRICANTS,LTR,CASTROL,SAE90,PLANT01,CPSE_A,L,CASTROL,SAE90,LUBRICANTS,GEAR OIL SAE 90,HIGH,,STANDARDIZED,IN-LUB-00007,ACTIVE,v1,standardized_materials,GEAR OIL SAE 90,LUBRICANTS,MAT033,GENERATED
MAT034,INDUSTRIAL GEAR LUBRICANT SAE 90,LUBRICANTS,LTR,CASTROL,SAE90,PLANT04,CPSE_B,L,CASTROL,SAE90,LUBRICANTS,INDUSTRIAL GEAR LUBRICANT SAE 90,HIGH,,STANDARDIZED,IN-LUB-00008,ACTIVE,v1,standardized_materials,INDUSTRIAL GEAR LUBRICANT SAE 90,LUBRICANTS,MAT034,GENERATED
MAT035,POWER CABLE 4 CORE 1.1 KV XLPE,CABLES,MTR,POLYCAB,4C-1.1KV,PLANT05,CPSE_C,M,POLYCAB,4C-1.1KV,ELECTRICAL,POWER CABLE 4 CORE 1.1 KV XLPE,HIGH,,STANDARDIZED,IN-ELC-00005,ACTIVE,v1,standardized_materials,POWER CABLE 4 CORE 1.1 KV XLPE,ELECTRICAL,MAT035,GENERATED
MAT036,4 CORE XLPE POWER CABLE 1100 VOLT,CABLES,MTR,POLYCAB,4C-1.1KV,PLANT08,CPSE_D,M,POLYCAB,4C-1.1KV,ELECTRICAL,4 CORE XLPE POWER CABLE 1100 VOLT,HIGH,,STANDARDIZED,IN-ELC-00006,ACTIVE,v1,standardized_materials,4 CORE XLPE POWER CABLE 1100 VOLT,ELECTRICAL,MAT036,GENERATED
MAT037,PVC INSULATED CONTROL CABLE 2.5 SQ MM,CABLES,MTR,FINOLEX,2.5SQMM,PLANT01,CPSE_A,M,FINOLEX,2.5SQMM,ELECTRICAL,PVC INSULATED CONTROL CABLE 2.5 SQ MM,HIGH,,STANDARDIZED,IN-ELC-00007,ACTIVE,v1,standardized_materials,PVC INSULATED CONTROL CABLE 2.5 SQ MM,ELECTRICAL,MAT037,GENERATED
MAT038,CONTROL CABLE PVC 2.5 MM2,CABLES,MTR,FINOLEX,2.5SQMM,PLANT04,CPSE_B,M,FINOLEX,2.5SQMM,ELECTRICAL,CONTROL CABLE PVC 2.5 MM2,HIGH,,STANDARDIZED,IN-ELC-00008,ACTIVE,v1,standardized_materials,CONTROL CABLE PVC 2.5 MM2,ELECTRICAL,MAT038,GENERATED
MAT039,INDUSTRIAL SAFETY HELMET ABS,SAFETY,EA,KARAM,HELMET-ABS,PLANT05,CPSE_C,EA,KARAM,HELMET-ABS,SAFETY_ITEMS,INDUSTRIAL SAFETY HELMET ABS,HIGH,,STANDARDIZED,IN-SFT-00003,ACTIVE,v1,standardized_materials,INDUSTRIAL SAFETY HELMET ABS,SAFETY_ITEMS,MAT039,GENERATED
MAT040,ABS HARD HAT INDUSTRIAL SAFETY,SAFETY,EA,KARAM,HELMET-ABS,PLANT08,CPSE_D,EA,KARAM,HELMET-ABS,SAFETY_ITEMS,ABS HARD HAT INDUSTRIAL SAFETY,HIGH,,STANDARDIZED,IN-SFT-00004,ACTIVE,v1,standardized_materials,ABS HARD HAT INDUSTRIAL SAFETY,SAFETY_ITEMS,MAT040,GENERATED
MAT041,HEX BOLT M16 X 80 MM HIGH TENSILE STEEL,FASTENERS,EA,TVS,M16-80-HT,PLANT01,CPSE_A,EA,TVS,M16-80-HT,FASTENERS,HEX BOLT M16 X 80 MM HIGH TENSILE STEEL,HIGH,,STANDARDIZED,IN-FST-00013,ACTIVE,v1,standardized_materials,HEX BOLT M16 X 80 MM HIGH TENSILE STEEL,FASTENERS,MAT041,GENERATED
MAT042,M16 HEXAGONAL BOLT 80MM HT STEEL,FASTENERS,EA,TVS,M16-80-HT,PLANT04,CPSE_B,EA,TVS,M16-80-HT,FASTENERS,M16 HEXAGONAL BOLT 80MM HT STEEL,HIGH,,STANDARDIZED,IN-FST-00014,ACTIVE,v1,standardized_materials,M16 HEXAGONAL BOLT 80MM HT STEEL,FASTENERS,MAT042,GENERATED
MAT043,HEX NUT M16 HIGH TENSILE STEEL,FASTENERS,EA,TVS,M16-NUT-HT,PLANT05,CPSE_C,EA,TVS,M16-NUT-HT,FASTENERS,HEX NUT M16 HIGH TENSILE STEEL,HIGH,,STANDARDIZED,IN-FST-00015,ACTIVE,v1,standardized_materials,HEX NUT M16 HIGH TENSILE STEEL,FASTENERS,MAT043,GENERATED
MAT044,M16 HEX NUT HT STEEL,FASTENERS,EA,TVS,M16-NUT-HT,PLANT08,CPSE_D,EA,TVS,M16-NUT-HT,FASTENERS,M16 HEX NUT HT STEEL,HIGH,,STANDARDIZED,IN-FST-00016,ACTIVE,v1,standardized_materials,M16 HEX NUT HT STEEL,FASTENERS,MAT044,GENERATED
MAT045,FLAT WASHER M16 MS,FASTENERS,EA,UNBRANDED,M16-WASHER,PLANT01,CPSE_A,EA,UNBRANDED,M16-WASHER,FASTENERS,FLAT WASHER M16 MS,HIGH,,STANDARDIZED,IN-FST-00017,ACTIVE,v1,standardized_materials,FLAT WASHER M16 MS,FASTENERS,MAT045,GENERATED
MAT046,M16 PLAIN WASHER MILD STEEL,FASTENERS,EA,UNBRANDED,M16-WASHER,PLANT04,CPSE_B,EA,UNBRANDED,M16-WASHER,FASTENERS,M16 PLAIN WASHER MILD STEEL,HIGH,,STANDARDIZED,IN-FST-00018,ACTIVE,v1,standardized_materials,M16 PLAIN WASHER MILD STEEL,FASTENERS,MAT046,GENERATED
MAT047,BEARING BALL 6205 ZZ,BEARINGS,EA,SKF,6205-ZZ,PLANT05,CPSE_C,EA,SKF,6205-ZZ,BEARINGS,BEARING BALL 6205 ZZ,HIGH,,STANDARDIZED,IN-BRG-00009,ACTIVE,v1,standardized_materials,BEARING BALL 6205 ZZ,BEARINGS,MAT047,GENERATED
MAT048,BALL BEARING 6205 ZZ SKF,BEARINGS,EA,SKF,6205-ZZ,PLANT08,CPSE_D,EA,SKF,6205-ZZ,BEARINGS,BALL BEARING 6205 ZZ SKF,HIGH,,STANDARDIZED,IN-BRG-00010,ACTIVE,v1,standardized_materials,BALL BEARING 6205 ZZ SKF,BEARINGS,MAT048,GENERATED
MAT049,DEEP GROOVE BALL BEARING 6206 2RS,BEARINGS,EA,FAG,6206-2RS,PLANT01,CPSE_A,EA,FAG,6206-2RS,BEARINGS,DEEP GROOVE BALL BEARING 6206 2RS,HIGH,,STANDARDIZED,IN-BRG-00011,ACTIVE,v1,standardized_materials,DEEP GROOVE BALL BEARING 6206 2RS,BEARINGS,MAT049,GENERATED
MAT050,6206 DOUBLE SEALED BALL BEARING FAG,BEARINGS,EA,FAG,6206-2RS,PLANT04,CPSE_B,EA,FAG,6206-2RS,BEARINGS,6206 DOUBLE SEALED BALL BEARING FAG,HIGH,,STANDARDIZED,IN-BRG-00012,ACTIVE,v1,standardized_materials,6206 DOUBLE SEALED BALL BEARING FAG,BEARINGS,MAT050,GENERATED
MAT051,INDUSTRIAL LUBRICANT ISO VG 68,LUBRICANTS,LTR,SERVO,ISO68,PLANT05,CPSE_C,L,SERVO,ISO68,LUBRICANTS,INDUSTRIAL LUBRICANT ISO VG 68,HIGH,,STANDARDIZED,IN-LUB-00009,ACTIVE,v1,standardized_materials,INDUSTRIAL LUBRICANT ISO VG 68,LUBRICANTS,MAT051,GENERATED
MAT052,HYDRAULIC OIL ISO VG 68,LUBRICANTS,LTR,SERVO,ISO68,PLANT08,CPSE_D,L,SERVO,ISO68,LUBRICANTS,HYDRAULIC OIL ISO VG 68,HIGH,,STANDARDIZED,IN-LUB-00010,ACTIVE,v1,standardized_materials,HYDRAULIC OIL ISO VG 68,LUBRICANTS,MAT052,GENERATED
MAT053,GEAR OIL SAE 90,LUBRICANTS,LTR,CASTROL,SAE90,PLANT01,CPSE_A,L,CASTROL,SAE90,LUBRICANTS,GEAR OIL SAE 90,HIGH,,STANDARDIZED,IN-LUB-00011,ACTIVE,v1,standardized_materials,GEAR OIL SAE 90,LUBRICANTS,MAT053,GENERATED
MAT054,INDUSTRIAL GEAR LUBRICANT SAE 90,LUBRICANTS,LTR,CASTROL,SAE90,PLANT04,CPSE_B,L,CASTROL,SAE90,LUBRICANTS,INDUSTRIAL GEAR LUBRICANT SAE 90,HIGH,,STANDARDIZED,IN-LUB-00012,ACTIVE,v1,standardized_materials,INDUSTRIAL GEAR LUBRICANT SAE 90,LUBRICANTS,MAT054,GENERATED
MAT055,POWER CABLE 4 CORE 1.1 KV XLPE,CABLES,MTR,POLYCAB,4C-1.1KV,PLANT05,CPSE_C,M,POLYCAB,4C-1.1KV,ELECTRICAL,POWER CABLE 4 CORE 1.1 KV XLPE,HIGH,,STANDARDIZED,IN-ELC-00009,ACTIVE,v1,standardized_materials,POWER CABLE 4 CORE 1.1 KV XLPE,ELECTRICAL,MAT055,GENERATED
MAT056,4 CORE XLPE POWER CABLE 1100 VOLT,CABLES,MTR,POLYCAB,4C-1.1KV,PLANT08,CPSE_D,M,POLYCAB,4C-1.1KV,ELECTRICAL,4 CORE XLPE POWER CABLE 1100 VOLT,HIGH,,STANDARDIZED,IN-ELC-00010,ACTIVE,v1,standardized_materials,4 CORE XLPE POWER CABLE 1100 VOLT,ELECTRICAL,MAT056,GENERATED
MAT057,PVC INSULATED CONTROL CABLE 2.5 SQ MM,CABLES,MTR,FINOLEX,2.5SQMM,PLANT01,CPSE_A,M,FINOLEX,2.5SQMM,ELECTRICAL,PVC INSULATED CONTROL CABLE 2.5 SQ MM,HIGH,,STANDARDIZED,IN-ELC-00011,ACTIVE,v1,standardized_materials,PVC INSULATED CONTROL CABLE 2.5 SQ MM,ELECTRICAL,MAT057,GENERATED
MAT058,CONTROL CABLE PVC 2.5 MM2,CABLES,MTR,FINOLEX,2.5SQMM,PLANT04,CPSE_B,M,FINOLEX,2.5SQMM,ELECTRICAL,CONTROL CABLE PVC 2.5 MM2,HIGH,,STANDARDIZED,IN-ELC-00012,ACTIVE,v1,standardized_materials,CONTROL CABLE PVC 2.5 MM2,ELECTRICAL,MAT058,GENERATED
MAT059,INDUSTRIAL SAFETY HELMET ABS,SAFETY,EA,KARAM,HELMET-ABS,PLANT05,CPSE_C,EA,KARAM,HELMET-ABS,SAFETY_ITEMS,INDUSTRIAL SAFETY HELMET ABS,HIGH,,STANDARDIZED,IN-SFT-00005,ACTIVE,v1,standardized_materials,INDUSTRIAL SAFETY HELMET ABS,SAFETY_ITEMS,MAT059,GENERATED
MAT060,ABS HARD HAT INDUSTRIAL SAFETY,SAFETY,EA,KARAM,HELMET-ABS,PLANT08,CPSE_D,EA,KARAM,HELMET-ABS,SAFETY_ITEMS,ABS HARD HAT INDUSTRIAL SAFETY,HIGH,,STANDARDIZED,IN-SFT-00006,ACTIVE,v1,standardized_materials,ABS HARD HAT INDUSTRIAL SAFETY,SAFETY_ITEMS,MAT060,GENERATED
MAT061,HEX BOLT M16 X 80 MM HIGH TENSILE STEEL,FASTENERS,EA,TVS,M16-80-HT,PLANT01,CPSE_A,EA,TVS,M16-80-HT,FASTENERS,HEX BOLT M16 X 80 MM HIGH TENSILE STEEL,HIGH,,STANDARDIZED,IN-FST-00019,ACTIVE,v1,standardized_materials,HEX BOLT M16 X 80 MM HIGH TENSILE STEEL,FASTENERS,MAT061,GENERATED
MAT062,M16 HEXAGONAL BOLT 80MM HT STEEL,FASTENERS,EA,TVS,M16-80-HT,PLANT04,CPSE_B,EA,TVS,M16-80-HT,FASTENERS,M16 HEXAGONAL BOLT 80MM HT STEEL,HIGH,,STANDARDIZED,IN-FST-00020,ACTIVE,v1,standardized_materials,M16 HEXAGONAL BOLT 80MM HT STEEL,FASTENERS,MAT062,GENERATED
MAT063,HEX NUT M16 HIGH TENSILE STEEL,FASTENERS,EA,TVS,M16-NUT-HT,PLANT05,CPSE_C,EA,TVS,M16-NUT-HT,FASTENERS,HEX NUT M16 HIGH TENSILE STEEL,HIGH,,STANDARDIZED,IN-FST-00021,ACTIVE,v1,standardized_materials,HEX NUT M16 HIGH TENSILE STEEL,FASTENERS,MAT063,GENERATED
MAT064,M16 HEX NUT HT STEEL,FASTENERS,EA,TVS,M16-NUT-HT,PLANT08,CPSE_D,EA,TVS,M16-NUT-HT,FASTENERS,M16 HEX NUT HT STEEL,HIGH,,STANDARDIZED,IN-FST-00022,ACTIVE,v1,standardized_materials,M16 HEX NUT HT STEEL,FASTENERS,MAT064,GENERATED
MAT065,FLAT WASHER M16 MS,FASTENERS,EA,UNBRANDED,M16-WASHER,PLANT01,CPSE_A,EA,UNBRANDED,M16-WASHER,FASTENERS,FLAT WASHER M16 MS,HIGH,,STANDARDIZED,IN-FST-00023,ACTIVE,v1,standardized_materials,FLAT WASHER M16 MS,FASTENERS,MAT065,GENERATED
MAT066,M16 PLAIN WASHER MILD STEEL,FASTENERS,EA,UNBRANDED,M16-WASHER,PLANT04,CPSE_B,EA,UNBRANDED,M16-WASHER,FASTENERS,M16 PLAIN WASHER MILD STEEL,HIGH,,STANDARDIZED,IN-FST-00024,ACTIVE,v1,standardized_materials,M16 PLAIN WASHER MILD STEEL,FASTENERS,MAT066,GENERATED
MAT067,BEARING BALL 6205 ZZ,BEARINGS,EA,SKF,6205-ZZ,PLANT05,CPSE_C,EA,SKF,6205-ZZ,BEARINGS,BEARING BALL 6205 ZZ,HIGH,,STANDARDIZED,IN-BRG-00013,ACTIVE,v1,standardized_materials,BEARING BALL 6205 ZZ,BEARINGS,MAT067,GENERATED
MAT068,BALL BEARING 6205 ZZ SKF,BEARINGS,EA,SKF,6205-ZZ,PLANT08,CPSE_D,EA,SKF,6205-ZZ,BEARINGS,BALL BEARING 6205 ZZ SKF,HIGH,,STANDARDIZED,IN-BRG-00014,ACTIVE,v1,standardized_materials,BALL BEARING 6205 ZZ SKF,BEARINGS,MAT068,GENERATED
MAT069,DEEP GROOVE BALL BEARING 6206 2RS,BEARINGS,EA,FAG,6206-2RS,PLANT01,CPSE_A,EA,FAG,6206-2RS,BEARINGS,DEEP GROOVE BALL BEARING 6206 2RS,HIGH,,STANDARDIZED,IN-BRG-00015,ACTIVE,v1,standardized_materials,DEEP GROOVE BALL BEARING 6206 2RS,BEARINGS,MAT069,GENERATED
MAT070,6206 DOUBLE SEALED BALL BEARING FAG,BEARINGS,EA,FAG,6206-2RS,PLANT04,CPSE_B,EA,FAG,6206-2RS,BEARINGS,6206 DOUBLE SEALED BALL BEARING FAG,HIGH,,STANDARDIZED,IN-BRG-00016,ACTIVE,v1,standardized_materials,6206 DOUBLE SEALED BALL BEARING FAG,BEARINGS,MAT070,GENERATED
MAT071,INDUSTRIAL LUBRICANT ISO VG 68,LUBRICANTS,LTR,SERVO,ISO68,PLANT05,CPSE_C,L,SERVO,ISO68,LUBRICANTS,INDUSTRIAL LUBRICANT ISO VG 68,HIGH,,STANDARDIZED,IN-LUB-00013,ACTIVE,v1,standardized_materials,INDUSTRIAL LUBRICANT ISO VG 68,LUBRICANTS,MAT071,GENERATED
MAT072,HYDRAULIC OIL ISO VG 68,LUBRICANTS,LTR,SERVO,ISO68,PLANT08,CPSE_D,L,SERVO,ISO68,LUBRICANTS,HYDRAULIC OIL ISO VG 68,HIGH,,STANDARDIZED,IN-LUB-00014,ACTIVE,v1,standardized_materials,HYDRAULIC OIL ISO VG 68,LUBRICANTS,MAT072,GENERATED
MAT073,GEAR OIL SAE 90,LUBRICANTS,LTR,CASTROL,SAE90,PLANT01,CPSE_A,L,CASTROL,SAE90,LUBRICANTS,GEAR OIL SAE 90,HIGH,,STANDARDIZED,IN-LUB-00015,ACTIVE,v1,standardized_materials,GEAR OIL SAE 90,LUBRICANTS,MAT073,GENERATED
MAT074,INDUSTRIAL GEAR LUBRICANT SAE 90,LUBRICANTS,LTR,CASTROL,SAE90,PLANT04,CPSE_B,L,CASTROL,SAE90,LUBRICANTS,INDUSTRIAL GEAR LUBRICANT SAE 90,HIGH,,STANDARDIZED,IN-LUB-00016,ACTIVE,v1,standardized_materials,INDUSTRIAL GEAR LUBRICANT SAE 90,LUBRICANTS,MAT074,GENERATED
MAT075,POWER CABLE 4 CORE 1.1 KV XLPE,CABLES,MTR,POLYCAB,4C-1.1KV,PLANT05,CPSE_C,M,POLYCAB,4C-1.1KV,ELECTRICAL,POWER CABLE 4 CORE 1.1 KV XLPE,HIGH,,STANDARDIZED,IN-ELC-00013,ACTIVE,v1,standardized_materials,POWER CABLE 4 CORE 1.1 KV XLPE,ELECTRICAL,MAT075,GENERATED
MAT076,4 CORE XLPE POWER CABLE 1100 VOLT,CABLES,MTR,POLYCAB,4C-1.1KV,PLANT08,CPSE_D,M,POLYCAB,4C-1.1KV,ELECTRICAL,4 CORE XLPE POWER CABLE 1100 VOLT,HIGH,,STANDARDIZED,IN-ELC-00014,ACTIVE,v1,standardized_materials,4 CORE XLPE POWER CABLE 1100 VOLT,ELECTRICAL,MAT076,GENERATED
MAT077,PVC INSULATED CONTROL CABLE 2.5 SQ MM,CABLES,MTR,FINOLEX,2.5SQMM,PLANT01,CPSE_A,M,FINOLEX,2.5SQMM,ELECTRICAL,PVC INSULATED CONTROL CABLE 2.5 SQ MM,HIGH,,STANDARDIZED,IN-ELC-00015,ACTIVE,v1,standardized_materials,PVC INSULATED CONTROL CABLE 2.5 SQ MM,ELECTRICAL,MAT077,GENERATED
MAT078,CONTROL CABLE PVC 2.5 MM2,CABLES,MTR,FINOLEX,2.5SQMM,PLANT04,CPSE_B,M,FINOLEX,2.5SQMM,ELECTRICAL,CONTROL CABLE PVC 2.5 MM2,HIGH,,STANDARDIZED,IN-ELC-00016,ACTIVE,v1,standardized_materials,CONTROL CABLE PVC 2.5 MM2,ELECTRICAL,MAT078,GENERATED
MAT079,INDUSTRIAL SAFETY HELMET ABS,SAFETY,EA,KARAM,HELMET-ABS,PLANT05,CPSE_C,EA,KARAM,HELMET-ABS,SAFETY_ITEMS,INDUSTRIAL SAFETY HELMET ABS,HIGH,,STANDARDIZED,IN-SFT-00007,ACTIVE,v1,standardized_materials,INDUSTRIAL SAFETY HELMET ABS,SAFETY_ITEMS,MAT079,GENERATED
MAT080,ABS HARD HAT INDUSTRIAL SAFETY,SAFETY,EA,KARAM,HELMET-ABS,PLANT08,CPSE_D,EA,KARAM,HELMET-ABS,SAFETY_ITEMS,ABS HARD HAT INDUSTRIAL SAFETY,HIGH,,STANDARDIZED,IN-SFT-00008,ACTIVE,v1,standardized_materials,ABS HARD HAT INDUSTRIAL SAFETY,SAFETY_ITEMS,MAT080,GENERATED
MAT081,HEX BOLT M16 X 80 MM HIGH TENSILE STEEL,FASTENERS,EA,TVS,M16-80-HT,PLANT01,CPSE_A,EA,TVS,M16-80-HT,FASTENERS,HEX BOLT M16 X 80 MM HIGH TENSILE STEEL,HIGH,,STANDARDIZED,IN-FST-00025,ACTIVE,v1,standardized_materials,HEX BOLT M16 X 80 MM HIGH TENSILE STEEL,FASTENERS,MAT081,GENERATED
MAT082,M16 HEXAGONAL BOLT 80MM HT STEEL,FASTENERS,EA,TVS,M16-80-HT,PLANT04,CPSE_B,EA,TVS,M16-80-HT,FASTENERS,M16 HEXAGONAL BOLT 80MM HT STEEL,HIGH,,STANDARDIZED,IN-FST-00026,ACTIVE,v1,standardized_materials,M16 HEXAGONAL BOLT 80MM HT STEEL,FASTENERS,MAT082,GENERATED
MAT083,HEX NUT M16 HIGH TENSILE STEEL,FASTENERS,EA,TVS,M16-NUT-HT,PLANT05,CPSE_C,EA,TVS,M16-NUT-HT,FASTENERS,HEX NUT M16 HIGH TENSILE STEEL,HIGH,,STANDARDIZED,IN-FST-00027,ACTIVE,v1,standardized_materials,HEX NUT M16 HIGH TENSILE STEEL,FASTENERS,MAT083,GENERATED
MAT084,M16 HEX NUT HT STEEL,FASTENERS,EA,TVS,M16-NUT-HT,PLANT08,CPSE_D,EA,TVS,M16-NUT-HT,FASTENERS,M16 HEX NUT HT STEEL,HIGH,,STANDARDIZED,IN-FST-00028,ACTIVE,v1,standardized_materials,M16 HEX NUT HT STEEL,FASTENERS,MAT084,GENERATED
MAT085,FLAT WASHER M16 MS,FASTENERS,EA,UNBRANDED,M16-WASHER,PLANT01,CPSE_A,EA,UNBRANDED,M16-WASHER,FASTENERS,FLAT WASHER M16 MS,HIGH,,STANDARDIZED,IN-FST-00029,ACTIVE,v1,standardized_materials,FLAT WASHER M16 MS,FASTENERS,MAT085,GENERATED
MAT086,M16 PLAIN WASHER MILD STEEL,FASTENERS,EA,UNBRANDED,M16-WASHER,PLANT04,CPSE_B,EA,UNBRANDED,M16-WASHER,FASTENERS,M16 PLAIN WASHER MILD STEEL,HIGH,,STANDARDIZED,IN-FST-00030,ACTIVE,v1,standardized_materials,M16 PLAIN WASHER MILD STEEL,FASTENERS,MAT086,GENERATED
MAT087,BEARING BALL 6205 ZZ,BEARINGS,EA,SKF,6205-ZZ,PLANT05,CPSE_C,EA,SKF,6205-ZZ,BEARINGS,BEARING BALL 6205 ZZ,HIGH,,STANDARDIZED,IN-BRG-00017,ACTIVE,v1,standardized_materials,BEARING BALL 6205 ZZ,BEARINGS,MAT087,GENERATED
MAT088,BALL BEARING 6205 ZZ SKF,BEARINGS,EA,SKF,6205-ZZ,PLANT08,CPSE_D,EA,SKF,6205-ZZ,BEARINGS,BALL BEARING 6205 ZZ SKF,HIGH,,STANDARDIZED,IN-BRG-00018,ACTIVE,v1,standardized_materials,BALL BEARING 6205 ZZ SKF,BEARINGS,MAT088,GENERATED
MAT089,DEEP GROOVE BALL BEARING 6206 2RS,BEARINGS,EA,FAG,6206-2RS,PLANT01,CPSE_A,EA,FAG,6206-2RS,BEARINGS,DEEP GROOVE BALL BEARING 6206 2RS,HIGH,,STANDARDIZED,IN-BRG-00019,ACTIVE,v1,standardized_materials,DEEP GROOVE BALL BEARING 6206 2RS,BEARINGS,MAT089,GENERATED
MAT090,6206 DOUBLE SEALED BALL BEARING FAG,BEARINGS,EA,FAG,6206-2RS,PLANT04,CPSE_B,EA,FAG,6206-2RS,BEARINGS,6206 DOUBLE SEALED BALL BEARING FAG,HIGH,,STANDARDIZED,IN-BRG-00020,ACTIVE,v1,standardized_materials,6206 DOUBLE SEALED BALL BEARING FAG,BEARINGS,MAT090,GENERATED
MAT091,INDUSTRIAL LUBRICANT ISO VG 68,LUBRICANTS,LTR,SERVO,ISO68,PLANT05,CPSE_C,L,SERVO,ISO68,LUBRICANTS,INDUSTRIAL LUBRICANT ISO VG 68,HIGH,,STANDARDIZED,IN-LUB-00017,ACTIVE,v1,standardized_materials,INDUSTRIAL LUBRICANT ISO VG 68,LUBRICANTS,MAT091,GENERATED
MAT092,HYDRAULIC OIL ISO VG 68,LUBRICANTS,LTR,SERVO,ISO68,PLANT08,CPSE_D,L,SERVO,ISO68,LUBRICANTS,HYDRAULIC OIL ISO VG 68,HIGH,,STANDARDIZED,IN-LUB-00018,ACTIVE,v1,standardized_materials,HYDRAULIC OIL ISO VG 68,LUBRICANTS,MAT092,GENERATED
MAT093,GEAR OIL SAE 90,LUBRICANTS,LTR,CASTROL,SAE90,PLANT01,CPSE_A,L,CASTROL,SAE90,LUBRICANTS,GEAR OIL SAE 90,HIGH,,STANDARDIZED,IN-LUB-00019,ACTIVE,v1,standardized_materials,GEAR OIL SAE 90,LUBRICANTS,MAT093,GENERATED
MAT094,INDUSTRIAL GEAR LUBRICANT SAE 90,LUBRICANTS,LTR,CASTROL,SAE90,PLANT04,CPSE_B,L,CASTROL,SAE90,LUBRICANTS,INDUSTRIAL GEAR LUBRICANT SAE 90,HIGH,,STANDARDIZED,IN-LUB-00020,ACTIVE,v1,standardized_materials,INDUSTRIAL GEAR LUBRICANT SAE 90,LUBRICANTS,MAT094,GENERATED
MAT095,POWER CABLE 4 CORE 1.1 KV XLPE,CABLES,MTR,POLYCAB,4C-1.1KV,PLANT05,CPSE_C,M,POLYCAB,4C-1.1KV,ELECTRICAL,POWER CABLE 4 CORE 1.1 KV XLPE,HIGH,,STANDARDIZED,IN-ELC-00017,ACTIVE,v1,standardized_materials,POWER CABLE 4 CORE 1.1 KV XLPE,ELECTRICAL,MAT095,GENERATED
MAT096,4 CORE XLPE POWER CABLE 1100 VOLT,CABLES,MTR,POLYCAB,4C-1.1KV,PLANT08,CPSE_D,M,POLYCAB,4C-1.1KV,ELECTRICAL,4 CORE XLPE POWER CABLE 1100 VOLT,HIGH,,STANDARDIZED,IN-ELC-00018,ACTIVE,v1,standardized_materials,4 CORE XLPE POWER CABLE 1100 VOLT,ELECTRICAL,MAT096,GENERATED
MAT097,PVC INSULATED CONTROL CABLE 2.5 SQ MM,CABLES,MTR,FINOLEX,2.5SQMM,PLANT01,CPSE_A,M,FINOLEX,2.5SQMM,ELECTRICAL,PVC INSULATED CONTROL CABLE 2.5 SQ MM,HIGH,,STANDARDIZED,IN-ELC-00019,ACTIVE,v1,standardized_materials,PVC INSULATED CONTROL CABLE 2.5 SQ MM,ELECTRICAL,MAT097,GENERATED
MAT098,CONTROL CABLE PVC 2.5 MM2,CABLES,MTR,FINOLEX,2.5SQMM,PLANT04,CPSE_B,M,FINOLEX,2.5SQMM,ELECTRICAL,CONTROL CABLE PVC 2.5 MM2,HIGH,,STANDARDIZED,IN-ELC-00020,ACTIVE,v1,standardized_materials,CONTROL CABLE PVC 2.5 MM2,ELECTRICAL,MAT098,GENERATED
MAT099,INDUSTRIAL SAFETY HELMET ABS,SAFETY,EA,KARAM,HELMET-ABS,PLANT05,CPSE_C,EA,KARAM,HELMET-ABS,SAFETY_ITEMS,INDUSTRIAL SAFETY HELMET ABS,HIGH,,STANDARDIZED,IN-SFT-00009,ACTIVE,v1,standardized_materials,INDUSTRIAL SAFETY HELMET ABS,SAFETY_ITEMS,MAT099,GENERATED
MAT100,ABS HARD HAT INDUSTRIAL SAFETY,SAFETY,EA,KARAM,HELMET-ABS,PLANT08,CPSE_D,EA,KARAM,HELMET-ABS,SAFETY_ITEMS,ABS HARD HAT INDUSTRIAL SAFETY,HIGH,,STANDARDIZED,IN-SFT-00010,ACTIVE,v1,standardized_materials,ABS HARD HAT INDUSTRIAL SAFETY,SAFETY_ITEMS,MAT100,GENERATED
MAT101,HEX BOLT M16 X 80 MM HIGH TENSILE STEEL,FASTENERS,EA,TVS,M16-80-HT,PLANT01,CPSE_A,EA,TVS,M16-80-HT,FASTENERS,HEX BOLT M16 X 80 MM HIGH TENSILE STEEL,HIGH,,STANDARDIZED,IN-FST-00031,ACTIVE,v1,standardized_materials,HEX BOLT M16 X 80 MM HIGH TENSILE STEEL,FASTENERS,MAT101,GENERATED
MAT102,M16 HEXAGONAL BOLT 80MM HT STEEL,FASTENERS,EA,TVS,M16-80-HT,PLANT04,CPSE_B,EA,TVS,M16-80-HT,FASTENERS,M16 HEXAGONAL BOLT 80MM HT STEEL,HIGH,,STANDARDIZED,IN-FST-00032,ACTIVE,v1,standardized_materials,M16 HEXAGONAL BOLT 80MM HT STEEL,FASTENERS,MAT102,GENERATED
MAT103,HEX NUT M16 HIGH TENSILE STEEL,FASTENERS,EA,TVS,M16-NUT-HT,PLANT05,CPSE_C,EA,TVS,M16-NUT-HT,FASTENERS,HEX NUT M16 HIGH TENSILE STEEL,HIGH,,STANDARDIZED,IN-FST-00033,ACTIVE,v1,standardized_materials,HEX NUT M16 HIGH TENSILE STEEL,FASTENERS,MAT103,GENERATED
MAT104,M16 HEX NUT HT STEEL,FASTENERS,EA,TVS,M16-NUT-HT,PLANT08,CPSE_D,EA,TVS,M16-NUT-HT,FASTENERS,M16 HEX NUT HT STEEL,HIGH,,STANDARDIZED,IN-FST-00034,ACTIVE,v1,standardized_materials,M16 HEX NUT HT STEEL,FASTENERS,MAT104,GENERATED
MAT105,FLAT WASHER M16 MS,FASTENERS,EA,UNBRANDED,M16-WASHER,PLANT01,CPSE_A,EA,UNBRANDED,M16-WASHER,FASTENERS,FLAT WASHER M16 MS,HIGH,,STANDARDIZED,IN-FST-00035,ACTIVE,v1,standardized_materials,FLAT WASHER M16 MS,FASTENERS,MAT105,GENERATED
MAT106,M16 PLAIN WASHER MILD STEEL,FASTENERS,EA,UNBRANDED,M16-WASHER,PLANT04,CPSE_B,EA,UNBRANDED,M16-WASHER,FASTENERS,M16 PLAIN WASHER MILD STEEL,HIGH,,STANDARDIZED,IN-FST-00036,ACTIVE,v1,standardized_materials,M16 PLAIN WASHER MILD STEEL,FASTENERS,MAT106,GENERATED
MAT107,BEARING BALL 6205 ZZ,BEARINGS,EA,SKF,6205-ZZ,PLANT05,CPSE_C,EA,SKF,6205-ZZ,BEARINGS,BEARING BALL 6205 ZZ,HIGH,,STANDARDIZED,IN-BRG-00021,ACTIVE,v1,standardized_materials,BEARING BALL 6205 ZZ,BEARINGS,MAT107,GENERATED
MAT108,BALL BEARING 6205 ZZ SKF,BEARINGS,EA,SKF,6205-ZZ,PLANT08,CPSE_D,EA,SKF,6205-ZZ,BEARINGS,BALL BEARING 6205 ZZ SKF,HIGH,,STANDARDIZED,IN-BRG-00022,ACTIVE,v1,standardized_materials,BALL BEARING 6205 ZZ SKF,BEARINGS,MAT108,GENERATED
MAT109,DEEP GROOVE BALL BEARING 6206 2RS,BEARINGS,EA,FAG,6206-2RS,PLANT01,CPSE_A,EA,FAG,6206-2RS,BEARINGS,DEEP GROOVE BALL BEARING 6206 2RS,HIGH,,STANDARDIZED,IN-BRG-00023,ACTIVE,v1,standardized_materials,DEEP GROOVE BALL BEARING 6206 2RS,BEARINGS,MAT109,GENERATED
MAT110,6206 DOUBLE SEALED BALL BEARING FAG,BEARINGS,EA,FAG,6206-2RS,PLANT04,CPSE_B,EA,FAG,6206-2RS,BEARINGS,6206 DOUBLE SEALED BALL BEARING FAG,HIGH,,STANDARDIZED,IN-BRG-00024,ACTIVE,v1,standardized_materials,6206 DOUBLE SEALED BALL BEARING FAG,BEARINGS,MAT110,GENERATED
MAT111,INDUSTRIAL LUBRICANT ISO VG 68,LUBRICANTS,LTR,SERVO,ISO68,PLANT05,CPSE_C,L,SERVO,ISO68,LUBRICANTS,INDUSTRIAL LUBRICANT ISO VG 68,HIGH,,STANDARDIZED,IN-LUB-00021,ACTIVE,v1,standardized_materials,INDUSTRIAL LUBRICANT ISO VG 68,LUBRICANTS,MAT111,GENERATED
MAT112,HYDRAULIC OIL ISO VG 68,LUBRICANTS,LTR,SERVO,ISO68,PLANT08,CPSE_D,L,SERVO,ISO68,LUBRICANTS,HYDRAULIC OIL ISO VG 68,HIGH,,STANDARDIZED,IN-LUB-00022,ACTIVE,v1,standardized_materials,HYDRAULIC OIL ISO VG 68,LUBRICANTS,MAT112,GENERATED
MAT113,GEAR OIL SAE 90,LUBRICANTS,LTR,CASTROL,SAE90,PLANT01,CPSE_A,L,CASTROL,SAE90,LUBRICANTS,GEAR OIL SAE 90,HIGH,,STANDARDIZED,IN-LUB-00023,ACTIVE,v1,standardized_materials,GEAR OIL SAE 90,LUBRICANTS,MAT113,GENERATED
MAT114,INDUSTRIAL GEAR LUBRICANT SAE 90,LUBRICANTS,LTR,CASTROL,SAE90,PLANT04,CPSE_B,L,CASTROL,SAE90,LUBRICANTS,INDUSTRIAL GEAR LUBRICANT SAE 90,HIGH,,STANDARDIZED,IN-LUB-00024,ACTIVE,v1,standardized_materials,INDUSTRIAL GEAR LUBRICANT SAE 90,LUBRICANTS,MAT114,GENERATED
MAT115,POWER CABLE 4 CORE 1.1 KV XLPE,CABLES,MTR,POLYCAB,4C-1.1KV,PLANT05,CPSE_C,M,POLYCAB,4C-1.1KV,ELECTRICAL,POWER CABLE 4 CORE 1.1 KV XLPE,HIGH,,STANDARDIZED,IN-ELC-00021,ACTIVE,v1,standardized_materials,POWER CABLE 4 CORE 1.1 KV XLPE,ELECTRICAL,MAT115,GENERATED
MAT116,4 CORE XLPE POWER CABLE 1100 VOLT,CABLES,MTR,POLYCAB,4C-1.1KV,PLANT08,CPSE_D,M,POLYCAB,4C-1.1KV,ELECTRICAL,4 CORE XLPE POWER CABLE 1100 VOLT,HIGH,,STANDARDIZED,IN-ELC-00022,ACTIVE,v1,standardized_materials,4 CORE XLPE POWER CABLE 1100 VOLT,ELECTRICAL,MAT116,GENERATED
MAT117,PVC INSULATED CONTROL CABLE 2.5 SQ MM,CABLES,MTR,FINOLEX,2.5SQMM,PLANT01,CPSE_A,M,FINOLEX,2.5SQMM,ELECTRICAL,PVC INSULATED CONTROL CABLE 2.5 SQ MM,HIGH,,STANDARDIZED,IN-ELC-00023,ACTIVE,v1,standardized_materials,PVC INSULATED CONTROL CABLE 2.5 SQ MM,ELECTRICAL,MAT117,GENERATED
MAT118,CONTROL CABLE PVC 2.5 MM2,CABLES,MTR,FINOLEX,2.5SQMM,PLANT04,CPSE_B,M,FINOLEX,2.5SQMM,ELECTRICAL,CONTROL CABLE PVC 2.5 MM2,HIGH,,STANDARDIZED,IN-ELC-00024,ACTIVE,v1,standardized_materials,CONTROL CABLE PVC 2.5 MM2,ELECTRICAL,MAT118,GENERATED
MAT119,INDUSTRIAL SAFETY HELMET ABS,SAFETY,EA,KARAM,HELMET-ABS,PLANT05,CPSE_C,EA,KARAM,HELMET-ABS,SAFETY_ITEMS,INDUSTRIAL SAFETY HELMET ABS,HIGH,,STANDARDIZED,IN-SFT-00011,ACTIVE,v1,standardized_materials,INDUSTRIAL SAFETY HELMET ABS,SAFETY_ITEMS,MAT119,GENERATED
MAT120,ABS HARD HAT INDUSTRIAL SAFETY,SAFETY,EA,KARAM,HELMET-ABS,PLANT08,CPSE_D,EA,KARAM,HELMET-ABS,SAFETY_ITEMS,ABS HARD HAT INDUSTRIAL SAFETY,HIGH,,STANDARDIZED,IN-SFT-00012,ACTIVE,v1,standardized_materials,ABS HARD HAT INDUSTRIAL SAFETY,SAFETY_ITEMS,MAT120,GENERATED
MAT121,HEX BOLT M16 X 80 MM HIGH TENSILE STEEL,FASTENERS,EA,TVS,M16-80-HT,PLANT01,CPSE_A,EA,TVS,M16-80-HT,FASTENERS,HEX BOLT M16 X 80 MM HIGH TENSILE STEEL,HIGH,,STANDARDIZED,IN-FST-00037,ACTIVE,v1,standardized_materials,HEX BOLT M16 X 80 MM HIGH TENSILE STEEL,FASTENERS,MAT121,GENERATED
MAT122,M16 HEXAGONAL BOLT 80MM HT STEEL,FASTENERS,EA,TVS,M16-80-HT,PLANT04,CPSE_B,EA,TVS,M16-80-HT,FASTENERS,M16 HEXAGONAL BOLT 80MM HT STEEL,HIGH,,STANDARDIZED,IN-FST-00038,ACTIVE,v1,standardized_materials,M16 HEXAGONAL BOLT 80MM HT STEEL,FASTENERS,MAT122,GENERATED
MAT123,HEX NUT M16 HIGH TENSILE STEEL,FASTENERS,EA,TVS,M16-NUT-HT,PLANT05,CPSE_C,EA,TVS,M16-NUT-HT,FASTENERS,HEX NUT M16 HIGH TENSILE STEEL,HIGH,,STANDARDIZED,IN-FST-00039,ACTIVE,v1,standardized_materials,HEX NUT M16 HIGH TENSILE STEEL,FASTENERS,MAT123,GENERATED
MAT124,M16 HEX NUT HT STEEL,FASTENERS,EA,TVS,M16-NUT-HT,PLANT08,CPSE_D,EA,TVS,M16-NUT-HT,FASTENERS,M16 HEX NUT HT STEEL,HIGH,,STANDARDIZED,IN-FST-00040,ACTIVE,v1,standardized_materials,M16 HEX NUT HT STEEL,FASTENERS,MAT124,GENERATED
MAT125,FLAT WASHER M16 MS,FASTENERS,EA,UNBRANDED,M16-WASHER,PLANT01,CPSE_A,EA,UNBRANDED,M16-WASHER,FASTENERS,FLAT WASHER M16 MS,HIGH,,STANDARDIZED,IN-FST-00041,ACTIVE,v1,standardized_materials,FLAT WASHER M16 MS,FASTENERS,MAT125,GENERATED
MAT126,M16 PLAIN WASHER MILD STEEL,FASTENERS,EA,UNBRANDED,M16-WASHER,PLANT04,CPSE_B,EA,UNBRANDED,M16-WASHER,FASTENERS,M16 PLAIN WASHER MILD STEEL,HIGH,,STANDARDIZED,IN-FST-00042,ACTIVE,v1,standardized_materials,M16 PLAIN WASHER MILD STEEL,FASTENERS,MAT126,GENERATED
MAT127,BEARING BALL 6205 ZZ,BEARINGS,EA,SKF,6205-ZZ,PLANT05,CPSE_C,EA,SKF,6205-ZZ,BEARINGS,BEARING BALL 6205 ZZ,HIGH,,STANDARDIZED,IN-BRG-00025,ACTIVE,v1,standardized_materials,BEARING BALL 6205 ZZ,BEARINGS,MAT127,GENERATED
MAT128,BALL BEARING 6205 ZZ SKF,BEARINGS,EA,SKF,6205-ZZ,PLANT08,CPSE_D,EA,SKF,6205-ZZ,BEARINGS,BALL BEARING 6205 ZZ SKF,HIGH,,STANDARDIZED,IN-BRG-00026,ACTIVE,v1,standardized_materials,BALL BEARING 6205 ZZ SKF,BEARINGS,MAT128,GENERATED
MAT129,DEEP GROOVE BALL BEARING 6206 2RS,BEARINGS,EA,FAG,6206-2RS,PLANT01,CPSE_A,EA,FAG,6206-2RS,BEARINGS,DEEP GROOVE BALL BEARING 6206 2RS,HIGH,,STANDARDIZED,IN-BRG-00027,ACTIVE,v1,standardized_materials,DEEP GROOVE BALL BEARING 6206 2RS,BEARINGS,MAT129,GENERATED
MAT130,6206 DOUBLE SEALED BALL BEARING FAG,BEARINGS,EA,FAG,6206-2RS,PLANT04,CPSE_B,EA,FAG,6206-2RS,BEARINGS,6206 DOUBLE SEALED BALL BEARING FAG,HIGH,,STANDARDIZED,IN-BRG-00028,ACTIVE,v1,standardized_materials,6206 DOUBLE SEALED BALL BEARING FAG,BEARINGS,MAT130,GENERATED
MAT131,INDUSTRIAL LUBRICANT ISO VG 68,LUBRICANTS,LTR,SERVO,ISO68,PLANT05,CPSE_C,L,SERVO,ISO68,LUBRICANTS,INDUSTRIAL LUBRICANT ISO VG 68,HIGH,,STANDARDIZED,IN-LUB-00025,ACTIVE,v1,standardized_materials,INDUSTRIAL LUBRICANT ISO VG 68,LUBRICANTS,MAT131,GENERATED
MAT132,HYDRAULIC OIL ISO VG 68,LUBRICANTS,LTR,SERVO,ISO68,PLANT08,CPSE_D,L,SERVO,ISO68,LUBRICANTS,HYDRAULIC OIL ISO VG 68,HIGH,,STANDARDIZED,IN-LUB-00026,ACTIVE,v1,standardized_materials,HYDRAULIC OIL ISO VG 68,LUBRICANTS,MAT132,GENERATED
MAT133,GEAR OIL SAE 90,LUBRICANTS,LTR,CASTROL,SAE90,PLANT01,CPSE_A,L,CASTROL,SAE90,LUBRICANTS,GEAR OIL SAE 90,HIGH,,STANDARDIZED,IN-LUB-00027,ACTIVE,v1,standardized_materials,GEAR OIL SAE 90,LUBRICANTS,MAT133,GENERATED
MAT134,INDUSTRIAL GEAR LUBRICANT SAE 90,LUBRICANTS,LTR,CASTROL,SAE90,PLANT04,CPSE_B,L,CASTROL,SAE90,LUBRICANTS,INDUSTRIAL GEAR LUBRICANT SAE 90,HIGH,,STANDARDIZED,IN-LUB-00028,ACTIVE,v1,standardized_materials,INDUSTRIAL GEAR LUBRICANT SAE 90,LUBRICANTS,MAT134,GENERATED
MAT135,POWER CABLE 4 CORE 1.1 KV XLPE,CABLES,MTR,POLYCAB,4C-1.1KV,PLANT05,CPSE_C,M,POLYCAB,4C-1.1KV,ELECTRICAL,POWER CABLE 4 CORE 1.1 KV XLPE,HIGH,,STANDARDIZED,IN-ELC-00025,ACTIVE,v1,standardized_materials,POWER CABLE 4 CORE 1.1 KV XLPE,ELECTRICAL,MAT135,GENERATED
MAT136,4 CORE XLPE POWER CABLE 1100 VOLT,CABLES,MTR,POLYCAB,4C-1.1KV,PLANT08,CPSE_D,M,POLYCAB,4C-1.1KV,ELECTRICAL,4 CORE XLPE POWER CABLE 1100 VOLT,HIGH,,STANDARDIZED,IN-ELC-00026,ACTIVE,v1,standardized_materials,4 CORE XLPE POWER CABLE 1100 VOLT,ELECTRICAL,MAT136,GENERATED
MAT137,PVC INSULATED CONTROL CABLE 2.5 SQ MM,CABLES,MTR,FINOLEX,2.5SQMM,PLANT01,CPSE_A,M,FINOLEX,2.5SQMM,ELECTRICAL,PVC INSULATED CONTROL CABLE 2.5 SQ MM,HIGH,,STANDARDIZED,IN-ELC-00027,ACTIVE,v1,standardized_materials,PVC INSULATED CONTROL CABLE 2.5 SQ MM,ELECTRICAL,MAT137,GENERATED
MAT138,CONTROL CABLE PVC 2.5 MM2,CABLES,MTR,FINOLEX,2.5SQMM,PLANT04,CPSE_B,M,FINOLEX,2.5SQMM,ELECTRICAL,CONTROL CABLE PVC 2.5 MM2,HIGH,,STANDARDIZED,IN-ELC-00028,ACTIVE,v1,standardized_materials,CONTROL CABLE PVC 2.5 MM2,ELECTRICAL,MAT138,GENERATED
MAT139,INDUSTRIAL SAFETY HELMET ABS,SAFETY,EA,KARAM,HELMET-ABS,PLANT05,CPSE_C,EA,KARAM,HELMET-ABS,SAFETY_ITEMS,INDUSTRIAL SAFETY HELMET ABS,HIGH,,STANDARDIZED,IN-SFT-00013,ACTIVE,v1,standardized_materials,INDUSTRIAL SAFETY HELMET ABS,SAFETY_ITEMS,MAT139,GENERATED
MAT140,ABS HARD HAT INDUSTRIAL SAFETY,SAFETY,EA,KARAM,HELMET-ABS,PLANT08,CPSE_D,EA,KARAM,HELMET-ABS,SAFETY_ITEMS,ABS HARD HAT INDUSTRIAL SAFETY,HIGH,,STANDARDIZED,IN-SFT-00014,ACTIVE,v1,standardized_materials,ABS HARD HAT INDUSTRIAL SAFETY,SAFETY_ITEMS,MAT140,GENERATED
MAT141,HEX BOLT M16 X 80 MM HIGH TENSILE STEEL,FASTENERS,EA,TVS,M16-80-HT,PLANT01,CPSE_A,EA,TVS,M16-80-HT,FASTENERS,HEX BOLT M16 X 80 MM HIGH TENSILE STEEL,HIGH,,STANDARDIZED,IN-FST-00043,ACTIVE,v1,standardized_materials,HEX BOLT M16 X 80 MM HIGH TENSILE STEEL,FASTENERS,MAT141,GENERATED
MAT142,M16 HEXAGONAL BOLT 80MM HT STEEL,FASTENERS,EA,TVS,M16-80-HT,PLANT04,CPSE_B,EA,TVS,M16-80-HT,FASTENERS,M16 HEXAGONAL BOLT 80MM HT STEEL,HIGH,,STANDARDIZED,IN-FST-00044,ACTIVE,v1,standardized_materials,M16 HEXAGONAL BOLT 80MM HT STEEL,FASTENERS,MAT142,GENERATED
MAT143,HEX NUT M16 HIGH TENSILE STEEL,FASTENERS,EA,TVS,M16-NUT-HT,PLANT05,CPSE_C,EA,TVS,M16-NUT-HT,FASTENERS,HEX NUT M16 HIGH TENSILE STEEL,HIGH,,STANDARDIZED,IN-FST-00045,ACTIVE,v1,standardized_materials,HEX NUT M16 HIGH TENSILE STEEL,FASTENERS,MAT143,GENERATED
MAT144,M16 HEX NUT HT STEEL,FASTENERS,EA,TVS,M16-NUT-HT,PLANT08,CPSE_D,EA,TVS,M16-NUT-HT,FASTENERS,M16 HEX NUT HT STEEL,HIGH,,STANDARDIZED,IN-FST-00046,ACTIVE,v1,standardized_materials,M16 HEX NUT HT STEEL,FASTENERS,MAT144,GENERATED
MAT145,FLAT WASHER M16 MS,FASTENERS,EA,UNBRANDED,M16-WASHER,PLANT01,CPSE_A,EA,UNBRANDED,M16-WASHER,FASTENERS,FLAT WASHER M16 MS,HIGH,,STANDARDIZED,IN-FST-00047,ACTIVE,v1,standardized_materials,FLAT WASHER M16 MS,FASTENERS,MAT145,GENERATED
MAT146,M16 PLAIN WASHER MILD STEEL,FASTENERS,EA,UNBRANDED,M16-WASHER,PLANT04,CPSE_B,EA,UNBRANDED,M16-WASHER,FASTENERS,M16 PLAIN WASHER MILD STEEL,HIGH,,STANDARDIZED,IN-FST-00048,ACTIVE,v1,standardized_materials,M16 PLAIN WASHER MILD STEEL,FASTENERS,MAT146,GENERATED
MAT147,BEARING BALL 6205 ZZ,BEARINGS,EA,SKF,6205-ZZ,PLANT05,CPSE_C,EA,SKF,6205-ZZ,BEARINGS,BEARING BALL 6205 ZZ,HIGH,,STANDARDIZED,IN-BRG-00029,ACTIVE,v1,standardized_materials,BEARING BALL 6205 ZZ,BEARINGS,MAT147,GENERATED
MAT148,BALL BEARING 6205 ZZ SKF,BEARINGS,EA,SKF,6205-ZZ,PLANT08,CPSE_D,EA,SKF,6205-ZZ,BEARINGS,BALL BEARING 6205 ZZ SKF,HIGH,,STANDARDIZED,IN-BRG-00030,ACTIVE,v1,standardized_materials,BALL BEARING 6205 ZZ SKF,BEARINGS,MAT148,GENERATED
MAT149,DEEP GROOVE BALL BEARING 6206 2RS,BEARINGS,EA,FAG,6206-2RS,PLANT01,CPSE_A,EA,FAG,6206-2RS,BEARINGS,DEEP GROOVE BALL BEARING 6206 2RS,HIGH,,STANDARDIZED,IN-BRG-00031,ACTIVE,v1,standardized_materials,DEEP GROOVE BALL BEARING 6206 2RS,BEARINGS,MAT149,GENERATED
MAT150,6206 DOUBLE SEALED BALL BEARING FAG,BEARINGS,EA,FAG,6206-2RS,PLANT04,CPSE_B,EA,FAG,6206-2RS,BEARINGS,6206 DOUBLE SEALED BALL BEARING FAG,HIGH,,STANDARDIZED,IN-BRG-00032,ACTIVE,v1,standardized_materials,6206 DOUBLE SEALED BALL BEARING FAG,BEARINGS,MAT150,GENERATED
MAT151,INDUSTRIAL LUBRICANT ISO VG 68,LUBRICANTS,LTR,SERVO,ISO68,PLANT05,CPSE_C,L,SERVO,ISO68,LUBRICANTS,INDUSTRIAL LUBRICANT ISO VG 68,HIGH,,STANDARDIZED,IN-LUB-00029,ACTIVE,v1,standardized_materials,INDUSTRIAL LUBRICANT ISO VG 68,LUBRICANTS,MAT151,GENERATED
MAT152,HYDRAULIC OIL ISO VG 68,LUBRICANTS,LTR,SERVO,ISO68,PLANT08,CPSE_D,L,SERVO,ISO68,LUBRICANTS,HYDRAULIC OIL ISO VG 68,HIGH,,STANDARDIZED,IN-LUB-00030,ACTIVE,v1,standardized_materials,HYDRAULIC OIL ISO VG 68,LUBRICANTS,MAT152,GENERATED
MAT153,GEAR OIL SAE 90,LUBRICANTS,LTR,CASTROL,SAE90,PLANT01,CPSE_A,L,CASTROL,SAE90,LUBRICANTS,GEAR OIL SAE 90,HIGH,,STANDARDIZED,IN-LUB-00031,ACTIVE,v1,standardized_materials,GEAR OIL SAE 90,LUBRICANTS,MAT153,GENERATED
MAT154,INDUSTRIAL GEAR LUBRICANT SAE 90,LUBRICANTS,LTR,CASTROL,SAE90,PLANT04,CPSE_B,L,CASTROL,SAE90,LUBRICANTS,INDUSTRIAL GEAR LUBRICANT SAE 90,HIGH,,STANDARDIZED,IN-LUB-00032,ACTIVE,v1,standardized_materials,INDUSTRIAL GEAR LUBRICANT SAE 90,LUBRICANTS,MAT154,GENERATED
MAT155,POWER CABLE 4 CORE 1.1 KV XLPE,CABLES,MTR,POLYCAB,4C-1.1KV,PLANT05,CPSE_C,M,POLYCAB,4C-1.1KV,ELECTRICAL,POWER CABLE 4 CORE 1.1 KV XLPE,HIGH,,STANDARDIZED,IN-ELC-00029,ACTIVE,v1,standardized_materials,POWER CABLE 4 CORE 1.1 KV XLPE,ELECTRICAL,MAT155,GENERATED
MAT156,4 CORE XLPE POWER CABLE 1100 VOLT,CABLES,MTR,POLYCAB,4C-1.1KV,PLANT08,CPSE_D,M,POLYCAB,4C-1.1KV,ELECTRICAL,4 CORE XLPE POWER CABLE 1100 VOLT,HIGH,,STANDARDIZED,IN-ELC-00030,ACTIVE,v1,standardized_materials,4 CORE XLPE POWER CABLE 1100 VOLT,ELECTRICAL,MAT156,GENERATED
MAT157,PVC INSULATED CONTROL CABLE 2.5 SQ MM,CABLES,MTR,FINOLEX,2.5SQMM,PLANT01,CPSE_A,M,FINOLEX,2.5SQMM,ELECTRICAL,PVC INSULATED CONTROL CABLE 2.5 SQ MM,HIGH,,STANDARDIZED,IN-ELC-00031,ACTIVE,v1,standardized_materials,PVC INSULATED CONTROL CABLE 2.5 SQ MM,ELECTRICAL,MAT157,GENERATED
MAT158,CONTROL CABLE PVC 2.5 MM2,CABLES,MTR,FINOLEX,2.5SQMM,PLANT04,CPSE_B,M,FINOLEX,2.5SQMM,ELECTRICAL,CONTROL CABLE PVC 2.5 MM2,HIGH,,STANDARDIZED,IN-ELC-00032,ACTIVE,v1,standardized_materials,CONTROL CABLE PVC 2.5 MM2,ELECTRICAL,MAT158,GENERATED
MAT159,INDUSTRIAL SAFETY HELMET ABS,SAFETY,EA,KARAM,HELMET-ABS,PLANT05,CPSE_C,EA,KARAM,HELMET-ABS,SAFETY_ITEMS,INDUSTRIAL SAFETY HELMET ABS,HIGH,,STANDARDIZED,IN-SFT-00015,ACTIVE,v1,standardized_materials,INDUSTRIAL SAFETY HELMET ABS,SAFETY_ITEMS,MAT159,GENERATED
MAT160,ABS HARD HAT INDUSTRIAL SAFETY,SAFETY,EA,KARAM,HELMET-ABS,PLANT08,CPSE_D,EA,KARAM,HELMET-ABS,SAFETY_ITEMS,ABS HARD HAT INDUSTRIAL SAFETY,HIGH,,STANDARDIZED,IN-SFT-00016,ACTIVE,v1,standardized_materials,ABS HARD HAT INDUSTRIAL SAFETY,SAFETY_ITEMS,MAT160,GENERATED
MAT161,HEX BOLT M16 X 80 MM HIGH TENSILE STEEL,FASTENERS,EA,TVS,M16-80-HT,PLANT01,CPSE_A,EA,TVS,M16-80-HT,FASTENERS,HEX BOLT M16 X 80 MM HIGH TENSILE STEEL,HIGH,,STANDARDIZED,IN-FST-00049,ACTIVE,v1,standardized_materials,HEX BOLT M16 X 80 MM HIGH TENSILE STEEL,FASTENERS,MAT161,GENERATED
MAT162,M16 HEXAGONAL BOLT 80MM HT STEEL,FASTENERS,EA,TVS,M16-80-HT,PLANT04,CPSE_B,EA,TVS,M16-80-HT,FASTENERS,M16 HEXAGONAL BOLT 80MM HT STEEL,HIGH,,STANDARDIZED,IN-FST-00050,ACTIVE,v1,standardized_materials,M16 HEXAGONAL BOLT 80MM HT STEEL,FASTENERS,MAT162,GENERATED
MAT163,HEX NUT M16 HIGH TENSILE STEEL,FASTENERS,EA,TVS,M16-NUT-HT,PLANT05,CPSE_C,EA,TVS,M16-NUT-HT,FASTENERS,HEX NUT M16 HIGH TENSILE STEEL,HIGH,,STANDARDIZED,IN-FST-00051,ACTIVE,v1,standardized_materials,HEX NUT M16 HIGH TENSILE STEEL,FASTENERS,MAT163,GENERATED
MAT164,M16 HEX NUT HT STEEL,FASTENERS,EA,TVS,M16-NUT-HT,PLANT08,CPSE_D,EA,TVS,M16-NUT-HT,FASTENERS,M16 HEX NUT HT STEEL,HIGH,,STANDARDIZED,IN-FST-00052,ACTIVE,v1,standardized_materials,M16 HEX NUT HT STEEL,FASTENERS,MAT164,GENERATED
MAT165,FLAT WASHER M16 MS,FASTENERS,EA,UNBRANDED,M16-WASHER,PLANT01,CPSE_A,EA,UNBRANDED,M16-WASHER,FASTENERS,FLAT WASHER M16 MS,HIGH,,STANDARDIZED,IN-FST-00053,ACTIVE,v1,standardized_materials,FLAT WASHER M16 MS,FASTENERS,MAT165,GENERATED
MAT166,M16 PLAIN WASHER MILD STEEL,FASTENERS,EA,UNBRANDED,M16-WASHER,PLANT04,CPSE_B,EA,UNBRANDED,M16-WASHER,FASTENERS,M16 PLAIN WASHER MILD STEEL,HIGH,,STANDARDIZED,IN-FST-00054,ACTIVE,v1,standardized_materials,M16 PLAIN WASHER MILD STEEL,FASTENERS,MAT166,GENERATED
MAT167,BEARING BALL 6205 ZZ,BEARINGS,EA,SKF,6205-ZZ,PLANT05,CPSE_C,EA,SKF,6205-ZZ,BEARINGS,BEARING BALL 6205 ZZ,HIGH,,STANDARDIZED,IN-BRG-00033,ACTIVE,v1,standardized_materials,BEARING BALL 6205 ZZ,BEARINGS,MAT167,GENERATED
MAT168,BALL BEARING 6205 ZZ SKF,BEARINGS,EA,SKF,6205-ZZ,PLANT08,CPSE_D,EA,SKF,6205-ZZ,BEARINGS,BALL BEARING 6205 ZZ SKF,HIGH,,STANDARDIZED,IN-BRG-00034,ACTIVE,v1,standardized_materials,BALL BEARING 6205 ZZ SKF,BEARINGS,MAT168,GENERATED
MAT169,DEEP GROOVE BALL BEARING 6206 2RS,BEARINGS,EA,FAG,6206-2RS,PLANT01,CPSE_A,EA,FAG,6206-2RS,BEARINGS,DEEP GROOVE BALL BEARING 6206 2RS,HIGH,,STANDARDIZED,IN-BRG-00035,ACTIVE,v1,standardized_materials,DEEP GROOVE BALL BEARING 6206 2RS,BEARINGS,MAT169,GENERATED
MAT170,6206 DOUBLE SEALED BALL BEARING FAG,BEARINGS,EA,FAG,6206-2RS,PLANT04,CPSE_B,EA,FAG,6206-2RS,BEARINGS,6206 DOUBLE SEALED BALL BEARING FAG,HIGH,,STANDARDIZED,IN-BRG-00036,ACTIVE,v1,standardized_materials,6206 DOUBLE SEALED BALL BEARING FAG,BEARINGS,MAT170,GENERATED
MAT171,INDUSTRIAL LUBRICANT ISO VG 68,LUBRICANTS,LTR,SERVO,ISO68,PLANT05,CPSE_C,L,SERVO,ISO68,LUBRICANTS,INDUSTRIAL LUBRICANT ISO VG 68,HIGH,,STANDARDIZED,IN-LUB-00033,ACTIVE,v1,standardized_materials,INDUSTRIAL LUBRICANT ISO VG 68,LUBRICANTS,MAT171,GENERATED
MAT172,HYDRAULIC OIL ISO VG 68,LUBRICANTS,LTR,SERVO,ISO68,PLANT08,CPSE_D,L,SERVO,ISO68,LUBRICANTS,HYDRAULIC OIL ISO VG 68,HIGH,,STANDARDIZED,IN-LUB-00034,ACTIVE,v1,standardized_materials,HYDRAULIC OIL ISO VG 68,LUBRICANTS,MAT172,GENERATED
MAT173,GEAR OIL SAE 90,LUBRICANTS,LTR,CASTROL,SAE90,PLANT01,CPSE_A,L,CASTROL,SAE90,LUBRICANTS,GEAR OIL SAE 90,HIGH,,STANDARDIZED,IN-LUB-00035,ACTIVE,v1,standardized_materials,GEAR OIL SAE 90,LUBRICANTS,MAT173,GENERATED
MAT174,INDUSTRIAL GEAR LUBRICANT SAE 90,LUBRICANTS,LTR,CASTROL,SAE90,PLANT04,CPSE_B,L,CASTROL,SAE90,LUBRICANTS,INDUSTRIAL GEAR LUBRICANT SAE 90,HIGH,,STANDARDIZED,IN-LUB-00036,ACTIVE,v1,standardized_materials,INDUSTRIAL GEAR LUBRICANT SAE 90,LUBRICANTS,MAT174,GENERATED
MAT175,POWER CABLE 4 CORE 1.1 KV XLPE,CABLES,MTR,POLYCAB,4C-1.1KV,PLANT05,CPSE_C,M,POLYCAB,4C-1.1KV,ELECTRICAL,POWER CABLE 4 CORE 1.1 KV XLPE,HIGH,,STANDARDIZED,IN-ELC-00033,ACTIVE,v1,standardized_materials,POWER CABLE 4 CORE 1.1 KV XLPE,ELECTRICAL,MAT175,GENERATED
MAT176,4 CORE XLPE POWER CABLE 1100 VOLT,CABLES,MTR,POLYCAB,4C-1.1KV,PLANT08,CPSE_D,M,POLYCAB,4C-1.1KV,ELECTRICAL,4 CORE XLPE POWER CABLE 1100 VOLT,HIGH,,STANDARDIZED,IN-ELC-00034,ACTIVE,v1,standardized_materials,4 CORE XLPE POWER CABLE 1100 VOLT,ELECTRICAL,MAT176,GENERATED
MAT177,PVC INSULATED CONTROL CABLE 2.5 SQ MM,CABLES,MTR,FINOLEX,2.5SQMM,PLANT01,CPSE_A,M,FINOLEX,2.5SQMM,ELECTRICAL,PVC INSULATED CONTROL CABLE 2.5 SQ MM,HIGH,,STANDARDIZED,IN-ELC-00035,ACTIVE,v1,standardized_materials,PVC INSULATED CONTROL CABLE 2.5 SQ MM,ELECTRICAL,MAT177,GENERATED
MAT178,CONTROL CABLE PVC 2.5 MM2,CABLES,MTR,FINOLEX,2.5SQMM,PLANT04,CPSE_B,M,FINOLEX,2.5SQMM,ELECTRICAL,CONTROL CABLE PVC 2.5 MM2,HIGH,,STANDARDIZED,IN-ELC-00036,ACTIVE,v1,standardized_materials,CONTROL CABLE PVC 2.5 MM2,ELECTRICAL,MAT178,GENERATED
MAT179,INDUSTRIAL SAFETY HELMET ABS,SAFETY,EA,KARAM,HELMET-ABS,PLANT05,CPSE_C,EA,KARAM,HELMET-ABS,SAFETY_ITEMS,INDUSTRIAL SAFETY HELMET ABS,HIGH,,STANDARDIZED,IN-SFT-00017,ACTIVE,v1,standardized_materials,INDUSTRIAL SAFETY HELMET ABS,SAFETY_ITEMS,MAT179,GENERATED
MAT180,ABS HARD HAT INDUSTRIAL SAFETY,SAFETY,EA,KARAM,HELMET-ABS,PLANT08,CPSE_D,EA,KARAM,HELMET-ABS,SAFETY_ITEMS,ABS HARD HAT INDUSTRIAL SAFETY,HIGH,,STANDARDIZED,IN-SFT-00018,ACTIVE,v1,standardized_materials,ABS HARD HAT INDUSTRIAL SAFETY,SAFETY_ITEMS,MAT180,GENERATED
MAT181,HEX BOLT M16 X 80 MM HIGH TENSILE STEEL,FASTENERS,EA,TVS,M16-80-HT,PLANT01,CPSE_A,EA,TVS,M16-80-HT,FASTENERS,HEX BOLT M16 X 80 MM HIGH TENSILE STEEL,HIGH,,STANDARDIZED,IN-FST-00055,ACTIVE,v1,standardized_materials,HEX BOLT M16 X 80 MM HIGH TENSILE STEEL,FASTENERS,MAT181,GENERATED
MAT182,M16 HEXAGONAL BOLT 80MM HT STEEL,FASTENERS,EA,TVS,M16-80-HT,PLANT04,CPSE_B,EA,TVS,M16-80-HT,FASTENERS,M16 HEXAGONAL BOLT 80MM HT STEEL,HIGH,,STANDARDIZED,IN-FST-00056,ACTIVE,v1,standardized_materials,M16 HEXAGONAL BOLT 80MM HT STEEL,FASTENERS,MAT182,GENERATED
MAT183,HEX NUT M16 HIGH TENSILE STEEL,FASTENERS,EA,TVS,M16-NUT-HT,PLANT05,CPSE_C,EA,TVS,M16-NUT-HT,FASTENERS,HEX NUT M16 HIGH TENSILE STEEL,HIGH,,STANDARDIZED,IN-FST-00057,ACTIVE,v1,standardized_materials,HEX NUT M16 HIGH TENSILE STEEL,FASTENERS,MAT183,GENERATED
MAT184,M16 HEX NUT HT STEEL,FASTENERS,EA,TVS,M16-NUT-HT,PLANT08,CPSE_D,EA,TVS,M16-NUT-HT,FASTENERS,M16 HEX NUT HT STEEL,HIGH,,STANDARDIZED,IN-FST-00058,ACTIVE,v1,standardized_materials,M16 HEX NUT HT STEEL,FASTENERS,MAT184,GENERATED
MAT185,FLAT WASHER M16 MS,FASTENERS,EA,UNBRANDED,M16-WASHER,PLANT01,CPSE_A,EA,UNBRANDED,M16-WASHER,FASTENERS,FLAT WASHER M16 MS,HIGH,,STANDARDIZED,IN-FST-00059,ACTIVE,v1,standardized_materials,FLAT WASHER M16 MS,FASTENERS,MAT185,GENERATED
MAT186,M16 PLAIN WASHER MILD STEEL,FASTENERS,EA,UNBRANDED,M16-WASHER,PLANT04,CPSE_B,EA,UNBRANDED,M16-WASHER,FASTENERS,M16 PLAIN WASHER MILD STEEL,HIGH,,STANDARDIZED,IN-FST-00060,ACTIVE,v1,standardized_materials,M16 PLAIN WASHER MILD STEEL,FASTENERS,MAT186,GENERATED
MAT187,BEARING BALL 6205 ZZ,BEARINGS,EA,SKF,6205-ZZ,PLANT05,CPSE_C,EA,SKF,6205-ZZ,BEARINGS,BEARING BALL 6205 ZZ,HIGH,,STANDARDIZED,IN-BRG-00037,ACTIVE,v1,standardized_materials,BEARING BALL 6205 ZZ,BEARINGS,MAT187,GENERATED
MAT188,BALL BEARING 6205 ZZ SKF,BEARINGS,EA,SKF,6205-ZZ,PLANT08,CPSE_D,EA,SKF,6205-ZZ,BEARINGS,BALL BEARING 6205 ZZ SKF,HIGH,,STANDARDIZED,IN-BRG-00038,ACTIVE,v1,standardized_materials,BALL BEARING 6205 ZZ SKF,BEARINGS,MAT188,GENERATED
MAT189,DEEP GROOVE BALL BEARING 6206 2RS,BEARINGS,EA,FAG,6206-2RS,PLANT01,CPSE_A,EA,FAG,6206-2RS,BEARINGS,DEEP GROOVE BALL BEARING 6206 2RS,HIGH,,STANDARDIZED,IN-BRG-00039,ACTIVE,v1,standardized_materials,DEEP GROOVE BALL BEARING 6206 2RS,BEARINGS,MAT189,GENERATED
MAT190,6206 DOUBLE SEALED BALL BEARING FAG,BEARINGS,EA,FAG,6206-2RS,PLANT04,CPSE_B,EA,FAG,6206-2RS,BEARINGS,6206 DOUBLE SEALED BALL BEARING FAG,HIGH,,STANDARDIZED,IN-BRG-00040,ACTIVE,v1,standardized_materials,6206 DOUBLE SEALED BALL BEARING FAG,BEARINGS,MAT190,GENERATED
MAT191,INDUSTRIAL LUBRICANT ISO VG 68,LUBRICANTS,LTR,SERVO,ISO68,PLANT05,CPSE_C,L,SERVO,ISO68,LUBRICANTS,INDUSTRIAL LUBRICANT ISO VG 68,HIGH,,STANDARDIZED,IN-LUB-00037,ACTIVE,v1,standardized_materials,INDUSTRIAL LUBRICANT ISO VG 68,LUBRICANTS,MAT191,GENERATED
MAT192,HYDRAULIC OIL ISO VG 68,LUBRICANTS,LTR,SERVO,ISO68,PLANT08,CPSE_D,L,SERVO,ISO68,LUBRICANTS,HYDRAULIC OIL ISO VG 68,HIGH,,STANDARDIZED,IN-LUB-00038,ACTIVE,v1,standardized_materials,HYDRAULIC OIL ISO VG 68,LUBRICANTS,MAT192,GENERATED
MAT193,GEAR OIL SAE 90,LUBRICANTS,LTR,CASTROL,SAE90,PLANT01,CPSE_A,L,CASTROL,SAE90,LUBRICANTS,GEAR OIL SAE 90,HIGH,,STANDARDIZED,IN-LUB-00039,ACTIVE,v1,standardized_materials,GEAR OIL SAE 90,LUBRICANTS,MAT193,GENERATED
MAT194,INDUSTRIAL GEAR LUBRICANT SAE 90,LUBRICANTS,LTR,CASTROL,SAE90,PLANT04,CPSE_B,L,CASTROL,SAE90,LUBRICANTS,INDUSTRIAL GEAR LUBRICANT SAE 90,HIGH,,STANDARDIZED,IN-LUB-00040,ACTIVE,v1,standardized_materials,INDUSTRIAL GEAR LUBRICANT SAE 90,LUBRICANTS,MAT194,GENERATED
MAT195,POWER CABLE 4 CORE 1.1 KV XLPE,CABLES,MTR,POLYCAB,4C-1.1KV,PLANT05,CPSE_C,M,POLYCAB,4C-1.1KV,ELECTRICAL,POWER CABLE 4 CORE 1.1 KV XLPE,HIGH,,STANDARDIZED,IN-ELC-00037,ACTIVE,v1,standardized_materials,POWER CABLE 4 CORE 1.1 KV XLPE,ELECTRICAL,MAT195,GENERATED
MAT196,4 CORE XLPE POWER CABLE 1100 VOLT,CABLES,MTR,POLYCAB,4C-1.1KV,PLANT08,CPSE_D,M,POLYCAB,4C-1.1KV,ELECTRICAL,4 CORE XLPE POWER CABLE 1100 VOLT,HIGH,,STANDARDIZED,IN-ELC-00038,ACTIVE,v1,standardized_materials,4 CORE XLPE POWER CABLE 1100 VOLT,ELECTRICAL,MAT196,GENERATED
MAT197,PVC INSULATED CONTROL CABLE 2.5 SQ MM,CABLES,MTR,FINOLEX,2.5SQMM,PLANT01,CPSE_A,M,FINOLEX,2.5SQMM,ELECTRICAL,PVC INSULATED CONTROL CABLE 2.5 SQ MM,HIGH,,STANDARDIZED,IN-ELC-00039,ACTIVE,v1,standardized_materials,PVC INSULATED CONTROL CABLE 2.5 SQ MM,ELECTRICAL,MAT197,GENERATED
MAT198,CONTROL CABLE PVC 2.5 MM2,CABLES,MTR,FINOLEX,2.5SQMM,PLANT04,CPSE_B,M,FINOLEX,2.5SQMM,ELECTRICAL,CONTROL CABLE PVC 2.5 MM2,HIGH,,STANDARDIZED,IN-ELC-00040,ACTIVE,v1,standardized_materials,CONTROL CABLE PVC 2.5 MM2,ELECTRICAL,MAT198,GENERATED
MAT199,INDUSTRIAL SAFETY HELMET ABS,SAFETY,EA,KARAM,HELMET-ABS,PLANT05,CPSE_C,EA,KARAM,HELMET-ABS,SAFETY_ITEMS,INDUSTRIAL SAFETY HELMET ABS,HIGH,,STANDARDIZED,IN-SFT-00019,ACTIVE,v1,standardized_materials,INDUSTRIAL SAFETY HELMET ABS,SAFETY_ITEMS,MAT199,GENERATED
MAT200,ABS HARD HAT INDUSTRIAL SAFETY,SAFETY,EA,KARAM,HELMET-ABS,PLANT08,CPSE_D,EA,KARAM,HELMET-ABS,SAFETY_ITEMS,ABS HARD HAT INDUSTRIAL SAFETY,HIGH,,STANDARDIZED,IN-SFT-00020,ACTIVE,v1,standardized_materials,ABS HARD HAT INDUSTRIAL SAFETY,SAFETY_ITEMS,MAT200,GENERATED
MAT201,HEX BOLT M16 X 80 MM HIGH TENSILE STEEL,FASTENERS,EA,TVS,M16-80-HT,PLANT01,CPSE_A,EA,TVS,M16-80-HT,FASTENERS,HEX BOLT M16 X 80 MM HIGH TENSILE STEEL,HIGH,,STANDARDIZED,IN-FST-00061,ACTIVE,v1,standardized_materials,HEX BOLT M16 X 80 MM HIGH TENSILE STEEL,FASTENERS,MAT201,GENERATED
MAT202,M16 HEXAGONAL BOLT 80MM HT STEEL,FASTENERS,EA,TVS,M16-80-HT,PLANT04,CPSE_B,EA,TVS,M16-80-HT,FASTENERS,M16 HEXAGONAL BOLT 80MM HT STEEL,HIGH,,STANDARDIZED,IN-FST-00062,ACTIVE,v1,standardized_materials,M16 HEXAGONAL BOLT 80MM HT STEEL,FASTENERS,MAT202,GENERATED
MAT203,HEX NUT M16 HIGH TENSILE STEEL,FASTENERS,EA,TVS,M16-NUT-HT,PLANT05,CPSE_C,EA,TVS,M16-NUT-HT,FASTENERS,HEX NUT M16 HIGH TENSILE STEEL,HIGH,,STANDARDIZED,IN-FST-00063,ACTIVE,v1,standardized_materials,HEX NUT M16 HIGH TENSILE STEEL,FASTENERS,MAT203,GENERATED
MAT204,M16 HEX NUT HT STEEL,FASTENERS,EA,TVS,M16-NUT-HT,PLANT08,CPSE_D,EA,TVS,M16-NUT-HT,FASTENERS,M16 HEX NUT HT STEEL,HIGH,,STANDARDIZED,IN-FST-00064,ACTIVE,v1,standardized_materials,M16 HEX NUT HT STEEL,FASTENERS,MAT204,GENERATED
MAT205,FLAT WASHER M16 MS,FASTENERS,EA,UNBRANDED,M16-WASHER,PLANT01,CPSE_A,EA,UNBRANDED,M16-WASHER,FASTENERS,FLAT WASHER M16 MS,HIGH,,STANDARDIZED,IN-FST-00065,ACTIVE,v1,standardized_materials,FLAT WASHER M16 MS,FASTENERS,MAT205,GENERATED
MAT206,M16 PLAIN WASHER MILD STEEL,FASTENERS,EA,UNBRANDED,M16-WASHER,PLANT04,CPSE_B,EA,UNBRANDED,M16-WASHER,FASTENERS,M16 PLAIN WASHER MILD STEEL,HIGH,,STANDARDIZED,IN-FST-00066,ACTIVE,v1,standardized_materials,M16 PLAIN WASHER MILD STEEL,FASTENERS,MAT206,GENERATED
MAT207,BEARING BALL 6205 ZZ,BEARINGS,EA,SKF,6205-ZZ,PLANT05,CPSE_C,EA,SKF,6205-ZZ,BEARINGS,BEARING BALL 6205 ZZ,HIGH,,STANDARDIZED,IN-BRG-00041,ACTIVE,v1,standardized_materials,BEARING BALL 6205 ZZ,BEARINGS,MAT207,GENERATED
MAT208,BALL BEARING 6205 ZZ SKF,BEARINGS,EA,SKF,6205-ZZ,PLANT08,CPSE_D,EA,SKF,6205-ZZ,BEARINGS,BALL BEARING 6205 ZZ SKF,HIGH,,STANDARDIZED,IN-BRG-00042,ACTIVE,v1,standardized_materials,BALL BEARING 6205 ZZ SKF,BEARINGS,MAT208,GENERATED
MAT209,DEEP GROOVE BALL BEARING 6206 2RS,BEARINGS,EA,FAG,6206-2RS,PLANT01,CPSE_A,EA,FAG,6206-2RS,BEARINGS,DEEP GROOVE BALL BEARING 6206 2RS,HIGH,,STANDARDIZED,IN-BRG-00043,ACTIVE,v1,standardized_materials,DEEP GROOVE BALL BEARING 6206 2RS,BEARINGS,MAT209,GENERATED
MAT210,6206 DOUBLE SEALED BALL BEARING FAG,BEARINGS,EA,FAG,6206-2RS,PLANT04,CPSE_B,EA,FAG,6206-2RS,BEARINGS,6206 DOUBLE SEALED BALL BEARING FAG,HIGH,,STANDARDIZED,IN-BRG-00044,ACTIVE,v1,standardized_materials,6206 DOUBLE SEALED BALL BEARING FAG,BEARINGS,MAT210,GENERATED
MAT211,INDUSTRIAL LUBRICANT ISO VG 68,LUBRICANTS,LTR,SERVO,ISO68,PLANT05,CPSE_C,L,SERVO,ISO68,LUBRICANTS,INDUSTRIAL LUBRICANT ISO VG 68,HIGH,,STANDARDIZED,IN-LUB-00041,ACTIVE,v1,standardized_materials,INDUSTRIAL LUBRICANT ISO VG 68,LUBRICANTS,MAT211,GENERATED
MAT212,HYDRAULIC OIL ISO VG 68,LUBRICANTS,LTR,SERVO,ISO68,PLANT08,CPSE_D,L,SERVO,ISO68,LUBRICANTS,HYDRAULIC OIL ISO VG 68,HIGH,,STANDARDIZED,IN-LUB-00042,ACTIVE,v1,standardized_materials,HYDRAULIC OIL ISO VG 68,LUBRICANTS,MAT212,GENERATED
MAT213,GEAR OIL SAE 90,LUBRICANTS,LTR,CASTROL,SAE90,PLANT01,CPSE_A,L,CASTROL,SAE90,LUBRICANTS,GEAR OIL SAE 90,HIGH,,STANDARDIZED,IN-LUB-00043,ACTIVE,v1,standardized_materials,GEAR OIL SAE 90,LUBRICANTS,MAT213,GENERATED
MAT214,INDUSTRIAL GEAR LUBRICANT SAE 90,LUBRICANTS,LTR,CASTROL,SAE90,PLANT04,CPSE_B,L,CASTROL,SAE90,LUBRICANTS,INDUSTRIAL GEAR LUBRICANT SAE 90,HIGH,,STANDARDIZED,IN-LUB-00044,ACTIVE,v1,standardized_materials,INDUSTRIAL GEAR LUBRICANT SAE 90,LUBRICANTS,MAT214,GENERATED
MAT215,POWER CABLE 4 CORE 1.1 KV XLPE,CABLES,MTR,POLYCAB,4C-1.1KV,PLANT05,CPSE_C,M,POLYCAB,4C-1.1KV,ELECTRICAL,POWER CABLE 4 CORE 1.1 KV XLPE,HIGH,,STANDARDIZED,IN-ELC-00041,ACTIVE,v1,standardized_materials,POWER CABLE 4 CORE 1.1 KV XLPE,ELECTRICAL,MAT215,GENERATED
MAT216,4 CORE XLPE POWER CABLE 1100 VOLT,CABLES,MTR,POLYCAB,4C-1.1KV,PLANT08,CPSE_D,M,POLYCAB,4C-1.1KV,ELECTRICAL,4 CORE XLPE POWER CABLE 1100 VOLT,HIGH,,STANDARDIZED,IN-ELC-00042,ACTIVE,v1,standardized_materials,4 CORE XLPE POWER CABLE 1100 VOLT,ELECTRICAL,MAT216,GENERATED
MAT217,PVC INSULATED CONTROL CABLE 2.5 SQ MM,CABLES,MTR,FINOLEX,2.5SQMM,PLANT01,CPSE_A,M,FINOLEX,2.5SQMM,ELECTRICAL,PVC INSULATED CONTROL CABLE 2.5 SQ MM,HIGH,,STANDARDIZED,IN-ELC-00043,ACTIVE,v1,standardized_materials,PVC INSULATED CONTROL CABLE 2.5 SQ MM,ELECTRICAL,MAT217,GENERATED
MAT218,CONTROL CABLE PVC 2.5 MM2,CABLES,MTR,FINOLEX,2.5SQMM,PLANT04,CPSE_B,M,FINOLEX,2.5SQMM,ELECTRICAL,CONTROL CABLE PVC 2.5 MM2,HIGH,,STANDARDIZED,IN-ELC-00044,ACTIVE,v1,standardized_materials,CONTROL CABLE PVC 2.5 MM2,ELECTRICAL,MAT218,GENERATED
MAT219,INDUSTRIAL SAFETY HELMET ABS,SAFETY,EA,KARAM,HELMET-ABS,PLANT05,CPSE_C,EA,KARAM,HELMET-ABS,SAFETY_ITEMS,INDUSTRIAL SAFETY HELMET ABS,HIGH,,STANDARDIZED,IN-SFT-00021,ACTIVE,v1,standardized_materials,INDUSTRIAL SAFETY HELMET ABS,SAFETY_ITEMS,MAT219,GENERATED
MAT220,ABS HARD HAT INDUSTRIAL SAFETY,SAFETY,EA,KARAM,HELMET-ABS,PLANT08,CPSE_D,EA,KARAM,HELMET-ABS,SAFETY_ITEMS,ABS HARD HAT INDUSTRIAL SAFETY,HIGH,,STANDARDIZED,IN-SFT-00022,ACTIVE,v1,standardized_materials,ABS HARD HAT INDUSTRIAL SAFETY,SAFETY_ITEMS,MAT220,GENERATED
MAT221,HEX BOLT M16 X 80 MM HIGH TENSILE STEEL,FASTENERS,EA,TVS,M16-80-HT,PLANT01,CPSE_A,EA,TVS,M16-80-HT,FASTENERS,HEX BOLT M16 X 80 MM HIGH TENSILE STEEL,HIGH,,STANDARDIZED,IN-FST-00067,ACTIVE,v1,standardized_materials,HEX BOLT M16 X 80 MM HIGH TENSILE STEEL,FASTENERS,MAT221,GENERATED
MAT222,M16 HEXAGONAL BOLT 80MM HT STEEL,FASTENERS,EA,TVS,M16-80-HT,PLANT04,CPSE_B,EA,TVS,M16-80-HT,FASTENERS,M16 HEXAGONAL BOLT 80MM HT STEEL,HIGH,,STANDARDIZED,IN-FST-00068,ACTIVE,v1,standardized_materials,M16 HEXAGONAL BOLT 80MM HT STEEL,FASTENERS,MAT222,GENERATED
MAT223,HEX NUT M16 HIGH TENSILE STEEL,FASTENERS,EA,TVS,M16-NUT-HT,PLANT05,CPSE_C,EA,TVS,M16-NUT-HT,FASTENERS,HEX NUT M16 HIGH TENSILE STEEL,HIGH,,STANDARDIZED,IN-FST-00069,ACTIVE,v1,standardized_materials,HEX NUT M16 HIGH TENSILE STEEL,FASTENERS,MAT223,GENERATED
MAT224,M16 HEX NUT HT STEEL,FASTENERS,EA,TVS,M16-NUT-HT,PLANT08,CPSE_D,EA,TVS,M16-NUT-HT,FASTENERS,M16 HEX NUT HT STEEL,HIGH,,STANDARDIZED,IN-FST-00070,ACTIVE,v1,standardized_materials,M16 HEX NUT HT STEEL,FASTENERS,MAT224,GENERATED
MAT225,FLAT WASHER M16 MS,FASTENERS,EA,UNBRANDED,M16-WASHER,PLANT01,CPSE_A,EA,UNBRANDED,M16-WASHER,FASTENERS,FLAT WASHER M16 MS,HIGH,,STANDARDIZED,IN-FST-00071,ACTIVE,v1,standardized_materials,FLAT WASHER M16 MS,FASTENERS,MAT225,GENERATED
MAT226,M16 PLAIN WASHER MILD STEEL,FASTENERS,EA,UNBRANDED,M16-WASHER,PLANT04,CPSE_B,EA,UNBRANDED,M16-WASHER,FASTENERS,M16 PLAIN WASHER MILD STEEL,HIGH,,STANDARDIZED,IN-FST-00072,ACTIVE,v1,standardized_materials,M16 PLAIN WASHER MILD STEEL,FASTENERS,MAT226,GENERATED
MAT227,BEARING BALL 6205 ZZ,BEARINGS,EA,SKF,6205-ZZ,PLANT05,CPSE_C,EA,SKF,6205-ZZ,BEARINGS,BEARING BALL 6205 ZZ,HIGH,,STANDARDIZED,IN-BRG-00045,ACTIVE,v1,standardized_materials,BEARING BALL 6205 ZZ,BEARINGS,MAT227,GENERATED
MAT228,BALL BEARING 6205 ZZ SKF,BEARINGS,EA,SKF,6205-ZZ,PLANT08,CPSE_D,EA,SKF,6205-ZZ,BEARINGS,BALL BEARING 6205 ZZ SKF,HIGH,,STANDARDIZED,IN-BRG-00046,ACTIVE,v1,standardized_materials,BALL BEARING 6205 ZZ SKF,BEARINGS,MAT228,GENERATED
MAT229,DEEP GROOVE BALL BEARING 6206 2RS,BEARINGS,EA,FAG,6206-2RS,PLANT01,CPSE_A,EA,FAG,6206-2RS,BEARINGS,DEEP GROOVE BALL BEARING 6206 2RS,HIGH,,STANDARDIZED,IN-BRG-00047,ACTIVE,v1,standardized_materials,DEEP GROOVE BALL BEARING 6206 2RS,BEARINGS,MAT229,GENERATED
MAT230,6206 DOUBLE SEALED BALL BEARING FAG,BEARINGS,EA,FAG,6206-2RS,PLANT04,CPSE_B,EA,FAG,6206-2RS,BEARINGS,6206 DOUBLE SEALED BALL BEARING FAG,HIGH,,STANDARDIZED,IN-BRG-00048,ACTIVE,v1,standardized_materials,6206 DOUBLE SEALED BALL BEARING FAG,BEARINGS,MAT230,GENERATED
MAT231,INDUSTRIAL LUBRICANT ISO VG 68,LUBRICANTS,LTR,SERVO,ISO68,PLANT05,CPSE_C,L,SERVO,ISO68,LUBRICANTS,INDUSTRIAL LUBRICANT ISO VG 68,HIGH,,STANDARDIZED,IN-LUB-00045,ACTIVE,v1,standardized_materials,INDUSTRIAL LUBRICANT ISO VG 68,LUBRICANTS,MAT231,GENERATED
MAT232,HYDRAULIC OIL ISO VG 68,LUBRICANTS,LTR,SERVO,ISO68,PLANT08,CPSE_D,L,SERVO,ISO68,LUBRICANTS,HYDRAULIC OIL ISO VG 68,HIGH,,STANDARDIZED,IN-LUB-00046,ACTIVE,v1,standardized_materials,HYDRAULIC OIL ISO VG 68,LUBRICANTS,MAT232,GENERATED
MAT233,GEAR OIL SAE 90,LUBRICANTS,LTR,CASTROL,SAE90,PLANT01,CPSE_A,L,CASTROL,SAE90,LUBRICANTS,GEAR OIL SAE 90,HIGH,,STANDARDIZED,IN-LUB-00047,ACTIVE,v1,standardized_materials,GEAR OIL SAE 90,LUBRICANTS,MAT233,GENERATED
MAT234,INDUSTRIAL GEAR LUBRICANT SAE 90,LUBRICANTS,LTR,CASTROL,SAE90,PLANT04,CPSE_B,L,CASTROL,SAE90,LUBRICANTS,INDUSTRIAL GEAR LUBRICANT SAE 90,HIGH,,STANDARDIZED,IN-LUB-00048,ACTIVE,v1,standardized_materials,INDUSTRIAL GEAR LUBRICANT SAE 90,LUBRICANTS,MAT234,GENERATED
MAT235,POWER CABLE 4 CORE 1.1 KV XLPE,CABLES,MTR,POLYCAB,4C-1.1KV,PLANT05,CPSE_C,M,POLYCAB,4C-1.1KV,ELECTRICAL,POWER CABLE 4 CORE 1.1 KV XLPE,HIGH,,STANDARDIZED,IN-ELC-00045,ACTIVE,v1,standardized_materials,POWER CABLE 4 CORE 1.1 KV XLPE,ELECTRICAL,MAT235,GENERATED
MAT236,4 CORE XLPE POWER CABLE 1100 VOLT,CABLES,MTR,POLYCAB,4C-1.1KV,PLANT08,CPSE_D,M,POLYCAB,4C-1.1KV,ELECTRICAL,4 CORE XLPE POWER CABLE 1100 VOLT,HIGH,,STANDARDIZED,IN-ELC-00046,ACTIVE,v1,standardized_materials,4 CORE XLPE POWER CABLE 1100 VOLT,ELECTRICAL,MAT236,GENERATED
MAT237,PVC INSULATED CONTROL CABLE 2.5 SQ MM,CABLES,MTR,FINOLEX,2.5SQMM,PLANT01,CPSE_A,M,FINOLEX,2.5SQMM,ELECTRICAL,PVC INSULATED CONTROL CABLE 2.5 SQ MM,HIGH,,STANDARDIZED,IN-ELC-00047,ACTIVE,v1,standardized_materials,PVC INSULATED CONTROL CABLE 2.5 SQ MM,ELECTRICAL,MAT237,GENERATED
MAT238,CONTROL CABLE PVC 2.5 MM2,CABLES,MTR,FINOLEX,2.5SQMM,PLANT04,CPSE_B,M,FINOLEX,2.5SQMM,ELECTRICAL,CONTROL CABLE PVC 2.5 MM2,HIGH,,STANDARDIZED,IN-ELC-00048,ACTIVE,v1,standardized_materials,CONTROL CABLE PVC 2.5 MM2,ELECTRICAL,MAT238,GENERATED
MAT239,INDUSTRIAL SAFETY HELMET ABS,SAFETY,EA,KARAM,HELMET-ABS,PLANT05,CPSE_C,EA,KARAM,HELMET-ABS,SAFETY_ITEMS,INDUSTRIAL SAFETY HELMET ABS,HIGH,,STANDARDIZED,IN-SFT-00023,ACTIVE,v1,standardized_materials,INDUSTRIAL SAFETY HELMET ABS,SAFETY_ITEMS,MAT239,GENERATED
MAT240,ABS HARD HAT INDUSTRIAL SAFETY,SAFETY,EA,KARAM,HELMET-ABS,PLANT08,CPSE_D,EA,KARAM,HELMET-ABS,SAFETY_ITEMS,ABS HARD HAT INDUSTRIAL SAFETY,HIGH,,STANDARDIZED,IN-SFT-00024,ACTIVE,v1,standardized_materials,ABS HARD HAT INDUSTRIAL SAFETY,SAFETY_ITEMS,MAT240,GENERATED
MAT241,HEX BOLT M16 X 80 MM HIGH TENSILE STEEL,FASTENERS,EA,TVS,M16-80-HT,PLANT01,CPSE_A,EA,TVS,M16-80-HT,FASTENERS,HEX BOLT M16 X 80 MM HIGH TENSILE STEEL,HIGH,,STANDARDIZED,IN-FST-00073,ACTIVE,v1,standardized_materials,HEX BOLT M16 X 80 MM HIGH TENSILE STEEL,FASTENERS,MAT241,GENERATED
MAT242,M16 HEXAGONAL BOLT 80MM HT STEEL,FASTENERS,EA,TVS,M16-80-HT,PLANT04,CPSE_B,EA,TVS,M16-80-HT,FASTENERS,M16 HEXAGONAL BOLT 80MM HT STEEL,HIGH,,STANDARDIZED,IN-FST-00074,ACTIVE,v1,standardized_materials,M16 HEXAGONAL BOLT 80MM HT STEEL,FASTENERS,MAT242,GENERATED
MAT243,HEX NUT M16 HIGH TENSILE STEEL,FASTENERS,EA,TVS,M16-NUT-HT,PLANT05,CPSE_C,EA,TVS,M16-NUT-HT,FASTENERS,HEX NUT M16 HIGH TENSILE STEEL,HIGH,,STANDARDIZED,IN-FST-00075,ACTIVE,v1,standardized_materials,HEX NUT M16 HIGH TENSILE STEEL,FASTENERS,MAT243,GENERATED
MAT244,M16 HEX NUT HT STEEL,FASTENERS,EA,TVS,M16-NUT-HT,PLANT08,CPSE_D,EA,TVS,M16-NUT-HT,FASTENERS,M16 HEX NUT HT STEEL,HIGH,,STANDARDIZED,IN-FST-00076,ACTIVE,v1,standardized_materials,M16 HEX NUT HT STEEL,FASTENERS,MAT244,GENERATED
MAT245,FLAT WASHER M16 MS,FASTENERS,EA,UNBRANDED,M16-WASHER,PLANT01,CPSE_A,EA,UNBRANDED,M16-WASHER,FASTENERS,FLAT WASHER M16 MS,HIGH,,STANDARDIZED,IN-FST-00077,ACTIVE,v1,standardized_materials,FLAT WASHER M16 MS,FASTENERS,MAT245,GENERATED
MAT246,M16 PLAIN WASHER MILD STEEL,FASTENERS,EA,UNBRANDED,M16-WASHER,PLANT04,CPSE_B,EA,UNBRANDED,M16-WASHER,FASTENERS,M16 PLAIN WASHER MILD STEEL,HIGH,,STANDARDIZED,IN-FST-00078,ACTIVE,v1,standardized_materials,M16 PLAIN WASHER MILD STEEL,FASTENERS,MAT246,GENERATED
MAT247,BEARING BALL 6205 ZZ,BEARINGS,EA,SKF,6205-ZZ,PLANT05,CPSE_C,EA,SKF,6205-ZZ,BEARINGS,BEARING BALL 6205 ZZ,HIGH,,STANDARDIZED,IN-BRG-00049,ACTIVE,v1,standardized_materials,BEARING BALL 6205 ZZ,BEARINGS,MAT247,GENERATED
MAT248,BALL BEARING 6205 ZZ SKF,BEARINGS,EA,SKF,6205-ZZ,PLANT08,CPSE_D,EA,SKF,6205-ZZ,BEARINGS,BALL BEARING 6205 ZZ SKF,HIGH,,STANDARDIZED,IN-BRG-00050,ACTIVE,v1,standardized_materials,BALL BEARING 6205 ZZ SKF,BEARINGS,MAT248,GENERATED
MAT249,DEEP GROOVE BALL BEARING 6206 2RS,BEARINGS,EA,FAG,6206-2RS,PLANT01,CPSE_A,EA,FAG,6206-2RS,BEARINGS,DEEP GROOVE BALL BEARING 6206 2RS,HIGH,,STANDARDIZED,IN-BRG-00051,ACTIVE,v1,standardized_materials,DEEP GROOVE BALL BEARING 6206 2RS,BEARINGS,MAT249,GENERATED
MAT250,6206 DOUBLE SEALED BALL BEARING FAG,BEARINGS,EA,FAG,6206-2RS,PLANT04,CPSE_B,EA,FAG,6206-2RS,BEARINGS,6206 DOUBLE SEALED BALL BEARING FAG,HIGH,,STANDARDIZED,IN-BRG-00052,ACTIVE,v1,standardized_materials,6206 DOUBLE SEALED BALL BEARING FAG,BEARINGS,MAT250,GENERATED
MAT251,INDUSTRIAL LUBRICANT ISO VG 68,LUBRICANTS,LTR,SERVO,ISO68,PLANT05,CPSE_C,L,SERVO,ISO68,LUBRICANTS,INDUSTRIAL LUBRICANT ISO VG 68,HIGH,,STANDARDIZED,IN-LUB-00049,ACTIVE,v1,standardized_materials,INDUSTRIAL LUBRICANT ISO VG 68,LUBRICANTS,MAT251,GENERATED
MAT252,HYDRAULIC OIL ISO VG 68,LUBRICANTS,LTR,SERVO,ISO68,PLANT08,CPSE_D,L,SERVO,ISO68,LUBRICANTS,HYDRAULIC OIL ISO VG 68,HIGH,,STANDARDIZED,IN-LUB-00050,ACTIVE,v1,standardized_materials,HYDRAULIC OIL ISO VG 68,LUBRICANTS,MAT252,GENERATED
MAT253,GEAR OIL SAE 90,LUBRICANTS,LTR,CASTROL,SAE90,PLANT01,CPSE_A,L,CASTROL,SAE90,LUBRICANTS,GEAR OIL SAE 90,HIGH,,STANDARDIZED,IN-LUB-00051,ACTIVE,v1,standardized_materials,GEAR OIL SAE 90,LUBRICANTS,MAT253,GENERATED
MAT254,INDUSTRIAL GEAR LUBRICANT SAE 90,LUBRICANTS,LTR,CASTROL,SAE90,PLANT04,CPSE_B,L,CASTROL,SAE90,LUBRICANTS,INDUSTRIAL GEAR LUBRICANT SAE 90,HIGH,,STANDARDIZED,IN-LUB-00052,ACTIVE,v1,standardized_materials,INDUSTRIAL GEAR LUBRICANT SAE 90,LUBRICANTS,MAT254,GENERATED
MAT255,POWER CABLE 4 CORE 1.1 KV XLPE,CABLES,MTR,POLYCAB,4C-1.1KV,PLANT05,CPSE_C,M,POLYCAB,4C-1.1KV,ELECTRICAL,POWER CABLE 4 CORE 1.1 KV XLPE,HIGH,,STANDARDIZED,IN-ELC-00049,ACTIVE,v1,standardized_materials,POWER CABLE 4 CORE 1.1 KV XLPE,ELECTRICAL,MAT255,GENERATED
MAT256,4 CORE XLPE POWER CABLE 1100 VOLT,CABLES,MTR,POLYCAB,4C-1.1KV,PLANT08,CPSE_D,M,POLYCAB,4C-1.1KV,ELECTRICAL,4 CORE XLPE POWER CABLE 1100 VOLT,HIGH,,STANDARDIZED,IN-ELC-00050,ACTIVE,v1,standardized_materials,4 CORE XLPE POWER CABLE 1100 VOLT,ELECTRICAL,MAT256,GENERATED
MAT257,PVC INSULATED CONTROL CABLE 2.5 SQ MM,CABLES,MTR,FINOLEX,2.5SQMM,PLANT01,CPSE_A,M,FINOLEX,2.5SQMM,ELECTRICAL,PVC INSULATED CONTROL CABLE 2.5 SQ MM,HIGH,,STANDARDIZED,IN-ELC-00051,ACTIVE,v1,standardized_materials,PVC INSULATED CONTROL CABLE 2.5 SQ MM,ELECTRICAL,MAT257,GENERATED
MAT258,CONTROL CABLE PVC 2.5 MM2,CABLES,MTR,FINOLEX,2.5SQMM,PLANT04,CPSE_B,M,FINOLEX,2.5SQMM,ELECTRICAL,CONTROL CABLE PVC 2.5 MM2,HIGH,,STANDARDIZED,IN-ELC-00052,ACTIVE,v1,standardized_materials,CONTROL CABLE PVC 2.5 MM2,ELECTRICAL,MAT258,GENERATED
MAT259,INDUSTRIAL SAFETY HELMET ABS,SAFETY,EA,KARAM,HELMET-ABS,PLANT05,CPSE_C,EA,KARAM,HELMET-ABS,SAFETY_ITEMS,INDUSTRIAL SAFETY HELMET ABS,HIGH,,STANDARDIZED,IN-SFT-00025,ACTIVE,v1,standardized_materials,INDUSTRIAL SAFETY HELMET ABS,SAFETY_ITEMS,MAT259,GENERATED
MAT260,ABS HARD HAT INDUSTRIAL SAFETY,SAFETY,EA,KARAM,HELMET-ABS,PLANT08,CPSE_D,EA,KARAM,HELMET-ABS,SAFETY_ITEMS,ABS HARD HAT INDUSTRIAL SAFETY,HIGH,,STANDARDIZED,IN-SFT-00026,ACTIVE,v1,standardized_materials,ABS HARD HAT INDUSTRIAL SAFETY,SAFETY_ITEMS,MAT260,GENERATED
MAT261,HEX BOLT M16 X 80 MM HIGH TENSILE STEEL,FASTENERS,EA,TVS,M16-80-HT,PLANT01,CPSE_A,EA,TVS,M16-80-HT,FASTENERS,HEX BOLT M16 X 80 MM HIGH TENSILE STEEL,HIGH,,STANDARDIZED,IN-FST-00079,ACTIVE,v1,standardized_materials,HEX BOLT M16 X 80 MM HIGH TENSILE STEEL,FASTENERS,MAT261,GENERATED
MAT262,M16 HEXAGONAL BOLT 80MM HT STEEL,FASTENERS,EA,TVS,M16-80-HT,PLANT04,CPSE_B,EA,TVS,M16-80-HT,FASTENERS,M16 HEXAGONAL BOLT 80MM HT STEEL,HIGH,,STANDARDIZED,IN-FST-00080,ACTIVE,v1,standardized_materials,M16 HEXAGONAL BOLT 80MM HT STEEL,FASTENERS,MAT262,GENERATED
MAT263,HEX NUT M16 HIGH TENSILE STEEL,FASTENERS,EA,TVS,M16-NUT-HT,PLANT05,CPSE_C,EA,TVS,M16-NUT-HT,FASTENERS,HEX NUT M16 HIGH TENSILE STEEL,HIGH,,STANDARDIZED,IN-FST-00081,ACTIVE,v1,standardized_materials,HEX NUT M16 HIGH TENSILE STEEL,FASTENERS,MAT263,GENERATED
MAT264,M16 HEX NUT HT STEEL,FASTENERS,EA,TVS,M16-NUT-HT,PLANT08,CPSE_D,EA,TVS,M16-NUT-HT,FASTENERS,M16 HEX NUT HT STEEL,HIGH,,STANDARDIZED,IN-FST-00082,ACTIVE,v1,standardized_materials,M16 HEX NUT HT STEEL,FASTENERS,MAT264,GENERATED
MAT265,FLAT WASHER M16 MS,FASTENERS,EA,UNBRANDED,M16-WASHER,PLANT01,CPSE_A,EA,UNBRANDED,M16-WASHER,FASTENERS,FLAT WASHER M16 MS,HIGH,,STANDARDIZED,IN-FST-00083,ACTIVE,v1,standardized_materials,FLAT WASHER M16 MS,FASTENERS,MAT265,GENERATED
MAT266,M16 PLAIN WASHER MILD STEEL,FASTENERS,EA,UNBRANDED,M16-WASHER,PLANT04,CPSE_B,EA,UNBRANDED,M16-WASHER,FASTENERS,M16 PLAIN WASHER MILD STEEL,HIGH,,STANDARDIZED,IN-FST-00084,ACTIVE,v1,standardized_materials,M16 PLAIN WASHER MILD STEEL,FASTENERS,MAT266,GENERATED
MAT267,BEARING BALL 6205 ZZ,BEARINGS,EA,SKF,6205-ZZ,PLANT05,CPSE_C,EA,SKF,6205-ZZ,BEARINGS,BEARING BALL 6205 ZZ,HIGH,,STANDARDIZED,IN-BRG-00053,ACTIVE,v1,standardized_materials,BEARING BALL 6205 ZZ,BEARINGS,MAT267,GENERATED
MAT268,BALL BEARING 6205 ZZ SKF,BEARINGS,EA,SKF,6205-ZZ,PLANT08,CPSE_D,EA,SKF,6205-ZZ,BEARINGS,BALL BEARING 6205 ZZ SKF,HIGH,,STANDARDIZED,IN-BRG-00054,ACTIVE,v1,standardized_materials,BALL BEARING 6205 ZZ SKF,BEARINGS,MAT268,GENERATED
MAT269,DEEP GROOVE BALL BEARING 6206 2RS,BEARINGS,EA,FAG,6206-2RS,PLANT01,CPSE_A,EA,FAG,6206-2RS,BEARINGS,DEEP GROOVE BALL BEARING 6206 2RS,HIGH,,STANDARDIZED,IN-BRG-00055,ACTIVE,v1,standardized_materials,DEEP GROOVE BALL BEARING 6206 2RS,BEARINGS,MAT269,GENERATED
MAT270,6206 DOUBLE SEALED BALL BEARING FAG,BEARINGS,EA,FAG,6206-2RS,PLANT04,CPSE_B,EA,FAG,6206-2RS,BEARINGS,6206 DOUBLE SEALED BALL BEARING FAG,HIGH,,STANDARDIZED,IN-BRG-00056,ACTIVE,v1,standardized_materials,6206 DOUBLE SEALED BALL BEARING FAG,BEARINGS,MAT270,GENERATED
MAT271,INDUSTRIAL LUBRICANT ISO VG 68,LUBRICANTS,LTR,SERVO,ISO68,PLANT05,CPSE_C,L,SERVO,ISO68,LUBRICANTS,INDUSTRIAL LUBRICANT ISO VG 68,HIGH,,STANDARDIZED,IN-LUB-00053,ACTIVE,v1,standardized_materials,INDUSTRIAL LUBRICANT ISO VG 68,LUBRICANTS,MAT271,GENERATED
MAT272,HYDRAULIC OIL ISO VG 68,LUBRICANTS,LTR,SERVO,ISO68,PLANT08,CPSE_D,L,SERVO,ISO68,LUBRICANTS,HYDRAULIC OIL ISO VG 68,HIGH,,STANDARDIZED,IN-LUB-00054,ACTIVE,v1,standardized_materials,HYDRAULIC OIL ISO VG 68,LUBRICANTS,MAT272,GENERATED
MAT273,GEAR OIL SAE 90,LUBRICANTS,LTR,CASTROL,SAE90,PLANT01,CPSE_A,L,CASTROL,SAE90,LUBRICANTS,GEAR OIL SAE 90,HIGH,,STANDARDIZED,IN-LUB-00055,ACTIVE,v1,standardized_materials,GEAR OIL SAE 90,LUBRICANTS,MAT273,GENERATED
MAT274,INDUSTRIAL GEAR LUBRICANT SAE 90,LUBRICANTS,LTR,CASTROL,SAE90,PLANT04,CPSE_B,L,CASTROL,SAE90,LUBRICANTS,INDUSTRIAL GEAR LUBRICANT SAE 90,HIGH,,STANDARDIZED,IN-LUB-00056,ACTIVE,v1,standardized_materials,INDUSTRIAL GEAR LUBRICANT SAE 90,LUBRICANTS,MAT274,GENERATED
MAT275,POWER CABLE 4 CORE 1.1 KV XLPE,CABLES,MTR,POLYCAB,4C-1.1KV,PLANT05,CPSE_C,M,POLYCAB,4C-1.1KV,ELECTRICAL,POWER CABLE 4 CORE 1.1 KV XLPE,HIGH,,STANDARDIZED,IN-ELC-00053,ACTIVE,v1,standardized_materials,POWER CABLE 4 CORE 1.1 KV XLPE,ELECTRICAL,MAT275,GENERATED
MAT276,4 CORE XLPE POWER CABLE 1100 VOLT,CABLES,MTR,POLYCAB,4C-1.1KV,PLANT08,CPSE_D,M,POLYCAB,4C-1.1KV,ELECTRICAL,4 CORE XLPE POWER CABLE 1100 VOLT,HIGH,,STANDARDIZED,IN-ELC-00054,ACTIVE,v1,standardized_materials,4 CORE XLPE POWER CABLE 1100 VOLT,ELECTRICAL,MAT276,GENERATED
MAT277,PVC INSULATED CONTROL CABLE 2.5 SQ MM,CABLES,MTR,FINOLEX,2.5SQMM,PLANT01,CPSE_A,M,FINOLEX,2.5SQMM,ELECTRICAL,PVC INSULATED CONTROL CABLE 2.5 SQ MM,HIGH,,STANDARDIZED,IN-ELC-00055,ACTIVE,v1,standardized_materials,PVC INSULATED CONTROL CABLE 2.5 SQ MM,ELECTRICAL,MAT277,GENERATED
MAT278,CONTROL CABLE PVC 2.5 MM2,CABLES,MTR,FINOLEX,2.5SQMM,PLANT04,CPSE_B,M,FINOLEX,2.5SQMM,ELECTRICAL,CONTROL CABLE PVC 2.5 MM2,HIGH,,STANDARDIZED,IN-ELC-00056,ACTIVE,v1,standardized_materials,CONTROL CABLE PVC 2.5 MM2,ELECTRICAL,MAT278,GENERATED
MAT279,INDUSTRIAL SAFETY HELMET ABS,SAFETY,EA,KARAM,HELMET-ABS,PLANT05,CPSE_C,EA,KARAM,HELMET-ABS,SAFETY_ITEMS,INDUSTRIAL SAFETY HELMET ABS,HIGH,,STANDARDIZED,IN-SFT-00027,ACTIVE,v1,standardized_materials,INDUSTRIAL SAFETY HELMET ABS,SAFETY_ITEMS,MAT279,GENERATED
MAT280,ABS HARD HAT INDUSTRIAL SAFETY,SAFETY,EA,KARAM,HELMET-ABS,PLANT08,CPSE_D,EA,KARAM,HELMET-ABS,SAFETY_ITEMS,ABS HARD HAT INDUSTRIAL SAFETY,HIGH,,STANDARDIZED,IN-SFT-00028,ACTIVE,v1,standardized_materials,ABS HARD HAT INDUSTRIAL SAFETY,SAFETY_ITEMS,MAT280,GENERATED
MAT281,HEX BOLT M16 X 80 MM HIGH TENSILE STEEL,FASTENERS,EA,TVS,M16-80-HT,PLANT01,CPSE_A,EA,TVS,M16-80-HT,FASTENERS,HEX BOLT M16 X 80 MM HIGH TENSILE STEEL,HIGH,,STANDARDIZED,IN-FST-00085,ACTIVE,v1,standardized_materials,HEX BOLT M16 X 80 MM HIGH TENSILE STEEL,FASTENERS,MAT281,GENERATED
MAT282,M16 HEXAGONAL BOLT 80MM HT STEEL,FASTENERS,EA,TVS,M16-80-HT,PLANT04,CPSE_B,EA,TVS,M16-80-HT,FASTENERS,M16 HEXAGONAL BOLT 80MM HT STEEL,HIGH,,STANDARDIZED,IN-FST-00086,ACTIVE,v1,standardized_materials,M16 HEXAGONAL BOLT 80MM HT STEEL,FASTENERS,MAT282,GENERATED
MAT283,HEX NUT M16 HIGH TENSILE STEEL,FASTENERS,EA,TVS,M16-NUT-HT,PLANT05,CPSE_C,EA,TVS,M16-NUT-HT,FASTENERS,HEX NUT M16 HIGH TENSILE STEEL,HIGH,,STANDARDIZED,IN-FST-00087,ACTIVE,v1,standardized_materials,HEX NUT M16 HIGH TENSILE STEEL,FASTENERS,MAT283,GENERATED
MAT284,M16 HEX NUT HT STEEL,FASTENERS,EA,TVS,M16-NUT-HT,PLANT08,CPSE_D,EA,TVS,M16-NUT-HT,FASTENERS,M16 HEX NUT HT STEEL,HIGH,,STANDARDIZED,IN-FST-00088,ACTIVE,v1,standardized_materials,M16 HEX NUT HT STEEL,FASTENERS,MAT284,GENERATED
MAT285,FLAT WASHER M16 MS,FASTENERS,EA,UNBRANDED,M16-WASHER,PLANT01,CPSE_A,EA,UNBRANDED,M16-WASHER,FASTENERS,FLAT WASHER M16 MS,HIGH,,STANDARDIZED,IN-FST-00089,ACTIVE,v1,standardized_materials,FLAT WASHER M16 MS,FASTENERS,MAT285,GENERATED
MAT286,M16 PLAIN WASHER MILD STEEL,FASTENERS,EA,UNBRANDED,M16-WASHER,PLANT04,CPSE_B,EA,UNBRANDED,M16-WASHER,FASTENERS,M16 PLAIN WASHER MILD STEEL,HIGH,,STANDARDIZED,IN-FST-00090,ACTIVE,v1,standardized_materials,M16 PLAIN WASHER MILD STEEL,FASTENERS,MAT286,GENERATED
MAT287,BEARING BALL 6205 ZZ,BEARINGS,EA,SKF,6205-ZZ,PLANT05,CPSE_C,EA,SKF,6205-ZZ,BEARINGS,BEARING BALL 6205 ZZ,HIGH,,STANDARDIZED,IN-BRG-00057,ACTIVE,v1,standardized_materials,BEARING BALL 6205 ZZ,BEARINGS,MAT287,GENERATED
MAT288,BALL BEARING 6205 ZZ SKF,BEARINGS,EA,SKF,6205-ZZ,PLANT08,CPSE_D,EA,SKF,6205-ZZ,BEARINGS,BALL BEARING 6205 ZZ SKF,HIGH,,STANDARDIZED,IN-BRG-00058,ACTIVE,v1,standardized_materials,BALL BEARING 6205 ZZ SKF,BEARINGS,MAT288,GENERATED
MAT289,DEEP GROOVE BALL BEARING 6206 2RS,BEARINGS,EA,FAG,6206-2RS,PLANT01,CPSE_A,EA,FAG,6206-2RS,BEARINGS,DEEP GROOVE BALL BEARING 6206 2RS,HIGH,,STANDARDIZED,IN-BRG-00059,ACTIVE,v1,standardized_materials,DEEP GROOVE BALL BEARING 6206 2RS,BEARINGS,MAT289,GENERATED
MAT290,6206 DOUBLE SEALED BALL BEARING FAG,BEARINGS,EA,FAG,6206-2RS,PLANT04,CPSE_B,EA,FAG,6206-2RS,BEARINGS,6206 DOUBLE SEALED BALL BEARING FAG,HIGH,,STANDARDIZED,IN-BRG-00060,ACTIVE,v1,standardized_materials,6206 DOUBLE SEALED BALL BEARING FAG,BEARINGS,MAT290,GENERATED
MAT291,INDUSTRIAL LUBRICANT ISO VG 68,LUBRICANTS,LTR,SERVO,ISO68,PLANT05,CPSE_C,L,SERVO,ISO68,LUBRICANTS,INDUSTRIAL LUBRICANT ISO VG 68,HIGH,,STANDARDIZED,IN-LUB-00057,ACTIVE,v1,standardized_materials,INDUSTRIAL LUBRICANT ISO VG 68,LUBRICANTS,MAT291,GENERATED
MAT292,HYDRAULIC OIL ISO VG 68,LUBRICANTS,LTR,SERVO,ISO68,PLANT08,CPSE_D,L,SERVO,ISO68,LUBRICANTS,HYDRAULIC OIL ISO VG 68,HIGH,,STANDARDIZED,IN-LUB-00058,ACTIVE,v1,standardized_materials,HYDRAULIC OIL ISO VG 68,LUBRICANTS,MAT292,GENERATED
MAT293,GEAR OIL SAE 90,LUBRICANTS,LTR,CASTROL,SAE90,PLANT01,CPSE_A,L,CASTROL,SAE90,LUBRICANTS,GEAR OIL SAE 90,HIGH,,STANDARDIZED,IN-LUB-00059,ACTIVE,v1,standardized_materials,GEAR OIL SAE 90,LUBRICANTS,MAT293,GENERATED
MAT294,INDUSTRIAL GEAR LUBRICANT SAE 90,LUBRICANTS,LTR,CASTROL,SAE90,PLANT04,CPSE_B,L,CASTROL,SAE90,LUBRICANTS,INDUSTRIAL GEAR LUBRICANT SAE 90,HIGH,,STANDARDIZED,IN-LUB-00060,ACTIVE,v1,standardized_materials,INDUSTRIAL GEAR LUBRICANT SAE 90,LUBRICANTS,MAT294,GENERATED
MAT295,POWER CABLE 4 CORE 1.1 KV XLPE,CABLES,MTR,POLYCAB,4C-1.1KV,PLANT05,CPSE_C,M,POLYCAB,4C-1.1KV,ELECTRICAL,POWER CABLE 4 CORE 1.1 KV XLPE,HIGH,,STANDARDIZED,IN-ELC-00057,ACTIVE,v1,standardized_materials,POWER CABLE 4 CORE 1.1 KV XLPE,ELECTRICAL,MAT295,GENERATED
MAT296,4 CORE XLPE POWER CABLE 1100 VOLT,CABLES,MTR,POLYCAB,4C-1.1KV,PLANT08,CPSE_D,M,POLYCAB,4C-1.1KV,ELECTRICAL,4 CORE XLPE POWER CABLE 1100 VOLT,HIGH,,STANDARDIZED,IN-ELC-00058,ACTIVE,v1,standardized_materials,4 CORE XLPE POWER CABLE 1100 VOLT,ELECTRICAL,MAT296,GENERATED
MAT297,PVC INSULATED CONTROL CABLE 2.5 SQ MM,CABLES,MTR,FINOLEX,2.5SQMM,PLANT01,CPSE_A,M,FINOLEX,2.5SQMM,ELECTRICAL,PVC INSULATED CONTROL CABLE 2.5 SQ MM,HIGH,,STANDARDIZED,IN-ELC-00059,ACTIVE,v1,standardized_materials,PVC INSULATED CONTROL CABLE 2.5 SQ MM,ELECTRICAL,MAT297,GENERATED
MAT298,CONTROL CABLE PVC 2.5 MM2,CABLES,MTR,FINOLEX,2.5SQMM,PLANT04,CPSE_B,M,FINOLEX,2.5SQMM,ELECTRICAL,CONTROL CABLE PVC 2.5 MM2,HIGH,,STANDARDIZED,IN-ELC-00060,ACTIVE,v1,standardized_materials,CONTROL CABLE PVC 2.5 MM2,ELECTRICAL,MAT298,GENERATED
MAT299,INDUSTRIAL SAFETY HELMET ABS,SAFETY,EA,KARAM,HELMET-ABS,PLANT05,CPSE_C,EA,KARAM,HELMET-ABS,SAFETY_ITEMS,INDUSTRIAL SAFETY HELMET ABS,HIGH,,STANDARDIZED,IN-SFT-00029,ACTIVE,v1,standardized_materials,INDUSTRIAL SAFETY HELMET ABS,SAFETY_ITEMS,MAT299,GENERATED
MAT300,ABS HARD HAT INDUSTRIAL SAFETY,SAFETY,EA,KARAM,HELMET-ABS,PLANT08,CPSE_D,EA,KARAM,HELMET-ABS,SAFETY_ITEMS,ABS HARD HAT INDUSTRIAL SAFETY,HIGH,,STANDARDIZED,IN-SFT-00030,ACTIVE,v1,standardized_materials,ABS HARD HAT INDUSTRIAL SAFETY,SAFETY_ITEMS,MAT300,GENERATED
