material_id,material_description,material_group,unit_of_measure,manufacturer,part_number,plant,source_cpse,material_description_normalized,material_group_normalized,unit_of_measure_normalized,manufacturer_normalized,part_number_normalized,plant_normalized,source_cpse_normalized,size,length,voltage,diameter,core_count,material_type,standard
MAT001,HEX BOLT M16 X 80 MM HIGH TENSILE STEEL,FASTENERS,EA,TVS,M16-80-HT,PLANT01,CPSE_A,HEX BOLT M16 X 80 MM HIGH TENSILE STEEL,FASTENERS,EA,TVS,M16 80 HT,PLANT01,CPSE_A,M16,80.0,,,,STEEL,
MAT002,M16 HEXAGONAL BOLT 80MM HT STEEL,FASTENERS,EA,TVS,M16-80-HT,PLANT04,CPSE_B,M16 HEXAGONAL BOLT 80MM HT STEEL,FASTENERS,EA,TVS,M16 80 HT,PLANT04,CPSE_B,M16,80.0,,,,STEEL,HT
MAT003,HEX NUT M16 HIGH TENSILE STEEL,FASTENERS,EA,TVS,M16-NUT-HT,PLANT05,CPSE_C,HEX NUT M16 HIGH TENSILE STEEL,FASTENERS,EA,TVS,M16 NUT HT,PLANT05,CPSE_C,M16,,,,,STEEL,
MAT004,M16 HEX NUT HT STEEL,FASTENERS,EA,TVS,M16-NUT-HT,PLANT08,CPSE_D,M16 HEX NUT HT STEEL,FASTENERS,EA,TVS,M16 NUT HT,PLANT08,CPSE_D,M16,,,,,STEEL,HT
MAT005,FLAT WASHER M16 MS,FASTENERS,EA,UNBRANDED,M16-WASHER,PLANT01,CPSE_A,FLAT WASHER M16 MS,FASTENERS,EA,UNBRANDED,M16 WASHER,PLANT01,CPSE_A,M16,,,,,,
MAT006,M16 PLAIN WASHER MILD STEEL,FASTENERS,EA,UNBRANDED,M16-WASHER,PLANT04,CPSE_B,M16 PLAIN WASHER MILD STEEL,FASTENERS,EA,UNBRANDED,M16 WASHER,PLANT04,CPSE_B,M16,,,,,STEEL,
MAT007,BEARING BALL 6205 ZZ,BEARINGS,EA,SKF,6205-ZZ,PLANT05,CPSE_C,BEARING BALL 6205 ZZ,BEARINGS,EA,SKF,6205 ZZ,PLANT05,CPSE_C,,,,,,,ZZ
MAT008,BALL BEARING 6205 ZZ SKF,BEARINGS,EA,SKF,6205-ZZ,PLANT08,CPSE_D,BALL BEARING 6205 ZZ SKF,BEARINGS,EA,SKF,6205 ZZ,PLANT08,CPSE_D,,,,,,,ZZ
MAT009,DEEP GROOVE BALL BEARING 6206 2RS,BEARINGS,EA,FAG,6206-2RS,PLANT01,CPSE_A,DEEP GROOVE BALL BEARING 6206 2RS,BEARINGS,EA,FAG,6206 2RS,PLANT01,CPSE_A,,,,,,,2RS
MAT010,6206 DOUBLE SEALED BALL BEARING FAG,BEARINGS,EA,FAG,6206-2RS,PLANT04,CPSE_B,6206 DOUBLE SEALED BALL BEARING FAG,BEARINGS,EA,FAG,6206 2RS,PLANT04,CPSE_B,,,,,,,
MAT011,INDUSTRIAL LUBRICANT ISO VG 68,LUBRICANTS,LTR,SERVO,ISO68,PLANT05,CPSE_C,INDUSTRIAL LUBRICANT ISO VG 68,LUBRICANTS,LTR,SERVO,ISO68,PLANT05,CPSE_C,,,,,,,ISO VG 68
MAT012,HYDRAULIC OIL ISO VG 68,LUBRICANTS,LTR,SERVO,ISO68,PLANT08,CPSE_D,HYDRAULIC OIL ISO VG 68,LUBRICANTS,LTR,SERVO,ISO68,PLANT08,CPSE_D,,,,,,,ISO VG 68
MAT013,GEAR OIL SAE 90,LUBRICANTS,LTR,CASTROL,SAE90,PLANT01,CPSE_A,GEAR OIL SAE 90,LUBRICANTS,LTR,CASTROL,SAE90,PLANT01,CPSE_A,,,,,,,SAE 90
MAT014,INDUSTRIAL GEAR LUBRICANT SAE 90,LUBRICANTS,LTR,CASTROL,SAE90,PLANT04,CPSE_B,INDUSTRIAL GEAR LUBRICANT SAE 90,LUBRICANTS,LTR,CASTROL,SAE90,PLANT04,CPSE_B,,,,,,,SAE 90
MAT015,POWER CABLE 4 CORE 1.1 KV XLPE,CABLES,MTR,POLYCAB,4C-1.1KV,PLANT05,CPSE_C,POWER CABLE 4 CORE 1 1 KV XLPE,CABLES,MTR,POLYCAB,4C 1 1KV,PLANT05,CPSE_C,,,1.1 KV,,4.0,XLPE,XLPE
MAT016,4 CORE XLPE POWER CABLE 1100 VOLT,CABLES,MTR,POLYCAB,4C-1.1KV,PLANT08,CPSE_D,4 CORE XLPE POWER CABLE 1100 VOLT,CABLES,MTR,POLYCAB,4C 1 1KV,PLANT08,CPSE_D,,,1100 VOLT,,4.0,XLPE,XLPE
MAT017,PVC INSULATED CONTROL CABLE 2.5 SQ MM,CABLES,MTR,FINOLEX,2.5SQMM,PLANT01,CPSE_A,PVC INSULATED CONTROL CABLE 2 5 SQ MM,CABLES,MTR,FINOLEX,2 5SQMM,PLANT01,CPSE_A,,,,,,PVC,
MAT018,CONTROL CABLE PVC 2.5 MM2,CABLES,MTR,FINOLEX,2.5SQMM,PLANT04,CPSE_B,CONTROL CABLE PVC 2 5 MM2,CABLES,MTR,FINOLEX,2 5SQMM,PLANT04,CPSE_B,,,,,,PVC,
MAT019,INDUSTRIAL SAFETY HELMET ABS,SAFETY,EA,KARAM,HELMET-ABS,PLANT05,CPSE_C,INDUSTRIAL SAFETY HELMET ABS,SAFETY,EA,KARAM,HELMET ABS,PLANT05,CPSE_C,,,,,,ABS,
MAT020,ABS HARD HAT INDUSTRIAL SAFETY,SAFETY,EA,KARAM,HELMET-ABS,PLANT08,CPSE_D,ABS HARD HAT INDUSTRIAL SAFETY,SAFETY,EA,KARAM,HELMET ABS,PLANT08,CPSE_D,,,,,,ABS,
MAT021,HEX BOLT M16 X 80 MM HIGH TENSILE STEEL,FASTENERS,EA,TVS,M16-80-HT,PLANT01,CPSE_A,HEX BOLT M16 X 80 MM HIGH TENSILE STEEL,FASTENERS,EA,TVS,M16 80 HT,PLANT01,CPSE_A,M16,80.0,,,,STEEL,
MAT022,M16 HEXAGONAL BOLT 80MM HT STEEL,FASTENERS,EA,TVS,M16-80-HT,PLANT04,CPSE_B,M16 HEXAGONAL BOLT 80MM HT STEEL,FASTENERS,EA,TVS,M16 80 HT,PLANT04,CPSE_B,M16,80.0,,,,STEEL,HT
MAT023,HEX NUT M16 HIGH TENSILE STEEL,FASTENERS,EA,TVS,M16-NUT-HT,PLANT05,CPSE_C,HEX NUT M16 HIGH TENSILE STEEL,FASTENERS,EA,TVS,M16 NUT HT,PLANT05,CPSE_C,M16,,,,,STEEL,
MAT024,M16 HEX NUT HT STEEL,FASTENERS,EA,TVS,M16-NUT-HT,PLANT08,CPSE_D,M16 HEX NUT HT STEEL,FASTENERS,EA,TVS,M16 NUT HT,PLANT08,CPSE_D,M16,,,,,STEEL,HT
MAT025,FLAT WASHER M16 MS,FASTENERS,EA,UNBRANDED,M16-WASHER,PLANT01,CPSE_A,FLAT WASHER M16 MS,FASTENERS,EA,UNBRANDED,M16 WASHER,PLANT01,CPSE_A,M16,,,,,,
MAT026,M16 PLAIN WASHER MILD STEEL,FASTENERS,EA,UNBRANDED,M16-WASHER,PLANT04,CPSE_B,M16 PLAIN WASHER MILD STEEL,FASTENERS,EA,UNBRANDED,M16 WASHER,PLANT04,CPSE_B,M16,,,,,STEEL,
MAT027,BEARING BALL 6205 ZZ,BEARINGS,EA,SKF,6205-ZZ,PLANT05,CPSE_C,BEARING BALL 6205 ZZ,BEARINGS,EA,SKF,6205 ZZ,PLANT05,CPSE_C,,,,,,,ZZ
MAT028,BALL BEARING 6205 ZZ SKF,BEARINGS,EA,SKF,6205-ZZ,PLANT08,CPSE_D,BALL BEARING 6205 ZZ SKF,BEARINGS,EA,SKF,6205 ZZ,PLANT08,CPSE_D,,,,,,,ZZ
MAT029,DEEP GROOVE BALL BEARING 6206 2RS,BEARINGS,EA,FAG,6206-2RS,PLANT01,CPSE_A,DEEP GROOVE BALL BEARING 6206 2RS,BEARINGS,EA,FAG,6206 2RS,PLANT01,CPSE_A,,,,,,,2RS
MAT030,6206 DOUBLE SEALED BALL BEARING FAG,BEARINGS,EA,FAG,6206-2RS,PLANT04,CPSE_B,6206 DOUBLE SEALED BALL BEARING FAG,BEARINGS,EA,FAG,6206 2RS,PLANT04,CPSE_B,,,,,,,
MAT031,INDUSTRIAL LUBRICANT ISO VG 68,LUBRICANTS,LTR,SERVO,ISO68,PLANT05,CPSE_C,INDUSTRIAL LUBRICANT ISO VG 68,LUBRICANTS,LTR,SERVO,ISO68,PLANT05,CPSE_C,,,,,,,ISO VG 68
MAT032,HYDRAULIC OIL ISO VG 68,LUBRICANTS,LTR,SERVO,ISO68,PLANT08,CPSE_D,HYDRAULIC OIL ISO VG 68,LUBRICANTS,LTR,SERVO,ISO68,PLANT08,CPSE_D,,,,,,,ISO VG 68
MAT033,GEAR OIL SAE 90,LUBRICANTS,LTR,CASTROL,SAE90,PLANT01,CPSE_A,GEAR OIL SAE 90,LUBRICANTS,LTR,CASTROL,SAE90,PLANT01,CPSE_A,,,,,,,SAE 90
MAT034,INDUSTRIAL GEAR LUBRICANT SAE 90,LUBRICANTS,LTR,CASTROL,SAE90,PLANT04,CPSE_B,INDUSTRIAL GEAR LUBRICANT SAE 90,LUBRICANTS,LTR,CASTROL,SAE90,PLANT04,CPSE_B,,,,,,,SAE 90
MAT035,POWER CABLE 4 CORE 1.1 KV XLPE,CABLES,MTR,POLYCAB,4C-1.1KV,PLANT05,CPSE_C,POWER CABLE 4 CORE 1 1 KV XLPE,CABLES,MTR,POLYCAB,4C 1 1KV,PLANT05,CPSE_C,,,1.1 KV,,4.0,XLPE,XLPE
MAT036,4 CORE XLPE POWER CABLE 1100 VOLT,CABLES,MTR,POLYCAB,4C-1.1KV,PLANT08,CPSE_D,4 CORE XLPE POWER CABLE 1100 VOLT,CABLES,MTR,POLYCAB,4C 1 1KV,PLANT08,CPSE_D,,,1100 VOLT,,4.0,XLPE,XLPE
MAT037,PVC INSULATED CONTROL CABLE 2.5 SQ MM,CABLES,MTR,FINOLEX,2.5SQMM,PLANT01,CPSE_A,PVC INSULATED CONTROL CABLE 2 5 SQ MM,CABLES,MTR,FINOLEX,2 5SQMM,PLANT01,CPSE_A,,,,,,PVC,
MAT038,CONTROL CABLE PVC 2.5 MM2,CABLES,MTR,FINOLEX,2.5SQMM,PLANT04,CPSE_B,CONTROL CABLE PVC 2 5 MM2,CABLES,MTR,FINOLEX,2 5SQMM,PLANT04,CPSE_B,,,,,,PVC,
MAT039,INDUSTRIAL SAFETY HELMET ABS,SAFETY,EA,KARAM,HELMET-ABS,PLANT05,CPSE_C,INDUSTRIAL SAFETY HELMET ABS,SAFETY,EA,KARAM,HELMET ABS,PLANT05,CPSE_C,,,,,,ABS,
MAT040,ABS HARD HAT INDUSTRIAL SAFETY,SAFETY,EA,KARAM,HELMET-ABS,PLANT08,CPSE_D,ABS HARD HAT INDUSTRIAL SAFETY,SAFETY,EA,KARAM,HELMET ABS,PLANT08,CPSE_D,,,,,,ABS,
MAT041,HEX BOLT M16 X 80 MM HIGH TENSILE STEEL,FASTENERS,EA,TVS,M16-80-HT,PLANT01,CPSE_A,HEX BOLT M16 X 80 MM HIGH TENSILE STEEL,FASTENERS,EA,TVS,M16 80 HT,PLANT01,CPSE_A,M16,80.0,,,,STEEL,
MAT042,M16 HEXAGONAL BOLT 80MM HT STEEL,FASTENERS,EA,TVS,M16-80-HT,PLANT04,CPSE_B,M16 HEXAGONAL BOLT 80MM HT STEEL,FASTENERS,EA,TVS,M16 80 HT,PLANT04,CPSE_B,M16,80.0,,,,STEEL,HT
MAT043,HEX NUT M16 HIGH TENSILE STEEL,FASTENERS,EA,TVS,M16-NUT-HT,PLANT05,CPSE_C,HEX NUT M16 HIGH TENSILE STEEL,FASTENERS,EA,TVS,M16 NUT HT,PLANT05,CPSE_C,M16,,,,,STEEL,
MAT044,M16 HEX NUT HT STEEL,FASTENERS,EA,TVS,M16-NUT-HT,PLANT08,CPSE_D,M16 HEX NUT HT STEEL,FASTENERS,EA,TVS,M16 NUT HT,PLANT08,CPSE_D,M16,,,,,STEEL,HT
MAT045,FLAT WASHER M16 MS,FASTENERS,EA,UNBRANDED,M16-WASHER,PLANT01,CPSE_A,FLAT WASHER M16 MS,FASTENERS,EA,UNBRANDED,M16 WASHER,PLANT01,CPSE_A,M16,,,,,,
MAT046,M16 PLAIN WASHER MILD STEEL,FASTENERS,EA,UNBRANDED,M16-WASHER,PLANT04,CPSE_B,M16 PLAIN WASHER MILD STEEL,FASTENERS,EA,UNBRANDED,M16 WASHER,PLANT04,CPSE_B,M16,,,,,STEEL,
MAT047,BEARING BALL 6205 ZZ,BEARINGS,EA,SKF,6205-ZZ,PLANT05,CPSE_C,BEARING BALL 6205 ZZ,BEARINGS,EA,SKF,6205 ZZ,PLANT05,CPSE_C,,,,,,,ZZ
MAT048,BALL BEARING 6205 ZZ SKF,BEARINGS,EA,SKF,6205-ZZ,PLANT08,CPSE_D,BALL BEARING 6205 ZZ SKF,BEARINGS,EA,SKF,6205 ZZ,PLANT08,CPSE_D,,,,,,,ZZ
MAT049,DEEP GROOVE BALL BEARING 6206 2RS,BEARINGS,EA,FAG,6206-2RS,PLANT01,CPSE_A,DEEP GROOVE BALL BEARING 6206 2RS,BEARINGS,EA,FAG,6206 2RS,PLANT01,CPSE_A,,,,,,,2RS
MAT050,6206 DOUBLE SEALED BALL BEARING FAG,BEARINGS,EA,FAG,6206-2RS,PLANT04,CPSE_B,6206 DOUBLE SEALED BALL BEARING FAG,BEARINGS,EA,FAG,6206 2RS,PLANT04,CPSE_B,,,,,,,
MAT051,INDUSTRIAL LUBRICANT ISO VG 68,LUBRICANTS,LTR,SERVO,ISO68,PLANT05,CPSE_C,INDUSTRIAL LUBRICANT ISO VG 68,LUBRICANTS,LTR,SERVO,ISO68,PLANT05,CPSE_C,,,,,,,ISO VG 68
MAT052,HYDRAULIC OIL ISO VG 68,LUBRICANTS,LTR,SERVO,ISO68,PLANT08,CPSE_D,HYDRAULIC OIL ISO VG 68,LUBRICANTS,LTR,SERVO,ISO68,PLANT08,CPSE_D,,,,,,,ISO VG 68
MAT053,GEAR OIL SAE 90,LUBRICANTS,LTR,CASTROL,SAE90,PLANT01,CPSE_A,GEAR OIL SAE 90,LUBRICANTS,LTR,CASTROL,SAE90,PLANT01,CPSE_A,,,,,,,SAE 90
MAT054,INDUSTRIAL GEAR LUBRICANT SAE 90,LUBRICANTS,LTR,CASTROL,SAE90,PLANT04,CPSE_B,INDUSTRIAL GEAR LUBRICANT SAE 90,LUBRICANTS,LTR,CASTROL,SAE90,PLANT04,CPSE_B,,,,,,,SAE 90
MAT055,POWER CABLE 4 CORE 1.1 KV XLPE,CABLES,MTR,POLYCAB,4C-1.1KV,PLANT05,CPSE_C,POWER CABLE 4 CORE 1 1 KV XLPE,CABLES,MTR,POLYCAB,4C 1 1KV,PLANT05,CPSE_C,,,1.1 KV,,4.0,XLPE,XLPE
MAT056,4 CORE XLPE POWER CABLE 1100 VOLT,CABLES,MTR,POLYCAB,4C-1.1KV,PLANT08,CPSE_D,4 CORE XLPE POWER CABLE 1100 VOLT,CABLES,MTR,POLYCAB,4C 1 1KV,PLANT08,CPSE_D,,,1100 VOLT,,4.0,XLPE,XLPE
MAT057,PVC INSULATED CONTROL CABLE 2.5 SQ MM,CABLES,MTR,FINOLEX,2.5SQMM,PLANT01,CPSE_A,PVC INSULATED CONTROL CABLE 2 5 SQ MM,CABLES,MTR,FINOLEX,2 5SQMM,PLANT01,CPSE_A,,,,,,PVC,
MAT058,CONTROL CABLE PVC 2.5 MM2,CABLES,MTR,FINOLEX,2.5SQMM,PLANT04,CPSE_B,CONTROL CABLE PVC 2 5 MM2,CABLES,MTR,FINOLEX,2 5SQMM,PLANT04,CPSE_B,,,,,,PVC,
MAT059,INDUSTRIAL SAFETY HELMET ABS,SAFETY,EA,KARAM,HELMET-ABS,PLANT05,CPSE_C,INDUSTRIAL SAFETY HELMET ABS,SAFETY,EA,KARAM,HELMET ABS,PLANT05,CPSE_C,,,,,,ABS,
MAT060,ABS HARD HAT INDUSTRIAL SAFETY,SAFETY,EA,KARAM,HELMET-ABS,PLANT08,CPSE_D,ABS HARD HAT INDUSTRIAL SAFETY,SAFETY,EA,KARAM,HELMET ABS,PLANT08,CPSE_D,,,,,,ABS,
MAT061,HEX BOLT M16 X 80 MM HIGH TENSILE STEEL,FASTENERS,EA,TVS,M16-80-HT,PLANT01,CPSE_A,HEX BOLT M16 X 80 MM HIGH TENSILE STEEL,FASTENERS,EA,TVS,M16 80 HT,PLANT01,CPSE_A,M16,80.0,,,,STEEL,
MAT062,M16 HEXAGONAL BOLT 80MM HT STEEL,FASTENERS,EA,TVS,M16-80-HT,PLANT04,CPSE_B,M16 HEXAGONAL BOLT 80MM HT STEEL,FASTENERS,EA,TVS,M16 80 HT,PLANT04,CPSE_B,M16,80.0,,,,STEEL,HT
MAT063,HEX NUT M16 HIGH TENSILE STEEL,FASTENERS,EA,TVS,M16-NUT-HT,PLANT05,CPSE_C,HEX NUT M16 HIGH TENSILE STEEL,FASTENERS,EA,TVS,M16 NUT HT,PLANT05,CPSE_C,M16,,,,,STEEL,
MAT064,M16 HEX NUT HT STEEL,FASTENERS,EA,TVS,M16-NUT-HT,PLANT08,CPSE_D,M16 HEX NUT HT STEEL,FASTENERS,EA,TVS,M16 NUT HT,PLANT08,CPSE_D,M16,,,,,STEEL,HT
MAT065,FLAT WASHER M16 MS,FASTENERS,EA,UNBRANDED,M16-WASHER,PLANT01,CPSE_A,FLAT WASHER M16 MS,FASTENERS,EA,UNBRANDED,M16 WASHER,PLANT01,CPSE_A,M16,,,,,,
MAT066,M16 PLAIN WASHER MILD STEEL,FASTENERS,EA,UNBRANDED,M16-WASHER,PLANT04,CPSE_B,M16 PLAIN WASHER MILD STEEL,FASTENERS,EA,UNBRANDED,M16 WASHER,PLANT04,CPSE_B,M16,,,,,STEEL,
MAT067,BEARING BALL 6205 ZZ,BEARINGS,EA,SKF,6205-ZZ,PLANT05,CPSE_C,BEARING BALL 6205 ZZ,BEARINGS,EA,SKF,6205 ZZ,PLANT05,CPSE_C,,,,,,,ZZ
MAT068,BALL BEARING 6205 ZZ SKF,BEARINGS,EA,SKF,6205-ZZ,PLANT08,CPSE_D,BALL BEARING 6205 ZZ SKF,BEARINGS,EA,SKF,6205 ZZ,PLANT08,CPSE_D,,,,,,,ZZ
MAT069,DEEP GROOVE BALL BEARING 6206 2RS,BEARINGS,EA,FAG,6206-2RS,PLANT01,CPSE_A,DEEP GROOVE BALL BEARING 6206 2RS,BEARINGS,EA,FAG,6206 2RS,PLANT01,CPSE_A,,,,,,,2RS
MAT070,6206 DOUBLE SEALED BALL BEARING FAG,BEARINGS,EA,FAG,6206-2RS,PLANT04,CPSE_B,6206 DOUBLE SEALED BALL BEARING FAG,BEARINGS,EA,FAG,6206 2RS,PLANT04,CPSE_B,,,,,,,
MAT071,INDUSTRIAL LUBRICANT ISO VG 68,LUBRICANTS,LTR,SERVO,ISO68,PLANT05,CPSE_C,INDUSTRIAL LUBRICANT ISO VG 68,LUBRICANTS,LTR,SERVO,ISO68,PLANT05,CPSE_C,,,,,,,ISO VG 68
MAT072,HYDRAULIC OIL ISO VG 68,LUBRICANTS,LTR,SERVO,ISO68,PLANT08,CPSE_D,HYDRAULIC OIL ISO VG 68,LUBRICANTS,LTR,SERVO,ISO68,PLANT08,CPSE_D,,,,,,,ISO VG 68
MAT073,GEAR OIL SAE 90,LUBRICANTS,LTR,CASTROL,SAE90,PLANT01,CPSE_A,GEAR OIL SAE 90,LUBRICANTS,LTR,CASTROL,SAE90,PLANT01,CPSE_A,,,,,,,SAE 90
MAT074,INDUSTRIAL GEAR LUBRICANT SAE 90,LUBRICANTS,LTR,CASTROL,SAE90,PLANT04,CPSE_B,INDUSTRIAL GEAR LUBRICANT SAE 90,LUBRICANTS,LTR,CASTROL,SAE90,PLANT04,CPSE_B,,,,,,,SAE 90
MAT075,POWER CABLE 4 CORE 1.1 KV XLPE,CABLES,MTR,POLYCAB,4C-1.1KV,PLANT05,CPSE_C,POWER CABLE 4 CORE 1 1 KV XLPE,CABLES,MTR,POLYCAB,4C 1 1KV,PLANT05,CPSE_C,,,1.1 KV,,4.0,XLPE,XLPE
MAT076,4 CORE XLPE POWER CABLE 1100 VOLT,CABLES,MTR,POLYCAB,4C-1.1KV,PLANT08,CPSE_D,4 CORE XLPE POWER CABLE 1100 VOLT,CABLES,MTR,POLYCAB,4C 1 1KV,PLANT08,CPSE_D,,,1100 VOLT,,4.0,XLPE,XLPE
MAT077,PVC INSULATED CONTROL CABLE 2.5 SQ MM,CABLES,MTR,FINOLEX,2.5SQMM,PLANT01,CPSE_A,PVC INSULATED CONTROL CABLE 2 5 SQ MM,CABLES,MTR,FINOLEX,2 5SQMM,PLANT01,CPSE_A,,,,,,PVC,
MAT078,CONTROL CABLE PVC 2.5 MM2,CABLES,MTR,FINOLEX,2.5SQMM,PLANT04,CPSE_B,CONTROL CABLE PVC 2 5 MM2,CABLES,MTR,FINOLEX,2 5SQMM,PLANT04,CPSE_B,,,,,,PVC,
MAT079,INDUSTRIAL SAFETY HELMET ABS,SAFETY,EA,KARAM,HELMET-ABS,PLANT05,CPSE_C,INDUSTRIAL SAFETY HELMET ABS,SAFETY,EA,KARAM,HELMET ABS,PLANT05,CPSE_C,,,,,,ABS,
MAT080,ABS HARD HAT INDUSTRIAL SAFETY,SAFETY,EA,KARAM,HELMET-ABS,PLANT08,CPSE_D,ABS HARD HAT INDUSTRIAL SAFETY,SAFETY,EA,KARAM,HELMET ABS,PLANT08,CPSE_D,,,,,,ABS,
MAT081,HEX BOLT M16 X 80 MM HIGH TENSILE STEEL,FASTENERS,EA,TVS,M16-80-HT,PLANT01,CPSE_A,HEX BOLT M16 X 80 MM HIGH TENSILE STEEL,FASTENERS,EA,TVS,M16 80 HT,PLANT01,CPSE_A,M16,80.0,,,,STEEL,
MAT082,M16 HEXAGONAL BOLT 80MM HT STEEL,FASTENERS,EA,TVS,M16-80-HT,PLANT04,CPSE_B,M16 HEXAGONAL BOLT 80MM HT STEEL,FASTENERS,EA,TVS,M16 80 HT,PLANT04,CPSE_B,M16,80.0,,,,STEEL,HT
MAT083,HEX NUT M16 HIGH TENSILE STEEL,FASTENERS,EA,TVS,M16-NUT-HT,PLANT05,CPSE_C,HEX NUT M16 HIGH TENSILE STEEL,FASTENERS,EA,TVS,M16 NUT HT,PLANT05,CPSE_C,M16,,,,,STEEL,
MAT084,M16 HEX NUT HT STEEL,FASTENERS,EA,TVS,M16-NUT-HT,PLANT08,CPSE_D,M16 HEX NUT HT STEEL,FASTENERS,EA,TVS,M16 NUT HT,PLANT08,CPSE_D,M16,,,,,STEEL,HT
MAT085,FLAT WASHER M16 MS,FASTENERS,EA,UNBRANDED,M16-WASHER,PLANT01,CPSE_A,FLAT WASHER M16 MS,FASTENERS,EA,UNBRANDED,M16 WASHER,PLANT01,CPSE_A,M16,,,,,,
MAT086,M16 PLAIN WASHER MILD STEEL,FASTENERS,EA,UNBRANDED,M16-WASHER,PLANT04,CPSE_B,M16 PLAIN WASHER MILD STEEL,FASTENERS,EA,UNBRANDED,M16 WASHER,PLANT04,CPSE_B,M16,,,,,STEEL,
MAT087,BEARING BALL 6205 ZZ,BEARINGS,EA,SKF,6205-ZZ,PLANT05,CPSE_C,BEARING BALL 6205 ZZ,BEARINGS,EA,SKF,6205 ZZ,PLANT05,CPSE_C,,,,,,,ZZ
MAT088,BALL BEARING 6205 ZZ SKF,BEARINGS,EA,SKF,6205-ZZ,PLANT08,CPSE_D,BALL BEARING 6205 ZZ SKF,BEARINGS,EA,SKF,6205 ZZ,PLANT08,CPSE_D,,,,,,,ZZ
MAT089,DEEP GROOVE BALL BEARING 6206 2RS,BEARINGS,EA,FAG,6206-2RS,PLANT01,CPSE_A,DEEP GROOVE BALL BEARING 6206 2RS,BEARINGS,EA,FAG,6206 2RS,PLANT01,CPSE_A,,,,,,,2RS
MAT090,6206 DOUBLE SEALED BALL BEARING FAG,BEARINGS,EA,FAG,6206-2RS,PLANT04,CPSE_B,6206 DOUBLE SEALED BALL BEARING FAG,BEARINGS,EA,FAG,6206 2RS,PLANT04,CPSE_B,,,,,,,
MAT091,INDUSTRIAL LUBRICANT ISO VG 68,LUBRICANTS,LTR,SERVO,ISO68,PLANT05,CPSE_C,INDUSTRIAL LUBRICANT ISO VG 68,LUBRICANTS,LTR,SERVO,ISO68,PLANT05,CPSE_C,,,,,,,ISO VG 68
MAT092,HYDRAULIC OIL ISO VG 68,LUBRICANTS,LTR,SERVO,ISO68,PLANT08,CPSE_D,HYDRAULIC OIL ISO VG 68,LUBRICANTS,LTR,SERVO,ISO68,PLANT08,CPSE_D,,,,,,,ISO VG 68
MAT093,GEAR OIL SAE 90,LUBRICANTS,LTR,CASTROL,SAE90,PLANT01,CPSE_A,GEAR OIL SAE 90,LUBRICANTS,LTR,CASTROL,SAE90,PLANT01,CPSE_A,,,,,,,SAE 90
MAT094,INDUSTRIAL GEAR LUBRICANT SAE 90,LUBRICANTS,LTR,CASTROL,SAE90,PLANT04,CPSE_B,INDUSTRIAL GEAR LUBRICANT SAE 90,LUBRICANTS,LTR,CASTROL,SAE90,PLANT04,CPSE_B,,,,,,,SAE 90
MAT095,POWER CABLE 4 CORE 1.1 KV XLPE,CABLES,MTR,POLYCAB,4C-1.1KV,PLANT05,CPSE_C,POWER CABLE 4 CORE 1 1 KV XLPE,CABLES,MTR,POLYCAB,4C 1 1KV,PLANT05,CPSE_C,,,1.1 KV,,4.0,XLPE,XLPE
MAT096,4 CORE XLPE POWER CABLE 1100 VOLT,CABLES,MTR,POLYCAB,4C-1.1KV,PLANT08,CPSE_D,4 CORE XLPE POWER CABLE 1100 VOLT,CABLES,MTR,POLYCAB,4C 1 1KV,PLANT08,CPSE_D,,,1100 VOLT,,4.0,XLPE,XLPE
MAT097,PVC INSULATED CONTROL CABLE 2.5 SQ MM,CABLES,MTR,FINOLEX,2.5SQMM,PLANT01,CPSE_A,PVC INSULATED CONTROL CABLE 2 5 SQ MM,CABLES,MTR,FINOLEX,2 5SQMM,PLANT01,CPSE_A,,,,,,PVC,
MAT098,CONTROL CABLE PVC 2.5 MM2,CABLES,MTR,FINOLEX,2.5SQMM,PLANT04,CPSE_B,CONTROL CABLE PVC 2 5 MM2,CABLES,MTR,FINOLEX,2 5SQMM,PLANT04,CPSE_B,,,,,,PVC,
MAT099,INDUSTRIAL SAFETY HELMET ABS,SAFETY,EA,KARAM,HELMET-ABS,PLANT05,CPSE_C,INDUSTRIAL SAFETY HELMET ABS,SAFETY,EA,KARAM,HELMET ABS,PLANT05,CPSE_C,,,,,,ABS,
MAT100,ABS HARD HAT INDUSTRIAL SAFETY,SAFETY,EA,KARAM,HELMET-ABS,PLANT08,CPSE_D,ABS HARD HAT INDUSTRIAL SAFETY,SAFETY,EA,KARAM,HELMET ABS,PLANT08,CPSE_D,,,,,,ABS,
MAT101,HEX BOLT M16 X 80 MM HIGH TENSILE STEEL,FASTENERS,EA,TVS,M16-80-HT,PLANT01,CPSE_A,HEX BOLT M16 X 80 MM HIGH TENSILE STEEL,FASTENERS,EA,TVS,M16 80 HT,PLANT01,CPSE_A,M16,80.0,,,,STEEL,
MAT102,M16 HEXAGONAL BOLT 80MM HT STEEL,FASTENERS,EA,TVS,M16-80-HT,PLANT04,CPSE_B,M16 HEXAGONAL BOLT 80MM HT STEEL,FASTENERS,EA,TVS,M16 80 HT,PLANT04,CPSE_B,M16,80.0,,,,STEEL,HT
MAT103,HEX NUT M16 HIGH TENSILE STEEL,FASTENERS,EA,TVS,M16-NUT-HT,PLANT05,CPSE_C,HEX NUT M16 HIGH TENSILE STEEL,FASTENERS,EA,TVS,M16 NUT HT,PLANT05,CPSE_C,M16,,,,,STEEL,
MAT104,M16 HEX NUT HT STEEL,FASTENERS,EA,TVS,M16-NUT-HT,PLANT08,CPSE_D,M16 HEX NUT HT STEEL,FASTENERS,EA,TVS,M16 NUT HT,PLANT08,CPSE_D,M16,,,,,STEEL,HT
MAT105,FLAT WASHER M16 MS,FASTENERS,EA,UNBRANDED,M16-WASHER,PLANT01,CPSE_A,FLAT WASHER M16 MS,FASTENERS,EA,UNBRANDED,M16 WASHER,PLANT01,CPSE_A,M16,,,,,,
MAT106,M16 PLAIN WASHER MILD STEEL,FASTENERS,EA,UNBRANDED,M16-WASHER,PLANT04,CPSE_B,M16 PLAIN WASHER MILD STEEL,FASTENERS,EA,UNBRANDED,M16 WASHER,PLANT04,CPSE_B,M16,,,,,STEEL,
MAT107,BEARING BALL 6205 ZZ,BEARINGS,EA,SKF,6205-ZZ,PLANT05,CPSE_C,BEARING BALL 6205 ZZ,BEARINGS,EA,SKF,6205 ZZ,PLANT05,CPSE_C,,,,,,,ZZ
MAT108,BALL BEARING 6205 ZZ SKF,BEARINGS,EA,SKF,6205-ZZ,PLANT08,CPSE_D,BALL BEARING 6205 ZZ SKF,BEARINGS,EA,SKF,6205 ZZ,PLANT08,CPSE_D,,,,,,,ZZ
MAT109,DEEP GROOVE BALL BEARING 6206 2RS,BEARINGS,EA,FAG,6206-2RS,PLANT01,CPSE_A,DEEP GROOVE BALL BEARING 6206 2RS,BEARINGS,EA,FAG,6206 2RS,PLANT01,CPSE_A,,,,,,,2RS
MAT110,6206 DOUBLE SEALED BALL BEARING FAG,BEARINGS,EA,FAG,6206-2RS,PLANT04,CPSE_B,6206 DOUBLE SEALED BALL BEARING FAG,BEARINGS,EA,FAG,6206 2RS,PLANT04,CPSE_B,,,,,,,
MAT111,INDUSTRIAL LUBRICANT ISO VG 68,LUBRICANTS,LTR,SERVO,ISO68,PLANT05,CPSE_C,INDUSTRIAL LUBRICANT ISO VG 68,LUBRICANTS,LTR,SERVO,ISO68,PLANT05,CPSE_C,,,,,,,ISO VG 68
MAT112,HYDRAULIC OIL ISO VG 68,LUBRICANTS,LTR,SERVO,ISO68,PLANT08,CPSE_D,HYDRAULIC OIL ISO VG 68,LUBRICANTS,LTR,SERVO,ISO68,PLANT08,CPSE_D,,,,,,,ISO VG 68
MAT113,GEAR OIL SAE 90,LUBRICANTS,LTR,CASTROL,SAE90,PLANT01,CPSE_A,GEAR OIL SAE 90,LUBRICANTS,LTR,CASTROL,SAE90,PLANT01,CPSE_A,,,,,,,SAE 90
MAT114,INDUSTRIAL GEAR LUBRICANT SAE 90,LUBRICANTS,LTR,CASTROL,SAE90,PLANT04,CPSE_B,INDUSTRIAL GEAR LUBRICANT SAE 90,LUBRICANTS,LTR,CASTROL,SAE90,PLANT04,CPSE_B,,,,,,,SAE 90
MAT115,POWER CABLE 4 CORE 1.1 KV XLPE,CABLES,MTR,POLYCAB,4C-1.1KV,PLANT05,CPSE_C,POWER CABLE 4 CORE 1 1 KV XLPE,CABLES,MTR,POLYCAB,4C 1 1KV,PLANT05,CPSE_C,,,1.1 KV,,4.0,XLPE,XLPE
MAT116,4 CORE XLPE POWER CABLE 1100 VOLT,CABLES,MTR,POLYCAB,4C-1.1KV,PLANT08,CPSE_D,4 CORE XLPE POWER CABLE 1100 VOLT,CABLES,MTR,POLYCAB,4C 1 1KV,PLANT08,CPSE_D,,,1100 VOLT,,4.0,XLPE,XLPE
MAT117,PVC INSULATED CONTROL CABLE 2.5 SQ MM,CABLES,MTR,FINOLEX,2.5SQMM,PLANT01,CPSE_A,PVC INSULATED CONTROL CABLE 2 5 SQ MM,CABLES,MTR,FINOLEX,2 5SQMM,PLANT01,CPSE_A,,,,,,PVC,
MAT118,CONTROL CABLE PVC 2.5 MM2,CABLES,MTR,FINOLEX,2.5SQMM,PLANT04,CPSE_B,CONTROL CABLE PVC 2 5 MM2,CABLES,MTR,FINOLEX,2 5SQMM,PLANT04,CPSE_B,,,,,,PVC,
MAT119,INDUSTRIAL SAFETY HELMET ABS,SAFETY,EA,KARAM,HELMET-ABS,PLANT05,CPSE_C,INDUSTRIAL SAFETY HELMET ABS,SAFETY,EA,KARAM,HELMET ABS,PLANT05,CPSE_C,,,,,,ABS,
MAT120,ABS HARD HAT INDUSTRIAL SAFETY,SAFETY,EA,KARAM,HELMET-ABS,PLANT08,CPSE_D,ABS HARD HAT INDUSTRIAL SAFETY,SAFETY,EA,KARAM,HELMET ABS,PLANT08,CPSE_D,,,,,,ABS,
MAT121,HEX BOLT M16 X 80 MM HIGH TENSILE STEEL,FASTENERS,EA,TVS,M16-80-HT,PLANT01,CPSE_A,HEX BOLT M16 X 80 MM HIGH TENSILE STEEL,FASTENERS,EA,TVS,M16 80 HT,PLANT01,CPSE_A,M16,80.0,,,,STEEL,
MAT122,M16 HEXAGONAL BOLT 80MM HT STEEL,FASTENERS,EA,TVS,M16-80-HT,PLANT04,CPSE_B,M16 HEXAGONAL BOLT 80MM HT STEEL,FASTENERS,EA,TVS,M16 80 HT,PLANT04,CPSE_B,M16,80.0,,,,STEEL,HT
MAT123,HEX NUT M16 HIGH TENSILE STEEL,FASTENERS,EA,TVS,M16-NUT-HT,PLANT05,CPSE_C,HEX NUT M16 HIGH TENSILE STEEL,FASTENERS,EA,TVS,M16 NUT HT,PLANT05,CPSE_C,M16,,,,,STEEL,
MAT124,M16 HEX NUT HT STEEL,FASTENERS,EA,TVS,M16-NUT-HT,PLANT08,CPSE_D,M16 HEX NUT HT STEEL,FASTENERS,EA,TVS,M16 NUT HT,PLANT08,CPSE_D,M16,,,,,STEEL,HT
MAT125,FLAT WASHER M16 MS,FASTENERS,EA,UNBRANDED,M16-WASHER,PLANT01,CPSE_A,FLAT WASHER M16 MS,FASTENERS,EA,UNBRANDED,M16 WASHER,PLANT01,CPSE_A,M16,,,,,,
MAT126,M16 PLAIN WASHER MILD STEEL,FASTENERS,EA,UNBRANDED,M16-WASHER,PLANT04,CPSE_B,M16 PLAIN WASHER MILD STEEL,FASTENERS,EA,UNBRANDED,M16 WASHER,PLANT04,CPSE_B,M16,,,,,STEEL,
MAT127,BEARING BALL 6205 ZZ,BEARINGS,EA,SKF,6205-ZZ,PLANT05,CPSE_C,BEARING BALL 6205 ZZ,BEARINGS,EA,SKF,6205 ZZ,PLANT05,CPSE_C,,,,,,,ZZ
MAT128,BALL BEARING 6205 ZZ SKF,BEARINGS,EA,SKF,6205-ZZ,PLANT08,CPSE_D,BALL BEARING 6205 ZZ SKF,BEARINGS,EA,SKF,6205 ZZ,PLANT08,CPSE_D,,,,,,,ZZ
MAT129,DEEP GROOVE BALL BEARING 6206 2RS,BEARINGS,EA,FAG,6206-2RS,PLANT01,CPSE_A,DEEP GROOVE BALL BEARING 6206 2RS,BEARINGS,EA,FAG,6206 2RS,PLANT01,CPSE_A,,,,,,,2RS
MAT130,6206 DOUBLE SEALED BALL BEARING FAG,BEARINGS,EA,FAG,6206-2RS,PLANT04,CPSE_B,6206 DOUBLE SEALED BALL BEARING FAG,BEARINGS,EA,FAG,6206 2RS,PLANT04,CPSE_B,,,,,,,
MAT131,INDUSTRIAL LUBRICANT ISO VG 68,LUBRICANTS,LTR,SERVO,ISO68,PLANT05,CPSE_C,INDUSTRIAL LUBRICANT ISO VG 68,LUBRICANTS,LTR,SERVO,ISO68,PLANT05,CPSE_C,,,,,,,ISO VG 68
MAT132,HYDRAULIC OIL ISO VG 68,LUBRICANTS,LTR,SERVO,ISO68,PLANT08,CPSE_D,HYDRAULIC OIL ISO VG 68,LUBRICANTS,LTR,SERVO,ISO68,PLANT08,CPSE_D,,,,,,,ISO VG 68
MAT133,GEAR OIL SAE 90,LUBRICANTS,LTR,CASTROL,SAE90,PLANT01,CPSE_A,GEAR OIL SAE 90,LUBRICANTS,LTR,CASTROL,SAE90,PLANT01,CPSE_A,,,,,,,SAE 90
MAT134,INDUSTRIAL GEAR LUBRICANT SAE 90,LUBRICANTS,LTR,CASTROL,SAE90,PLANT04,CPSE_B,INDUSTRIAL GEAR LUBRICANT SAE 90,LUBRICANTS,LTR,CASTROL,SAE90,PLANT04,CPSE_B,,,,,,,SAE 90
MAT135,POWER CABLE 4 CORE 1.1 KV XLPE,CABLES,MTR,POLYCAB,4C-1.1KV,PLANT05,CPSE_C,POWER CABLE 4 CORE 1 1 KV XLPE,CABLES,MTR,POLYCAB,4C 1 1KV,PLANT05,CPSE_C,,,1.1 KV,,4.0,XLPE,XLPE
MAT136,4 CORE XLPE POWER CABLE 1100 VOLT,CABLES,MTR,POLYCAB,4C-1.1KV,PLANT08,CPSE_D,4 CORE XLPE POWER CABLE 1100 VOLT,CABLES,MTR,POLYCAB,4C 1 1KV,PLANT08,CPSE_D,,,1100 VOLT,,4.0,XLPE,XLPE
MAT137,PVC INSULATED CONTROL CABLE 2.5 SQ MM,CABLES,MTR,FINOLEX,2.5SQMM,PLANT01,CPSE_A,PVC INSULATED CONTROL CABLE 2 5 SQ MM,CABLES,MTR,FINOLEX,2 5SQMM,PLANT01,CPSE_A,,,,,,PVC,
MAT138,CONTROL CABLE PVC 2.5 MM2,CABLES,MTR,FINOLEX,2.5SQMM,PLANT04,CPSE_B,CONTROL CABLE PVC 2 5 MM2,CABLES,MTR,FINOLEX,2 5SQMM,PLANT04,CPSE_B,,,,,,PVC,
MAT139,INDUSTRIAL SAFETY HELMET ABS,SAFETY,EA,KARAM,HELMET-ABS,PLANT05,CPSE_C,INDUSTRIAL SAFETY HELMET ABS,SAFETY,EA,KARAM,HELMET ABS,PLANT05,CPSE_C,,,,,,ABS,
MAT140,ABS HARD HAT INDUSTRIAL SAFETY,SAFETY,EA,KARAM,HELMET-ABS,PLANT08,CPSE_D,ABS HARD HAT INDUSTRIAL SAFETY,SAFETY,EA,KARAM,HELMET ABS,PLANT08,CPSE_D,,,,,,ABS,
MAT141,HEX BOLT M16 X 80 MM HIGH TENSILE STEEL,FASTENERS,EA,TVS,M16-80-HT,PLANT01,CPSE_A,HEX BOLT M16 X 80 MM HIGH TENSILE STEEL,FASTENERS,EA,TVS,M16 80 HT,PLANT01,CPSE_A,M16,80.0,,,,STEEL,
MAT142,M16 HEXAGONAL BOLT 80MM HT STEEL,FASTENERS,EA,TVS,M16-80-HT,PLANT04,CPSE_B,M16 HEXAGONAL BOLT 80MM HT STEEL,FASTENERS,EA,TVS,M16 80 HT,PLANT04,CPSE_B,M16,80.0,,,,STEEL,HT
MAT143,HEX NUT M16 HIGH TENSILE STEEL,FASTENERS,EA,TVS,M16-NUT-HT,PLANT05,CPSE_C,HEX NUT M16 HIGH TENSILE STEEL,FASTENERS,EA,TVS,M16 NUT HT,PLANT05,CPSE_C,M16,,,,,STEEL,
MAT144,M16 HEX NUT HT STEEL,FASTENERS,EA,TVS,M16-NUT-HT,PLANT08,CPSE_D,M16 HEX NUT HT STEEL,FASTENERS,EA,TVS,M16 NUT HT,PLANT08,CPSE_D,M16,,,,,STEEL,HT
MAT145,FLAT WASHER M16 MS,FASTENERS,EA,UNBRANDED,M16-WASHER,PLANT01,CPSE_A,FLAT WASHER M16 MS,FASTENERS,EA,UNBRANDED,M16 WASHER,PLANT01,CPSE_A,M16,,,,,,
MAT146,M16 PLAIN WASHER MILD STEEL,FASTENERS,EA,UNBRANDED,M16-WASHER,PLANT04,CPSE_B,M16 PLAIN WASHER MILD STEEL,FASTENERS,EA,UNBRANDED,M16 WASHER,PLANT04,CPSE_B,M16,,,,,STEEL,
MAT147,BEARING BALL 6205 ZZ,BEARINGS,EA,SKF,6205-ZZ,PLANT05,CPSE_C,BEARING BALL 6205 ZZ,BEARINGS,EA,SKF,6205 ZZ,PLANT05,CPSE_C,,,,,,,ZZ
MAT148,BALL BEARING 6205 ZZ SKF,BEARINGS,EA,SKF,6205-ZZ,PLANT08,CPSE_D,BALL BEARING 6205 ZZ SKF,BEARINGS,EA,SKF,6205 ZZ,PLANT08,CPSE_D,,,,,,,ZZ
MAT149,DEEP GROOVE BALL BEARING 6206 2RS,BEARINGS,EA,FAG,6206-2RS,PLANT01,CPSE_A,DEEP GROOVE BALL BEARING 6206 2RS,BEARINGS,EA,FAG,6206 2RS,PLANT01,CPSE_A,,,,,,,2RS
MAT150,6206 DOUBLE SEALED BALL BEARING FAG,BEARINGS,EA,FAG,6206-2RS,PLANT04,CPSE_B,6206 DOUBLE SEALED BALL BEARING FAG,BEARINGS,EA,FAG,6206 2RS,PLANT04,CPSE_B,,,,,,,
MAT151,INDUSTRIAL LUBRICANT ISO VG 68,LUBRICANTS,LTR,SERVO,ISO68,PLANT05,CPSE_C,INDUSTRIAL LUBRICANT ISO VG 68,LUBRICANTS,LTR,SERVO,ISO68,PLANT05,CPSE_C,,,,,,,ISO VG 68
MAT152,HYDRAULIC OIL ISO VG 68,LUBRICANTS,LTR,SERVO,ISO68,PLANT08,CPSE_D,HYDRAULIC OIL ISO VG 68,LUBRICANTS,LTR,SERVO,ISO68,PLANT08,CPSE_D,,,,,,,ISO VG 68
MAT153,GEAR OIL SAE 90,LUBRICANTS,LTR,CASTROL,SAE90,PLANT01,CPSE_A,GEAR OIL SAE 90,LUBRICANTS,LTR,CASTROL,SAE90,PLANT01,CPSE_A,,,,,,,SAE 90
MAT154,INDUSTRIAL GEAR LUBRICANT SAE 90,LUBRICANTS,LTR,CASTROL,SAE90,PLANT04,CPSE_B,INDUSTRIAL GEAR LUBRICANT SAE 90,LUBRICANTS,LTR,CASTROL,SAE90,PLANT04,CPSE_B,,,,,,,SAE 90
MAT155,POWER CABLE 4 CORE 1.1 KV XLPE,CABLES,MTR,POLYCAB,4C-1.1KV,PLANT05,CPSE_C,POWER CABLE 4 CORE 1 1 KV XLPE,CABLES,MTR,POLYCAB,4C 1 1KV,PLANT05,CPSE_C,,,1.1 KV,,4.0,XLPE,XLPE
MAT156,4 CORE XLPE POWER CABLE 1100 VOLT,CABLES,MTR,POLYCAB,4C-1.1KV,PLANT08,CPSE_D,4 CORE XLPE POWER CABLE 1100 VOLT,CABLES,MTR,POLYCAB,4C 1 1KV,PLANT08,CPSE_D,,,1100 VOLT,,4.0,XLPE,XLPE
MAT157,PVC INSULATED CONTROL CABLE 2.5 SQ MM,CABLES,MTR,FINOLEX,2.5SQMM,PLANT01,CPSE_A,PVC INSULATED CONTROL CABLE 2 5 SQ MM,CABLES,MTR,FINOLEX,2 5SQMM,PLANT01,CPSE_A,,,,,,PVC,
MAT158,CONTROL CABLE PVC 2.5 MM2,CABLES,MTR,FINOLEX,2.5SQMM,PLANT04,CPSE_B,CONTROL CABLE PVC 2 5 MM2,CABLES,MTR,FINOLEX,2 5SQMM,PLANT04,CPSE_B,,,,,,PVC,
MAT159,INDUSTRIAL SAFETY HELMET ABS,SAFETY,EA,KARAM,HELMET-ABS,PLANT05,CPSE_C,INDUSTRIAL SAFETY HELMET ABS,SAFETY,EA,KARAM,HELMET ABS,PLANT05,CPSE_C,,,,,,ABS,
MAT160,ABS HARD HAT INDUSTRIAL SAFETY,SAFETY,EA,KARAM,HELMET-ABS,PLANT08,CPSE_D,ABS HARD HAT INDUSTRIAL SAFETY,SAFETY,EA,KARAM,HELMET ABS,PLANT08,CPSE_D,,,,,,ABS,
MAT161,HEX BOLT M16 X 80 MM HIGH TENSILE STEEL,FASTENERS,EA,TVS,M16-80-HT,PLANT01,CPSE_A,HEX BOLT M16 X 80 MM HIGH TENSILE STEEL,FASTENERS,EA,TVS,M16 80 HT,PLANT01,CPSE_A,M16,80.0,,,,STEEL,
MAT162,M16 HEXAGONAL BOLT 80MM HT STEEL,FASTENERS,EA,TVS,M16-80-HT,PLANT04,CPSE_B,M16 HEXAGONAL BOLT 80MM HT STEEL,FASTENERS,EA,TVS,M16 80 HT,PLANT04,CPSE_B,M16,80.0,,,,STEEL,HT
MAT163,HEX NUT M16 HIGH TENSILE STEEL,FASTENERS,EA,TVS,M16-NUT-HT,PLANT05,CPSE_C,HEX NUT M16 HIGH TENSILE STEEL,FASTENERS,EA,TVS,M16 NUT HT,PLANT05,CPSE_C,M16,,,,,STEEL,
MAT164,M16 HEX NUT HT STEEL,FASTENERS,EA,TVS,M16-NUT-HT,PLANT08,CPSE_D,M16 HEX NUT HT STEEL,FASTENERS,EA,TVS,M16 NUT HT,PLANT08,CPSE_D,M16,,,,,STEEL,HT
MAT165,FLAT WASHER M16 MS,FASTENERS,EA,UNBRANDED,M16-WASHER,PLANT01,CPSE_A,FLAT WASHER M16 MS,FASTENERS,EA,UNBRANDED,M16 WASHER,PLANT01,CPSE_A,M16,,,,,,
MAT166,M16 PLAIN WASHER MILD STEEL,FASTENERS,EA,UNBRANDED,M16-WASHER,PLANT04,CPSE_B,M16 PLAIN WASHER MILD STEEL,FASTENERS,EA,UNBRANDED,M16 WASHER,PLANT04,CPSE_B,M16,,,,,STEEL,
MAT167,BEARING BALL 6205 ZZ,BEARINGS,EA,SKF,6205-ZZ,PLANT05,CPSE_C,BEARING BALL 6205 ZZ,BEARINGS,EA,SKF,6205 ZZ,PLANT05,CPSE_C,,,,,,,ZZ
MAT168,BALL BEARING 6205 ZZ SKF,BEARINGS,EA,SKF,6205-ZZ,PLANT08,CPSE_D,BALL BEARING 6205 ZZ SKF,BEARINGS,EA,SKF,6205 ZZ,PLANT08,CPSE_D,,,,,,,ZZ
MAT169,DEEP GROOVE BALL BEARING 6206 2RS,BEARINGS,EA,FAG,6206-2RS,PLANT01,CPSE_A,DEEP GROOVE BALL BEARING 6206 2RS,BEARINGS,EA,FAG,6206 2RS,PLANT01,CPSE_A,,,,,,,2RS
MAT170,6206 DOUBLE SEALED BALL BEARING FAG,BEARINGS,EA,FAG,6206-2RS,PLANT04,CPSE_B,6206 DOUBLE SEALED BALL BEARING FAG,BEARINGS,EA,FAG,6206 2RS,PLANT04,CPSE_B,,,,,,,
MAT171,INDUSTRIAL LUBRICANT ISO VG 68,LUBRICANTS,LTR,SERVO,ISO68,PLANT05,CPSE_C,INDUSTRIAL LUBRICANT ISO VG 68,LUBRICANTS,LTR,SERVO,ISO68,PLANT05,CPSE_C,,,,,,,ISO VG 68
MAT172,HYDRAULIC OIL ISO VG 68,LUBRICANTS,LTR,SERVO,ISO68,PLANT08,CPSE_D,HYDRAULIC OIL ISO VG 68,LUBRICANTS,LTR,SERVO,ISO68,PLANT08,CPSE_D,,,,,,,ISO VG 68
MAT173,GEAR OIL SAE 90,LUBRICANTS,LTR,CASTROL,SAE90,PLANT01,CPSE_A,GEAR OIL SAE 90,LUBRICANTS,LTR,CASTROL,SAE90,PLANT01,CPSE_A,,,,,,,SAE 90
MAT174,INDUSTRIAL GEAR LUBRICANT SAE 90,LUBRICANTS,LTR,CASTROL,SAE90,PLANT04,CPSE_B,INDUSTRIAL GEAR LUBRICANT SAE 90,LUBRICANTS,LTR,CASTROL,SAE90,PLANT04,CPSE_B,,,,,,,SAE 90
MAT175,POWER CABLE 4 CORE 1.1 KV XLPE,CABLES,MTR,POLYCAB,4C-1.1KV,PLANT05,CPSE_C,POWER CABLE 4 CORE 1 1 KV XLPE,CABLES,MTR,POLYCAB,4C 1 1KV,PLANT05,CPSE_C,,,1.1 KV,,4.0,XLPE,XLPE
MAT176,4 CORE XLPE POWER CABLE 1100 VOLT,CABLES,MTR,POLYCAB,4C-1.1KV,PLANT08,CPSE_D,4 CORE XLPE POWER CABLE 1100 VOLT,CABLES,MTR,POLYCAB,4C 1 1KV,PLANT08,CPSE_D,,,1100 VOLT,,4.0,XLPE,XLPE
MAT177,PVC INSULATED CONTROL CABLE 2.5 SQ MM,CABLES,MTR,FINOLEX,2.5SQMM,PLANT01,CPSE_A,PVC INSULATED CONTROL CABLE 2 5 SQ MM,CABLES,MTR,FINOLEX,2 5SQMM,PLANT01,CPSE_A,,,,,,PVC,
MAT178,CONTROL CABLE PVC 2.5 MM2,CABLES,MTR,FINOLEX,2.5SQMM,PLANT04,CPSE_B,CONTROL CABLE PVC 2 5 MM2,CABLES,MTR,FINOLEX,2 5SQMM,PLANT04,CPSE_B,,,,,,PVC,
MAT179,INDUSTRIAL SAFETY HELMET ABS,SAFETY,EA,KARAM,HELMET-ABS,PLANT05,CPSE_C,INDUSTRIAL SAFETY HELMET ABS,SAFETY,EA,KARAM,HELMET ABS,PLANT05,CPSE_C,,,,,,ABS,
MAT180,ABS HARD HAT INDUSTRIAL SAFETY,SAFETY,EA,KARAM,HELMET-ABS,PLANT08,CPSE_D,ABS HARD HAT INDUSTRIAL SAFETY,SAFETY,EA,KARAM,HELMET ABS,PLANT08,CPSE_D,,,,,,ABS,
MAT181,HEX BOLT M16 X 80 MM HIGH TENSILE STEEL,FASTENERS,EA,TVS,M16-80-HT,PLANT01,CPSE_A,HEX BOLT M16 X 80 MM HIGH TENSILE STEEL,FASTENERS,EA,TVS,M16 80 HT,PLANT01,CPSE_A,M16,80.0,,,,STEEL,
MAT182,M16 HEXAGONAL BOLT 80MM HT STEEL,FASTENERS,EA,TVS,M16-80-HT,PLANT04,CPSE_B,M16 HEXAGONAL BOLT 80MM HT STEEL,FASTENERS,EA,TVS,M16 80 HT,PLANT04,CPSE_B,M16,80.0,,,,STEEL,HT
MAT183,HEX NUT M16 HIGH TENSILE STEEL,FASTENERS,EA,TVS,M16-NUT-HT,PLANT05,CPSE_C,HEX NUT M16 HIGH TENSILE STEEL,FASTENERS,EA,TVS,M16 NUT HT,PLANT05,CPSE_C,M16,,,,,STEEL,
MAT184,M16 HEX NUT HT STEEL,FASTENERS,EA,TVS,M16-NUT-HT,PLANT08,CPSE_D,M16 HEX NUT HT STEEL,FASTENERS,EA,TVS,M16 NUT HT,PLANT08,CPSE_D,M16,,,,,STEEL,HT
MAT185,FLAT WASHER M16 MS,FASTENERS,EA,UNBRANDED,M16-WASHER,PLANT01,CPSE_A,FLAT WASHER M16 MS,FASTENERS,EA,UNBRANDED,M16 WASHER,PLANT01,CPSE_A,M16,,,,,,
MAT186,M16 PLAIN WASHER MILD STEEL,FASTENERS,EA,UNBRANDED,M16-WASHER,PLANT04,CPSE_B,M16 PLAIN WASHER MILD STEEL,FASTENERS,EA,UNBRANDED,M16 WASHER,PLANT04,CPSE_B,M16,,,,,STEEL,
MAT187,BEARING BALL 6205 ZZ,BEARINGS,EA,SKF,6205-ZZ,PLANT05,CPSE_C,BEARING BALL 6205 ZZ,BEARINGS,EA,SKF,6205 ZZ,PLANT05,CPSE_C,,,,,,,ZZ
MAT188,BALL BEARING 6205 ZZ SKF,BEARINGS,EA,SKF,6205-ZZ,PLANT08,CPSE_D,BALL BEARING 6205 ZZ SKF,BEARINGS,EA,SKF,6205 ZZ,PLANT08,CPSE_D,,,,,,,ZZ
MAT189,DEEP GROOVE BALL BEARING 6206 2RS,BEARINGS,EA,FAG,6206-2RS,PLANT01,CPSE_A,DEEP GROOVE BALL BEARING 6206 2RS,BEARINGS,EA,FAG,6206 2RS,PLANT01,CPSE_A,,,,,,,2RS
MAT190,6206 DOUBLE SEALED BALL BEARING FAG,BEARINGS,EA,FAG,6206-2RS,PLANT04,CPSE_B,6206 DOUBLE SEALED BALL BEARING FAG,BEARINGS,EA,FAG,6206 2RS,PLANT04,CPSE_B,,,,,,,
MAT191,INDUSTRIAL LUBRICANT ISO VG 68,LUBRICANTS,LTR,SERVO,ISO68,PLANT05,CPSE_C,INDUSTRIAL LUBRICANT ISO VG 68,LUBRICANTS,LTR,SERVO,ISO68,PLANT05,CPSE_C,,,,,,,ISO VG 68
MAT192,HYDRAULIC OIL ISO VG 68,LUBRICANTS,LTR,SERVO,ISO68,PLANT08,CPSE_D,HYDRAULIC OIL ISO VG 68,LUBRICANTS,LTR,SERVO,ISO68,PLANT08,CPSE_D,,,,,,,ISO VG 68
MAT193,GEAR OIL SAE 90,LUBRICANTS,LTR,CASTROL,SAE90,PLANT01,CPSE_A,GEAR OIL SAE 90,LUBRICANTS,LTR,CASTROL,SAE90,PLANT01,CPSE_A,,,,,,,SAE 90
MAT194,INDUSTRIAL GEAR LUBRICANT SAE 90,LUBRICANTS,LTR,CASTROL,SAE90,PLANT04,CPSE_B,INDUSTRIAL GEAR LUBRICANT SAE 90,LUBRICANTS,LTR,CASTROL,SAE90,PLANT04,CPSE_B,,,,,,,SAE 90
MAT195,POWER CABLE 4 CORE 1.1 KV XLPE,CABLES,MTR,POLYCAB,4C-1.1KV,PLANT05,CPSE_C,POWER CABLE 4 CORE 1 1 KV XLPE,CABLES,MTR,POLYCAB,4C 1 1KV,PLANT05,CPSE_C,,,1.1 KV,,4.0,XLPE,XLPE
MAT196,4 CORE XLPE POWER CABLE 1100 VOLT,CABLES,MTR,POLYCAB,4C-1.1KV,PLANT08,CPSE_D,4 CORE XLPE POWER CABLE 1100 VOLT,CABLES,MTR,POLYCAB,4C 1 1KV,PLANT08,CPSE_D,,,1100 VOLT,,4.0,XLPE,XLPE
MAT197,PVC INSULATED CONTROL CABLE 2.5 SQ MM,CABLES,MTR,FINOLEX,2.5SQMM,PLANT01,CPSE_A,PVC INSULATED CONTROL CABLE 2 5 SQ MM,CABLES,MTR,FINOLEX,2 5SQMM,PLANT01,CPSE_A,,,,,,PVC,
MAT198,CONTROL CABLE PVC 2.5 MM2,CABLES,MTR,FINOLEX,2.5SQMM,PLANT04,CPSE_B,CONTROL CABLE PVC 2 5 MM2,CABLES,MTR,FINOLEX,2 5SQMM,PLANT04,CPSE_B,,,,,,PVC,
MAT199,INDUSTRIAL SAFETY HELMET ABS,SAFETY,EA,KARAM,HELMET-ABS,PLANT05,CPSE_C,INDUSTRIAL SAFETY HELMET ABS,SAFETY,EA,KARAM,HELMET ABS,PLANT05,CPSE_C,,,,,,ABS,
MAT200,ABS HARD HAT INDUSTRIAL SAFETY,SAFETY,EA,KARAM,HELMET-ABS,PLANT08,CPSE_D,ABS HARD HAT INDUSTRIAL SAFETY,SAFETY,EA,KARAM,HELMET ABS,PLANT08,CPSE_D,,,,,,ABS,
MAT201,HEX BOLT M16 X 80 MM HIGH TENSILE STEEL,FASTENERS,EA,TVS,M16-80-HT,PLANT01,CPSE_A,HEX BOLT M16 X 80 MM HIGH TENSILE STEEL,FASTENERS,EA,TVS,M16 80 HT,PLANT01,CPSE_A,M16,80.0,,,,STEEL,
MAT202,M16 HEXAGONAL BOLT 80MM HT STEEL,FASTENERS,EA,TVS,M16-80-HT,PLANT04,CPSE_B,M16 HEXAGONAL BOLT 80MM HT STEEL,FASTENERS,EA,TVS,M16 80 HT,PLANT04,CPSE_B,M16,80.0,,,,STEEL,HT
MAT203,HEX NUT M16 HIGH TENSILE STEEL,FASTENERS,EA,TVS,M16-NUT-HT,PLANT05,CPSE_C,HEX NUT M16 HIGH TENSILE STEEL,FASTENERS,EA,TVS,M16 NUT HT,PLANT05,CPSE_C,M16,,,,,STEEL,
MAT204,M16 HEX NUT HT STEEL,FASTENERS,EA,TVS,M16-NUT-HT,PLANT08,CPSE_D,M16 HEX NUT HT STEEL,FASTENERS,EA,TVS,M16 NUT HT,PLANT08,CPSE_D,M16,,,,,STEEL,HT
MAT205,FLAT WASHER M16 MS,FASTENERS,EA,UNBRANDED,M16-WASHER,PLANT01,CPSE_A,FLAT WASHER M16 MS,FASTENERS,EA,UNBRANDED,M16 WASHER,PLANT01,CPSE_A,M16,,,,,,
MAT206,M16 PLAIN WASHER MILD STEEL,FASTENERS,EA,UNBRANDED,M16-WASHER,PLANT04,CPSE_B,M16 PLAIN WASHER MILD STEEL,FASTENERS,EA,UNBRANDED,M16 WASHER,PLANT04,CPSE_B,M16,,,,,STEEL,
MAT207,BEARING BALL 6205 ZZ,BEARINGS,EA,SKF,6205-ZZ,PLANT05,CPSE_C,BEARING BALL 6205 ZZ,BEARINGS,EA,SKF,6205 ZZ,PLANT05,CPSE_C,,,,,,,ZZ
MAT208,BALL BEARING 6205 ZZ SKF,BEARINGS,EA,SKF,6205-ZZ,PLANT08,CPSE_D,BALL BEARING 6205 ZZ SKF,BEARINGS,EA,SKF,6205 ZZ,PLANT08,CPSE_D,,,,,,,ZZ
MAT209,DEEP GROOVE BALL BEARING 6206 2RS,BEARINGS,EA,FAG,6206-2RS,PLANT01,CPSE_A,DEEP GROOVE BALL BEARING 6206 2RS,BEARINGS,EA,FAG,6206 2RS,PLANT01,CPSE_A,,,,,,,2RS
MAT210,6206 DOUBLE SEALED BALL BEARING FAG,BEARINGS,EA,FAG,6206-2RS,PLANT04,CPSE_B,6206 DOUBLE SEALED BALL BEARING FAG,BEARINGS,EA,FAG,6206 2RS,PLANT04,CPSE_B,,,,,,,
MAT211,INDUSTRIAL LUBRICANT ISO VG 68,LUBRICANTS,LTR,SERVO,ISO68,PLANT05,CPSE_C,INDUSTRIAL LUBRICANT ISO VG 68,LUBRICANTS,LTR,SERVO,ISO68,PLANT05,CPSE_C,,,,,,,ISO VG 68
MAT212,HYDRAULIC OIL ISO VG 68,LUBRICANTS,LTR,SERVO,ISO68,PLANT08,CPSE_D,HYDRAULIC OIL ISO VG 68,LUBRICANTS,LTR,SERVO,ISO68,PLANT08,CPSE_D,,,,,,,ISO VG 68
MAT213,GEAR OIL SAE 90,LUBRICANTS,LTR,CASTROL,SAE90,PLANT01,CPSE_A,GEAR OIL SAE 90,LUBRICANTS,LTR,CASTROL,SAE90,PLANT01,CPSE_A,,,,,,,SAE 90
MAT214,INDUSTRIAL GEAR LUBRICANT SAE 90,LUBRICANTS,LTR,CASTROL,SAE90,PLANT04,CPSE_B,INDUSTRIAL GEAR LUBRICANT SAE 90,LUBRICANTS,LTR,CASTROL,SAE90,PLANT04,CPSE_B,,,,,,,SAE 90
MAT215,POWER CABLE 4 CORE 1.1 KV XLPE,CABLES,MTR,POLYCAB,4C-1.1KV,PLANT05,CPSE_C,POWER CABLE 4 CORE 1 1 KV XLPE,CABLES,MTR,POLYCAB,4C 1 1KV,PLANT05,CPSE_C,,,1.1 KV,,4.0,XLPE,XLPE
MAT216,4 CORE XLPE POWER CABLE 1100 VOLT,CABLES,MTR,POLYCAB,4C-1.1KV,PLANT08,CPSE_D,4 CORE XLPE POWER CABLE 1100 VOLT,CABLES,MTR,POLYCAB,4C 1 1KV,PLANT08,CPSE_D,,,1100 VOLT,,4.0,XLPE,XLPE
MAT217,PVC INSULATED CONTROL CABLE 2.5 SQ MM,CABLES,MTR,FINOLEX,2.5SQMM,PLANT01,CPSE_A,PVC INSULATED CONTROL CABLE 2 5 SQ MM,CABLES,MTR,FINOLEX,2 5SQMM,PLANT01,CPSE_A,,,,,,PVC,
MAT218,CONTROL CABLE PVC 2.5 MM2,CABLES,MTR,FINOLEX,2.5SQMM,PLANT04,CPSE_B,CONTROL CABLE PVC 2 5 MM2,CABLES,MTR,FINOLEX,2 5SQMM,PLANT04,CPSE_B,,,,,,PVC,
MAT219,INDUSTRIAL SAFETY HELMET ABS,SAFETY,EA,KARAM,HELMET-ABS,PLANT05,CPSE_C,INDUSTRIAL SAFETY HELMET ABS,SAFETY,EA,KARAM,HELMET ABS,PLANT05,CPSE_C,,,,,,ABS,
MAT220,ABS HARD HAT INDUSTRIAL SAFETY,SAFETY,EA,KARAM,HELMET-ABS,PLANT08,CPSE_D,ABS HARD HAT INDUSTRIAL SAFETY,SAFETY,EA,KARAM,HELMET ABS,PLANT08,CPSE_D,,,,,,ABS,
MAT221,HEX BOLT M16 X 80 MM HIGH TENSILE STEEL,FASTENERS,EA,TVS,M16-80-HT,PLANT01,CPSE_A,HEX BOLT M16 X 80 MM HIGH TENSILE STEEL,FASTENERS,EA,TVS,M16 80 HT,PLANT01,CPSE_A,M16,80.0,,,,STEEL,
MAT222,M16 HEXAGONAL BOLT 80MM HT STEEL,FASTENERS,EA,TVS,M16-80-HT,PLANT04,CPSE_B,M16 HEXAGONAL BOLT 80MM HT STEEL,FASTENERS,EA,TVS,M16 80 HT,PLANT04,CPSE_B,M16,80.0,,,,STEEL,HT
MAT223,HEX NUT M16 HIGH TENSILE STEEL,FASTENERS,EA,TVS,M16-NUT-HT,PLANT05,CPSE_C,HEX NUT M16 HIGH TENSILE STEEL,FASTENERS,EA,TVS,M16 NUT HT,PLANT05,CPSE_C,M16,,,,,STEEL,
MAT224,M16 HEX NUT HT STEEL,FASTENERS,EA,TVS,M16-NUT-HT,PLANT08,CPSE_D,M16 HEX NUT HT STEEL,FASTENERS,EA,TVS,M16 NUT HT,PLANT08,CPSE_D,M16,,,,,STEEL,HT
MAT225,FLAT WASHER M16 MS,FASTENERS,EA,UNBRANDED,M16-WASHER,PLANT01,CPSE_A,FLAT WASHER M16 MS,FASTENERS,EA,UNBRANDED,M16 WASHER,PLANT01,CPSE_A,M16,,,,,,
MAT226,M16 PLAIN WASHER MILD STEEL,FASTENERS,EA,UNBRANDED,M16-WASHER,PLANT04,CPSE_B,M16 PLAIN WASHER MILD STEEL,FASTENERS,EA,UNBRANDED,M16 WASHER,PLANT04,CPSE_B,M16,,,,,STEEL,
MAT227,BEARING BALL 6205 ZZ,BEARINGS,EA,SKF,6205-ZZ,PLANT05,CPSE_C,BEARING BALL 6205 ZZ,BEARINGS,EA,SKF,6205 ZZ,PLANT05,CPSE_C,,,,,,,ZZ
MAT228,BALL BEARING 6205 ZZ SKF,BEARINGS,EA,SKF,6205-ZZ,PLANT08,CPSE_D,BALL BEARING 6205 ZZ SKF,BEARINGS,EA,SKF,6205 ZZ,PLANT08,CPSE_D,,,,,,,ZZ
MAT229,DEEP GROOVE BALL BEARING 6206 2RS,BEARINGS,EA,FAG,6206-2RS,PLANT01,CPSE_A,DEEP GROOVE BALL BEARING 6206 2RS,BEARINGS,EA,FAG,6206 2RS,PLANT01,CPSE_A,,,,,,,2RS
MAT230,6206 DOUBLE SEALED BALL BEARING FAG,BEARINGS,EA,FAG,6206-2RS,PLANT04,CPSE_B,6206 DOUBLE SEALED BALL BEARING FAG,BEARINGS,EA,FAG,6206 2RS,PLANT04,CPSE_B,,,,,,,
MAT231,INDUSTRIAL LUBRICANT ISO VG 68,LUBRICANTS,LTR,SERVO,ISO68,PLANT05,CPSE_C,INDUSTRIAL LUBRICANT ISO VG 68,LUBRICANTS,LTR,SERVO,ISO68,PLANT05,CPSE_C,,,,,,,ISO VG 68
MAT232,HYDRAULIC OIL ISO VG 68,LUBRICANTS,LTR,SERVO,ISO68,PLANT08,CPSE_D,HYDRAULIC OIL ISO VG 68,LUBRICANTS,LTR,SERVO,ISO68,PLANT08,CPSE_D,,,,,,,ISO VG 68
MAT233,GEAR OIL SAE 90,LUBRICANTS,LTR,CASTROL,SAE90,PLANT01,CPSE_A,GEAR OIL SAE 90,LUBRICANTS,LTR,CASTROL,SAE90,PLANT01,CPSE_A,,,,,,,SAE 90
MAT234,INDUSTRIAL GEAR LUBRICANT SAE 90,LUBRICANTS,LTR,CASTROL,SAE90,PLANT04,CPSE_B,INDUSTRIAL GEAR LUBRICANT SAE 90,LUBRICANTS,LTR,CASTROL,SAE90,PLANT04,CPSE_B,,,,,,,SAE 90
MAT235,POWER CABLE 4 CORE 1.1 KV XLPE,CABLES,MTR,POLYCAB,4C-1.1KV,PLANT05,CPSE_C,POWER CABLE 4 CORE 1 1 KV XLPE,CABLES,MTR,POLYCAB,4C 1 1KV,PLANT05,CPSE_C,,,1.1 KV,,4.0,XLPE,XLPE
MAT236,4 CORE XLPE POWER CABLE 1100 VOLT,CABLES,MTR,POLYCAB,4C-1.1KV,PLANT08,CPSE_D,4 CORE XLPE POWER CABLE 1100 VOLT,CABLES,MTR,POLYCAB,4C 1 1KV,PLANT08,CPSE_D,,,1100 VOLT,,4.0,XLPE,XLPE
MAT237,PVC INSULATED CONTROL CABLE 2.5 SQ MM,CABLES,MTR,FINOLEX,2.5SQMM,PLANT01,CPSE_A,PVC INSULATED CONTROL CABLE 2 5 SQ MM,CABLES,MTR,FINOLEX,2 5SQMM,PLANT01,CPSE_A,,,,,,PVC,
MAT238,CONTROL CABLE PVC 2.5 MM2,CABLES,MTR,FINOLEX,2.5SQMM,PLANT04,CPSE_B,CONTROL CABLE PVC 2 5 MM2,CABLES,MTR,FINOLEX,2 5SQMM,PLANT04,CPSE_B,,,,,,PVC,
MAT239,INDUSTRIAL SAFETY HELMET ABS,SAFETY,EA,KARAM,HELMET-ABS,PLANT05,CPSE_C,INDUSTRIAL SAFETY HELMET ABS,SAFETY,EA,KARAM,HELMET ABS,PLANT05,CPSE_C,,,,,,ABS,
MAT240,ABS HARD HAT INDUSTRIAL SAFETY,SAFETY,EA,KARAM,HELMET-ABS,PLANT08,CPSE_D,ABS HARD HAT INDUSTRIAL SAFETY,SAFETY,EA,KARAM,HELMET ABS,PLANT08,CPSE_D,,,,,,ABS,
MAT241,HEX BOLT M16 X 80 MM HIGH TENSILE STEEL,FASTENERS,EA,TVS,M16-80-HT,PLANT01,CPSE_A,HEX BOLT M16 X 80 MM HIGH TENSILE STEEL,FASTENERS,EA,TVS,M16 80 HT,PLANT01,CPSE_A,M16,80.0,,,,STEEL,
MAT242,M16 HEXAGONAL BOLT 80MM HT STEEL,FASTENERS,EA,TVS,M16-80-HT,PLANT04,CPSE_B,M16 HEXAGONAL BOLT 80MM HT STEEL,FASTENERS,EA,TVS,M16 80 HT,PLANT04,CPSE_B,M16,80.0,,,,STEEL,HT
MAT243,HEX NUT M16 HIGH TENSILE STEEL,FASTENERS,EA,TVS,M16-NUT-HT,PLANT05,CPSE_C,HEX NUT M16 HIGH TENSILE STEEL,FASTENERS,EA,TVS,M16 NUT HT,PLANT05,CPSE_C,M16,,,,,STEEL,
MAT244,M16 HEX NUT HT STEEL,FASTENERS,EA,TVS,M16-NUT-HT,PLANT08,CPSE_D,M16 HEX NUT HT STEEL,FASTENERS,EA,TVS,M16 NUT HT,PLANT08,CPSE_D,M16,,,,,STEEL,HT
MAT245,FLAT WASHER M16 MS,FASTENERS,EA,UNBRANDED,M16-WASHER,PLANT01,CPSE_A,FLAT WASHER M16 MS,FASTENERS,EA,UNBRANDED,M16 WASHER,PLANT01,CPSE_A,M16,,,,,,
MAT246,M16 PLAIN WASHER MILD STEEL,FASTENERS,EA,UNBRANDED,M16-WASHER,PLANT04,CPSE_B,M16 PLAIN WASHER MILD STEEL,FASTENERS,EA,UNBRANDED,M16 WASHER,PLANT04,CPSE_B,M16,,,,,STEEL,
MAT247,BEARING BALL 6205 ZZ,BEARINGS,EA,SKF,6205-ZZ,PLANT05,CPSE_C,BEARING BALL 6205 ZZ,BEARINGS,EA,SKF,6205 ZZ,PLANT05,CPSE_C,,,,,,,ZZ
MAT248,BALL BEARING 6205 ZZ SKF,BEARINGS,EA,SKF,6205-ZZ,PLANT08,CPSE_D,BALL BEARING 6205 ZZ SKF,BEARINGS,EA,SKF,6205 ZZ,PLANT08,CPSE_D,,,,,,,ZZ
MAT249,DEEP GROOVE BALL BEARING 6206 2RS,BEARINGS,EA,FAG,6206-2RS,PLANT01,CPSE_A,DEEP GROOVE BALL BEARING 6206 2RS,BEARINGS,EA,FAG,6206 2RS,PLANT01,CPSE_A,,,,,,,2RS
MAT250,6206 DOUBLE SEALED BALL BEARING FAG,BEARINGS,EA,FAG,6206-2RS,PLANT04,CPSE_B,6206 DOUBLE SEALED BALL BEARING FAG,BEARINGS,EA,FAG,6206 2RS,PLANT04,CPSE_B,,,,,,,
MAT251,INDUSTRIAL LUBRICANT ISO VG 68,LUBRICANTS,LTR,SERVO,ISO68,PLANT05,CPSE_C,INDUSTRIAL LUBRICANT ISO VG 68,LUBRICANTS,LTR,SERVO,ISO68,PLANT05,CPSE_C,,,,,,,ISO VG 68
MAT252,HYDRAULIC OIL ISO VG 68,LUBRICANTS,LTR,SERVO,ISO68,PLANT08,CPSE_D,HYDRAULIC OIL ISO VG 68,LUBRICANTS,LTR,SERVO,ISO68,PLANT08,CPSE_D,,,,,,,ISO VG 68
MAT253,GEAR OIL SAE 90,LUBRICANTS,LTR,CASTROL,SAE90,PLANT01,CPSE_A,GEAR OIL SAE 90,LUBRICANTS,LTR,CASTROL,SAE90,PLANT01,CPSE_A,,,,,,,SAE 90
MAT254,INDUSTRIAL GEAR LUBRICANT SAE 90,LUBRICANTS,LTR,CASTROL,SAE90,PLANT04,CPSE_B,INDUSTRIAL GEAR LUBRICANT SAE 90,LUBRICANTS,LTR,CASTROL,SAE90,PLANT04,CPSE_B,,,,,,,SAE 90
MAT255,POWER CABLE 4 CORE 1.1 KV XLPE,CABLES,MTR,POLYCAB,4C-1.1KV,PLANT05,CPSE_C,POWER CABLE 4 CORE 1 1 KV XLPE,CABLES,MTR,POLYCAB,4C 1 1KV,PLANT05,CPSE_C,,,1.1 KV,,4.0,XLPE,XLPE
MAT256,4 CORE XLPE POWER CABLE 1100 VOLT,CABLES,MTR,POLYCAB,4C-1.1KV,PLANT08,CPSE_D,4 CORE XLPE POWER CABLE 1100 VOLT,CABLES,MTR,POLYCAB,4C 1 1KV,PLANT08,CPSE_D,,,1100 VOLT,,4.0,XLPE,XLPE
MAT257,PVC INSULATED CONTROL CABLE 2.5 SQ MM,CABLES,MTR,FINOLEX,2.5SQMM,PLANT01,CPSE_A,PVC INSULATED CONTROL CABLE 2 5 SQ MM,CABLES,MTR,FINOLEX,2 5SQMM,PLANT01,CPSE_A,,,,,,PVC,
MAT258,CONTROL CABLE PVC 2.5 MM2,CABLES,MTR,FINOLEX,2.5SQMM,PLANT04,CPSE_B,CONTROL CABLE PVC 2 5 MM2,CABLES,MTR,FINOLEX,2 5SQMM,PLANT04,CPSE_B,,,,,,PVC,
MAT259,INDUSTRIAL SAFETY HELMET ABS,SAFETY,EA,KARAM,HELMET-ABS,PLANT05,CPSE_C,INDUSTRIAL SAFETY HELMET ABS,SAFETY,EA,KARAM,HELMET ABS,PLANT05,CPSE_C,,,,,,ABS,
MAT260,ABS HARD HAT INDUSTRIAL SAFETY,SAFETY,EA,KARAM,HELMET-ABS,PLANT08,CPSE_D,ABS HARD HAT INDUSTRIAL SAFETY,SAFETY,EA,KARAM,HELMET ABS,PLANT08,CPSE_D,,,,,,ABS,
MAT261,HEX BOLT M16 X 80 MM HIGH TENSILE STEEL,FASTENERS,EA,TVS,M16-80-HT,PLANT01,CPSE_A,HEX BOLT M16 X 80 MM HIGH TENSILE STEEL,FASTENERS,EA,TVS,M16 80 HT,PLANT01,CPSE_A,M16,80.0,,,,STEEL,
MAT262,M16 HEXAGONAL BOLT 80MM HT STEEL,FASTENERS,EA,TVS,M16-80-HT,PLANT04,CPSE_B,M16 HEXAGONAL BOLT 80MM HT STEEL,FASTENERS,EA,TVS,M16 80 HT,PLANT04,CPSE_B,M16,80.0,,,,STEEL,HT
MAT263,HEX NUT M16 HIGH TENSILE STEEL,FASTENERS,EA,TVS,M16-NUT-HT,PLANT05,CPSE_C,HEX NUT M16 HIGH TENSILE STEEL,FASTENERS,EA,TVS,M16 NUT HT,PLANT05,CPSE_C,M16,,,,,STEEL,
MAT264,M16 HEX NUT HT STEEL,FASTENERS,EA,TVS,M16-NUT-HT,PLANT08,CPSE_D,M16 HEX NUT HT STEEL,FASTENERS,EA,TVS,M16 NUT HT,PLANT08,CPSE_D,M16,,,,,STEEL,HT
MAT265,FLAT WASHER M16 MS,FASTENERS,EA,UNBRANDED,M16-WASHER,PLANT01,CPSE_A,FLAT WASHER M16 MS,FASTENERS,EA,UNBRANDED,M16 WASHER,PLANT01,CPSE_A,M16,,,,,,
MAT266,M16 PLAIN WASHER MILD STEEL,FASTENERS,EA,UNBRANDED,M16-WASHER,PLANT04,CPSE_B,M16 PLAIN WASHER MILD STEEL,FASTENERS,EA,UNBRANDED,M16 WASHER,PLANT04,CPSE_B,M16,,,,,STEEL,
MAT267,BEARING BALL 6205 ZZ,BEARINGS,EA,SKF,6205-ZZ,PLANT05,CPSE_C,BEARING BALL 6205 ZZ,BEARINGS,EA,SKF,6205 ZZ,PLANT05,CPSE_C,,,,,,,ZZ
MAT268,BALL BEARING 6205 ZZ SKF,BEARINGS,EA,SKF,6205-ZZ,PLANT08,CPSE_D,BALL BEARING 6205 ZZ SKF,BEARINGS,EA,SKF,6205 ZZ,PLANT08,CPSE_D,,,,,,,ZZ
MAT269,DEEP GROOVE BALL BEARING 6206 2RS,BEARINGS,EA,FAG,6206-2RS,PLANT01,CPSE_A,DEEP GROOVE BALL BEARING 6206 2RS,BEARINGS,EA,FAG,6206 2RS,PLANT01,CPSE_A,,,,,,,2RS
MAT270,6206 DOUBLE SEALED BALL BEARING FAG,BEARINGS,EA,FAG,6206-2RS,PLANT04,CPSE_B,6206 DOUBLE SEALED BALL BEARING FAG,BEARINGS,EA,FAG,6206 2RS,PLANT04,CPSE_B,,,,,,,
MAT271,INDUSTRIAL LUBRICANT ISO VG 68,LUBRICANTS,LTR,SERVO,ISO68,PLANT05,CPSE_C,INDUSTRIAL LUBRICANT ISO VG 68,LUBRICANTS,LTR,SERVO,ISO68,PLANT05,CPSE_C,,,,,,,ISO VG 68
MAT272,HYDRAULIC OIL ISO VG 68,LUBRICANTS,LTR,SERVO,ISO68,PLANT08,CPSE_D,HYDRAULIC OIL ISO VG 68,LUBRICANTS,LTR,SERVO,ISO68,PLANT08,CPSE_D,,,,,,,ISO VG 68
MAT273,GEAR OIL SAE 90,LUBRICANTS,LTR,CASTROL,SAE90,PLANT01,CPSE_A,GEAR OIL SAE 90,LUBRICANTS,LTR,CASTROL,SAE90,PLANT01,CPSE_A,,,,,,,SAE 90
MAT274,INDUSTRIAL GEAR LUBRICANT SAE 90,LUBRICANTS,LTR,CASTROL,SAE90,PLANT04,CPSE_B,INDUSTRIAL GEAR LUBRICANT SAE 90,LUBRICANTS,LTR,CASTROL,SAE90,PLANT04,CPSE_B,,,,,,,SAE 90
MAT275,POWER CABLE 4 CORE 1.1 KV XLPE,CABLES,MTR,POLYCAB,4C-1.1KV,PLANT05,CPSE_C,POWER CABLE 4 CORE 1 1 KV XLPE,CABLES,MTR,POLYCAB,4C 1 1KV,PLANT05,CPSE_C,,,1.1 KV,,4.0,XLPE,XLPE
MAT276,4 CORE XLPE POWER CABLE 1100 VOLT,CABLES,MTR,POLYCAB,4C-1.1KV,PLANT08,CPSE_D,4 CORE XLPE POWER CABLE 1100 VOLT,CABLES,MTR,POLYCAB,4C 1 1KV,PLANT08,CPSE_D,,,1100 VOLT,,4.0,XLPE,XLPE
MAT277,PVC INSULATED CONTROL CABLE 2.5 SQ MM,CABLES,MTR,FINOLEX,2.5SQMM,PLANT01,CPSE_A,PVC INSULATED CONTROL CABLE 2 5 SQ MM,CABLES,MTR,FINOLEX,2 5SQMM,PLANT01,CPSE_A,,,,,,PVC,
MAT278,CONTROL CABLE PVC 2.5 MM2,CABLES,MTR,FINOLEX,2.5SQMM,PLANT04,CPSE_B,CONTROL CABLE PVC 2 5 MM2,CABLES,MTR,FINOLEX,2 5SQMM,PLANT04,CPSE_B,,,,,,PVC,
MAT279,INDUSTRIAL SAFETY HELMET ABS,SAFETY,EA,KARAM,HELMET-ABS,PLANT05,CPSE_C,INDUSTRIAL SAFETY HELMET ABS,SAFETY,EA,KARAM,HELMET ABS,PLANT05,CPSE_C,,,,,,ABS,
MAT280,ABS HARD HAT INDUSTRIAL SAFETY,SAFETY,EA,KARAM,HELMET-ABS,PLANT08,CPSE_D,ABS HARD HAT INDUSTRIAL SAFETY,SAFETY,EA,KARAM,HELMET ABS,PLANT08,CPSE_D,,,,,,ABS,
MAT281,HEX BOLT M16 X 80 MM HIGH TENSILE STEEL,FASTENERS,EA,TVS,M16-80-HT,PLANT01,CPSE_A,HEX BOLT M16 X 80 MM HIGH TENSILE STEEL,FASTENERS,EA,TVS,M16 80 HT,PLANT01,CPSE_A,M16,80.0,,,,STEEL,
MAT282,M16 HEXAGONAL BOLT 80MM HT STEEL,FASTENERS,EA,TVS,M16-80-HT,PLANT04,CPSE_B,M16 HEXAGONAL BOLT 80MM HT STEEL,FASTENERS,EA,TVS,M16 80 HT,PLANT04,CPSE_B,M16,80.0,,,,STEEL,HT
MAT283,HEX NUT M16 HIGH TENSILE STEEL,FASTENERS,EA,TVS,M16-NUT-HT,PLANT05,CPSE_C,HEX NUT M16 HIGH TENSILE STEEL,FASTENERS,EA,TVS,M16 NUT HT,PLANT05,CPSE_C,M16,,,,,STEEL,
MAT284,M16 HEX NUT HT STEEL,FASTENERS,EA,TVS,M16-NUT-HT,PLANT08,CPSE_D,M16 HEX NUT HT STEEL,FASTENERS,EA,TVS,M16 NUT HT,PLANT08,CPSE_D,M16,,,,,STEEL,HT
MAT285,FLAT WASHER M16 MS,FASTENERS,EA,UNBRANDED,M16-WASHER,PLANT01,CPSE_A,FLAT WASHER M16 MS,FASTENERS,EA,UNBRANDED,M16 WASHER,PLANT01,CPSE_A,M16,,,,,,
MAT286,M16 PLAIN WASHER MILD STEEL,FASTENERS,EA,UNBRANDED,M16-WASHER,PLANT04,CPSE_B,M16 PLAIN WASHER MILD STEEL,FASTENERS,EA,UNBRANDED,M16 WASHER,PLANT04,CPSE_B,M16,,,,,STEEL,
MAT287,BEARING BALL 6205 ZZ,BEARINGS,EA,SKF,6205-ZZ,PLANT05,CPSE_C,BEARING BALL 6205 ZZ,BEARINGS,EA,SKF,6205 ZZ,PLANT05,CPSE_C,,,,,,,ZZ
MAT288,BALL BEARING 6205 ZZ SKF,BEARINGS,EA,SKF,6205-ZZ,PLANT08,CPSE_D,BALL BEARING 6205 ZZ SKF,BEARINGS,EA,SKF,6205 ZZ,PLANT08,CPSE_D,,,,,,,ZZ
MAT289,DEEP GROOVE BALL BEARING 6206 2RS,BEARINGS,EA,FAG,6206-2RS,PLANT01,CPSE_A,DEEP GROOVE BALL BEARING 6206 2RS,BEARINGS,EA,FAG,6206 2RS,PLANT01,CPSE_A,,,,,,,2RS
MAT290,6206 DOUBLE SEALED BALL BEARING FAG,BEARINGS,EA,FAG,6206-2RS,PLANT04,CPSE_B,6206 DOUBLE SEALED BALL BEARING FAG,BEARINGS,EA,FAG,6206 2RS,PLANT04,CPSE_B,,,,,,,
MAT291,INDUSTRIAL LUBRICANT ISO VG 68,LUBRICANTS,LTR,SERVO,ISO68,PLANT05,CPSE_C,INDUSTRIAL LUBRICANT ISO VG 68,LUBRICANTS,LTR,SERVO,ISO68,PLANT05,CPSE_C,,,,,,,ISO VG 68
MAT292,HYDRAULIC OIL ISO VG 68,LUBRICANTS,LTR,SERVO,ISO68,PLANT08,CPSE_D,HYDRAULIC OIL ISO VG 68,LUBRICANTS,LTR,SERVO,ISO68,PLANT08,CPSE_D,,,,,,,ISO VG 68
MAT293,GEAR OIL SAE 90,LUBRICANTS,LTR,CASTROL,SAE90,PLANT01,CPSE_A,GEAR OIL SAE 90,LUBRICANTS,LTR,CASTROL,SAE90,PLANT01,CPSE_A,,,,,,,SAE 90
MAT294,INDUSTRIAL GEAR LUBRICANT SAE 90,LUBRICANTS,LTR,CASTROL,SAE90,PLANT04,CPSE_B,INDUSTRIAL GEAR LUBRICANT SAE 90,LUBRICANTS,LTR,CASTROL,SAE90,PLANT04,CPSE_B,,,,,,,SAE 90
MAT295,POWER CABLE 4 CORE 1.1 KV XLPE,CABLES,MTR,POLYCAB,4C-1.1KV,PLANT05,CPSE_C,POWER CABLE 4 CORE 1 1 KV XLPE,CABLES,MTR,POLYCAB,4C 1 1KV,PLANT05,CPSE_C,,,1.1 KV,,4.0,XLPE,XLPE
MAT296,4 CORE XLPE POWER CABLE 1100 VOLT,CABLES,MTR,POLYCAB,4C-1.1KV,PLANT08,CPSE_D,4 CORE XLPE POWER CABLE 1100 VOLT,CABLES,MTR,POLYCAB,4C 1 1KV,PLANT08,CPSE_D,,,1100 VOLT,,4.0,XLPE,XLPE
MAT297,PVC INSULATED CONTROL CABLE 2.5 SQ MM,CABLES,MTR,FINOLEX,2.5SQMM,PLANT01,CPSE_A,PVC INSULATED CONTROL CABLE 2 5 SQ MM,CABLES,MTR,FINOLEX,2 5SQMM,PLANT01,CPSE_A,,,,,,PVC,
MAT298,CONTROL CABLE PVC 2.5 MM2,CABLES,MTR,FINOLEX,2.5SQMM,PLANT04,CPSE_B,CONTROL CABLE PVC 2 5 MM2,CABLES,MTR,FINOLEX,2 5SQMM,PLANT04,CPSE_B,,,,,,PVC,
MAT299,INDUSTRIAL SAFETY HELMET ABS,SAFETY,EA,KARAM,HELMET-ABS,PLANT05,CPSE_C,INDUSTRIAL SAFETY HELMET ABS,SAFETY,EA,KARAM,HELMET ABS,PLANT05,CPSE_C,,,,,,ABS,
MAT300,ABS HARD HAT INDUSTRIAL SAFETY,SAFETY,EA,KARAM,HELMET-ABS,PLANT08,CPSE_D,ABS HARD HAT INDUSTRIAL SAFETY,SAFETY,EA,KARAM,HELMET ABS,PLANT08,CPSE_D,,,,,,ABS,
