source_material_id,cpse,source_description,standardized_description,material_group,material_type,size,length,voltage,diameter,core_count,standard,manufacturer,part_number,unit_of_measure,classification_confidence,technical_completeness,standardization_confidence,confidence_band,missing_attributes,classification_method,standardization_method,standardization_version,recommendation_status
MAT001,,HEX BOLT M16 X 80 MM HIGH TENSILE STEEL,FASTENERS TVS M16-80-HT,FASTENERS,,,,,,,,TVS,M16-80-HT,EA,0.95,0.333,0.642,VERY_LOW,material_type; standard,SOURCE_FIELD,RULE_ASSISTED_BASELINE,cpse-material-standardizer-v3,REVIEW_REQUIRED
MAT002,,M16 HEXAGONAL BOLT 80MM HT STEEL,FASTENERS TVS M16-80-HT,FASTENERS,,,,,,,,TVS,M16-80-HT,EA,0.95,0.333,0.642,VERY_LOW,material_type; standard,SOURCE_FIELD,RULE_ASSISTED_BASELINE,cpse-material-standardizer-v3,REVIEW_REQUIRED
MAT003,,HEX NUT M16 HIGH TENSILE STEEL,FASTENERS TVS M16-NUT-HT,FASTENERS,,,,,,,,TVS,M16-NUT-HT,EA,0.95,0.333,0.642,VERY_LOW,material_type; standard,SOURCE_FIELD,RULE_ASSISTED_BASELINE,cpse-material-standardizer-v3,REVIEW_REQUIRED
MAT004,,M16 HEX NUT HT STEEL,FASTENERS TVS M16-NUT-HT,FASTENERS,,,,,,,,TVS,M16-NUT-HT,EA,0.95,0.333,0.642,VERY_LOW,material_type; standard,SOURCE_FIELD,RULE_ASSISTED_BASELINE,cpse-material-standardizer-v3,REVIEW_REQUIRED
MAT005,,FLAT WASHER M16 MS,FASTENERS UNBRANDED M16-WASHER,FASTENERS,,,,,,,,UNBRANDED,M16-WASHER,EA,0.95,0.333,0.642,VERY_LOW,material_type; standard,SOURCE_FIELD,RULE_ASSISTED_BASELINE,cpse-material-standardizer-v3,REVIEW_REQUIRED
MAT006,,M16 PLAIN WASHER MILD STEEL,FASTENERS UNBRANDED M16-WASHER,FASTENERS,,,,,,,,UNBRANDED,M16-WASHER,EA,0.95,0.333,0.642,VERY_LOW,material_type; standard,SOURCE_FIELD,RULE_ASSISTED_BASELINE,cpse-material-standardizer-v3,REVIEW_REQUIRED
MAT007,,BEARING BALL 6205 ZZ,BEARINGS SKF 6205-ZZ,BEARINGS,,,,,,,,SKF,6205-ZZ,EA,0.95,0.333,0.642,VERY_LOW,material_type; standard,SOURCE_FIELD,RULE_ASSISTED_BASELINE,cpse-material-standardizer-v3,REVIEW_REQUIRED
MAT008,,BALL BEARING 6205 ZZ SKF,BEARINGS SKF 6205-ZZ,BEARINGS,,,,,,,,SKF,6205-ZZ,EA,0.95,0.333,0.642,VERY_LOW,material_type; standard,SOURCE_FIELD,RULE_ASSISTED_BASELINE,cpse-material-standardizer-v3,REVIEW_REQUIRED
MAT009,,DEEP GROOVE BALL BEARING 6206 2RS,BEARINGS FAG 6206-2RS,BEARINGS,,,,,,,,FAG,6206-2RS,EA,0.95,0.333,0.642,VERY_LOW,material_type; standard,SOURCE_FIELD,RULE_ASSISTED_BASELINE,cpse-material-standardizer-v3,REVIEW_REQUIRED
MAT010,,6206 DOUBLE SEALED BALL BEARING FAG,BEARINGS FAG 6206-2RS,BEARINGS,,,,,,,,FAG,6206-2RS,EA,0.95,0.333,0.642,VERY_LOW,material_type; standard,SOURCE_FIELD,RULE_ASSISTED_BASELINE,cpse-material-standardizer-v3,REVIEW_REQUIRED
MAT011,,INDUSTRIAL LUBRICANT ISO VG 68,LUBRICANTS ISO SERVO ISO68,LUBRICANTS,,,,,,,ISO,SERVO,ISO68,L,0.95,0.667,0.808,MEDIUM,material_type,SOURCE_FIELD,RULE_ASSISTED_BASELINE,cpse-material-standardizer-v3,REVIEW_REQUIRED
MAT012,,HYDRAULIC OIL ISO VG 68,LUBRICANTS ISO SERVO ISO68,LUBRICANTS,,,,,,,ISO,SERVO,ISO68,L,0.95,0.667,0.808,MEDIUM,material_type,SOURCE_FIELD,RULE_ASSISTED_BASELINE,cpse-material-standardizer-v3,REVIEW_REQUIRED
MAT013,,GEAR OIL SAE 90,LUBRICANTS CASTROL SAE90,LUBRICANTS,,,,,,,,CASTROL,SAE90,L,0.95,0.333,0.642,VERY_LOW,material_type; standard,SOURCE_FIELD,RULE_ASSISTED_BASELINE,cpse-material-standardizer-v3,REVIEW_REQUIRED
MAT014,,INDUSTRIAL GEAR LUBRICANT SAE 90,LUBRICANTS CASTROL SAE90,LUBRICANTS,,,,,,,,CASTROL,SAE90,L,0.95,0.333,0.642,VERY_LOW,material_type; standard,SOURCE_FIELD,RULE_ASSISTED_BASELINE,cpse-material-standardizer-v3,REVIEW_REQUIRED
MAT015,,POWER CABLE 4 CORE 1.1 KV XLPE,CABLES 1 POLYCAB 4C-1.1KV,CABLES,,,,,,1,,POLYCAB,4C-1.1KV,M,0.95,0.333,0.642,VERY_LOW,material_type; standard,SOURCE_FIELD,RULE_ASSISTED_BASELINE,cpse-material-standardizer-v3,REVIEW_REQUIRED
MAT016,,4 CORE XLPE POWER CABLE 1100 VOLT,CABLES POLYCAB 4C-1.1KV,CABLES,,,,,,,,POLYCAB,4C-1.1KV,M,0.95,0.333,0.642,VERY_LOW,material_type; standard,SOURCE_FIELD,RULE_ASSISTED_BASELINE,cpse-material-standardizer-v3,REVIEW_REQUIRED
MAT017,,PVC INSULATED CONTROL CABLE 2.5 SQ MM,CABLES FINOLEX 2.5SQMM,CABLES,,,,,,,,FINOLEX,2.5SQMM,M,0.95,0.333,0.642,VERY_LOW,material_type; standard,SOURCE_FIELD,RULE_ASSISTED_BASELINE,cpse-material-standardizer-v3,REVIEW_REQUIRED
MAT018,,CONTROL CABLE PVC 2.5 MM2,CABLES 2 FINOLEX 2.5SQMM,CABLES,,,,,,2,,FINOLEX,2.5SQMM,M,0.95,0.333,0.642,VERY_LOW,material_type; standard,SOURCE_FIELD,RULE_ASSISTED_BASELINE,cpse-material-standardizer-v3,REVIEW_REQUIRED
MAT019,,INDUSTRIAL SAFETY HELMET ABS,SAFETY KARAM HELMET-ABS,SAFETY,,,,,,,,KARAM,HELMET-ABS,EA,0.95,0.333,0.642,VERY_LOW,material_type; standard,SOURCE_FIELD,RULE_ASSISTED_BASELINE,cpse-material-standardizer-v3,REVIEW_REQUIRED
MAT020,,ABS HARD HAT INDUSTRIAL SAFETY,SAFETY KARAM HELMET-ABS,SAFETY,,,,,,,,KARAM,HELMET-ABS,EA,0.95,0.333,0.642,VERY_LOW,material_type; standard,SOURCE_FIELD,RULE_ASSISTED_BASELINE,cpse-material-standardizer-v3,REVIEW_REQUIRED
MAT021,,HEX BOLT M16 X 80 MM HIGH TENSILE STEEL,FASTENERS TVS M16-80-HT,FASTENERS,,,,,,,,TVS,M16-80-HT,EA,0.95,0.333,0.642,VERY_LOW,material_type; standard,SOURCE_FIELD,RULE_ASSISTED_BASELINE,cpse-material-standardizer-v3,REVIEW_REQUIRED
MAT022,,M16 HEXAGONAL BOLT 80MM HT STEEL,FASTENERS TVS M16-80-HT,FASTENERS,,,,,,,,TVS,M16-80-HT,EA,0.95,0.333,0.642,VERY_LOW,material_type; standard,SOURCE_FIELD,RULE_ASSISTED_BASELINE,cpse-material-standardizer-v3,REVIEW_REQUIRED
MAT023,,HEX NUT M16 HIGH TENSILE STEEL,FASTENERS TVS M16-NUT-HT,FASTENERS,,,,,,,,TVS,M16-NUT-HT,EA,0.95,0.333,0.642,VERY_LOW,material_type; standard,SOURCE_FIELD,RULE_ASSISTED_BASELINE,cpse-material-standardizer-v3,REVIEW_REQUIRED
MAT024,,M16 HEX NUT HT STEEL,FASTENERS TVS M16-NUT-HT,FASTENERS,,,,,,,,TVS,M16-NUT-HT,EA,0.95,0.333,0.642,VERY_LOW,material_type; standard,SOURCE_FIELD,RULE_ASSISTED_BASELINE,cpse-material-standardizer-v3,REVIEW_REQUIRED
MAT025,,FLAT WASHER M16 MS,FASTENERS UNBRANDED M16-WASHER,FASTENERS,,,,,,,,UNBRANDED,M16-WASHER,EA,0.95,0.333,0.642,VERY_LOW,material_type; standard,SOURCE_FIELD,RULE_ASSISTED_BASELINE,cpse-material-standardizer-v3,REVIEW_REQUIRED
MAT026,,M16 PLAIN WASHER MILD STEEL,FASTENERS UNBRANDED M16-WASHER,FASTENERS,,,,,,,,UNBRANDED,M16-WASHER,EA,0.95,0.333,0.642,VERY_LOW,material_type; standard,SOURCE_FIELD,RULE_ASSISTED_BASELINE,cpse-material-standardizer-v3,REVIEW_REQUIRED
MAT027,,BEARING BALL 6205 ZZ,BEARINGS SKF 6205-ZZ,BEARINGS,,,,,,,,SKF,6205-ZZ,EA,0.95,0.333,0.642,VERY_LOW,material_type; standard,SOURCE_FIELD,RULE_ASSISTED_BASELINE,cpse-material-standardizer-v3,REVIEW_REQUIRED
MAT028,,BALL BEARING 6205 ZZ SKF,BEARINGS SKF 6205-ZZ,BEARINGS,,,,,,,,SKF,6205-ZZ,EA,0.95,0.333,0.642,VERY_LOW,material_type; standard,SOURCE_FIELD,RULE_ASSISTED_BASELINE,cpse-material-standardizer-v3,REVIEW_REQUIRED
MAT029,,DEEP GROOVE BALL BEARING 6206 2RS,BEARINGS FAG 6206-2RS,BEARINGS,,,,,,,,FAG,6206-2RS,EA,0.95,0.333,0.642,VERY_LOW,material_type; standard,SOURCE_FIELD,RULE_ASSISTED_BASELINE,cpse-material-standardizer-v3,REVIEW_REQUIRED
MAT030,,6206 DOUBLE SEALED BALL BEARING FAG,BEARINGS FAG 6206-2RS,BEARINGS,,,,,,,,FAG,6206-2RS,EA,0.95,0.333,0.642,VERY_LOW,material_type; standard,SOURCE_FIELD,RULE_ASSISTED_BASELINE,cpse-material-standardizer-v3,REVIEW_REQUIRED
MAT031,,INDUSTRIAL LUBRICANT ISO VG 68,LUBRICANTS ISO SERVO ISO68,LUBRICANTS,,,,,,,ISO,SERVO,ISO68,L,0.95,0.667,0.808,MEDIUM,material_type,SOURCE_FIELD,RULE_ASSISTED_BASELINE,cpse-material-standardizer-v3,REVIEW_REQUIRED
MAT032,,HYDRAULIC OIL ISO VG 68,LUBRICANTS ISO SERVO ISO68,LUBRICANTS,,,,,,,ISO,SERVO,ISO68,L,0.95,0.667,0.808,MEDIUM,material_type,SOURCE_FIELD,RULE_ASSISTED_BASELINE,cpse-material-standardizer-v3,REVIEW_REQUIRED
MAT033,,GEAR OIL SAE 90,LUBRICANTS CASTROL SAE90,LUBRICANTS,,,,,,,,CASTROL,SAE90,L,0.95,0.333,0.642,VERY_LOW,material_type; standard,SOURCE_FIELD,RULE_ASSISTED_BASELINE,cpse-material-standardizer-v3,REVIEW_REQUIRED
MAT034,,INDUSTRIAL GEAR LUBRICANT SAE 90,LUBRICANTS CASTROL SAE90,LUBRICANTS,,,,,,,,CASTROL,SAE90,L,0.95,0.333,0.642,VERY_LOW,material_type; standard,SOURCE_FIELD,RULE_ASSISTED_BASELINE,cpse-material-standardizer-v3,REVIEW_REQUIRED
MAT035,,POWER CABLE 4 CORE 1.1 KV XLPE,CABLES 1 POLYCAB 4C-1.1KV,CABLES,,,,,,1,,POLYCAB,4C-1.1KV,M,0.95,0.333,0.642,VERY_LOW,material_type; standard,SOURCE_FIELD,RULE_ASSISTED_BASELINE,cpse-material-standardizer-v3,REVIEW_REQUIRED
MAT036,,4 CORE XLPE POWER CABLE 1100 VOLT,CABLES POLYCAB 4C-1.1KV,CABLES,,,,,,,,POLYCAB,4C-1.1KV,M,0.95,0.333,0.642,VERY_LOW,material_type; standard,SOURCE_FIELD,RULE_ASSISTED_BASELINE,cpse-material-standardizer-v3,REVIEW_REQUIRED
MAT037,,PVC INSULATED CONTROL CABLE 2.5 SQ MM,CABLES FINOLEX 2.5SQMM,CABLES,,,,,,,,FINOLEX,2.5SQMM,M,0.95,0.333,0.642,VERY_LOW,material_type; standard,SOURCE_FIELD,RULE_ASSISTED_BASELINE,cpse-material-standardizer-v3,REVIEW_REQUIRED
MAT038,,CONTROL CABLE PVC 2.5 MM2,CABLES 2 FINOLEX 2.5SQMM,CABLES,,,,,,2,,FINOLEX,2.5SQMM,M,0.95,0.333,0.642,VERY_LOW,material_type; standard,SOURCE_FIELD,RULE_ASSISTED_BASELINE,cpse-material-standardizer-v3,REVIEW_REQUIRED
MAT039,,INDUSTRIAL SAFETY HELMET ABS,SAFETY KARAM HELMET-ABS,SAFETY,,,,,,,,KARAM,HELMET-ABS,EA,0.95,0.333,0.642,VERY_LOW,material_type; standard,SOURCE_FIELD,RULE_ASSISTED_BASELINE,cpse-material-standardizer-v3,REVIEW_REQUIRED
MAT040,,ABS HARD HAT INDUSTRIAL SAFETY,SAFETY KARAM HELMET-ABS,SAFETY,,,,,,,,KARAM,HELMET-ABS,EA,0.95,0.333,0.642,VERY_LOW,material_type; standard,SOURCE_FIELD,RULE_ASSISTED_BASELINE,cpse-material-standardizer-v3,REVIEW_REQUIRED
MAT041,,HEX BOLT M16 X 80 MM HIGH TENSILE STEEL,FASTENERS TVS M16-80-HT,FASTENERS,,,,,,,,TVS,M16-80-HT,EA,0.95,0.333,0.642,VERY_LOW,material_type; standard,SOURCE_FIELD,RULE_ASSISTED_BASELINE,cpse-material-standardizer-v3,REVIEW_REQUIRED
MAT042,,M16 HEXAGONAL BOLT 80MM HT STEEL,FASTENERS TVS M16-80-HT,FASTENERS,,,,,,,,TVS,M16-80-HT,EA,0.95,0.333,0.642,VERY_LOW,material_type; standard,SOURCE_FIELD,RULE_ASSISTED_BASELINE,cpse-material-standardizer-v3,REVIEW_REQUIRED
MAT043,,HEX NUT M16 HIGH TENSILE STEEL,FASTENERS TVS M16-NUT-HT,FASTENERS,,,,,,,,TVS,M16-NUT-HT,EA,0.95,0.333,0.642,VERY_LOW,material_type; standard,SOURCE_FIELD,RULE_ASSISTED_BASELINE,cpse-material-standardizer-v3,REVIEW_REQUIRED
MAT044,,M16 HEX NUT HT STEEL,FASTENERS TVS M16-NUT-HT,FASTENERS,,,,,,,,TVS,M16-NUT-HT,EA,0.95,0.333,0.642,VERY_LOW,material_type; standard,SOURCE_FIELD,RULE_ASSISTED_BASELINE,cpse-material-standardizer-v3,REVIEW_REQUIRED
MAT045,,FLAT WASHER M16 MS,FASTENERS UNBRANDED M16-WASHER,FASTENERS,,,,,,,,UNBRANDED,M16-WASHER,EA,0.95,0.333,0.642,VERY_LOW,material_type; standard,SOURCE_FIELD,RULE_ASSISTED_BASELINE,cpse-material-standardizer-v3,REVIEW_REQUIRED
MAT046,,M16 PLAIN WASHER MILD STEEL,FASTENERS UNBRANDED M16-WASHER,FASTENERS,,,,,,,,UNBRANDED,M16-WASHER,EA,0.95,0.333,0.642,VERY_LOW,material_type; standard,SOURCE_FIELD,RULE_ASSISTED_BASELINE,cpse-material-standardizer-v3,REVIEW_REQUIRED
MAT047,,BEARING BALL 6205 ZZ,BEARINGS SKF 6205-ZZ,BEARINGS,,,,,,,,SKF,6205-ZZ,EA,0.95,0.333,0.642,VERY_LOW,material_type; standard,SOURCE_FIELD,RULE_ASSISTED_BASELINE,cpse-material-standardizer-v3,REVIEW_REQUIRED
MAT048,,BALL BEARING 6205 ZZ SKF,BEARINGS SKF 6205-ZZ,BEARINGS,,,,,,,,SKF,6205-ZZ,EA,0.95,0.333,0.642,VERY_LOW,material_type; standard,SOURCE_FIELD,RULE_ASSISTED_BASELINE,cpse-material-standardizer-v3,REVIEW_REQUIRED
MAT049,,DEEP GROOVE BALL BEARING 6206 2RS,BEARINGS FAG 6206-2RS,BEARINGS,,,,,,,,FAG,6206-2RS,EA,0.95,0.333,0.642,VERY_LOW,material_type; standard,SOURCE_FIELD,RULE_ASSISTED_BASELINE,cpse-material-standardizer-v3,REVIEW_REQUIRED
MAT050,,6206 DOUBLE SEALED BALL BEARING FAG,BEARINGS FAG 6206-2RS,BEARINGS,,,,,,,,FAG,6206-2RS,EA,0.95,0.333,0.642,VERY_LOW,material_type; standard,SOURCE_FIELD,RULE_ASSISTED_BASELINE,cpse-material-standardizer-v3,REVIEW_REQUIRED
MAT051,,INDUSTRIAL LUBRICANT ISO VG 68,LUBRICANTS ISO SERVO ISO68,LUBRICANTS,,,,,,,ISO,SERVO,ISO68,L,0.95,0.667,0.808,MEDIUM,material_type,SOURCE_FIELD,RULE_ASSISTED_BASELINE,cpse-material-standardizer-v3,REVIEW_REQUIRED
MAT052,,HYDRAULIC OIL ISO VG 68,LUBRICANTS ISO SERVO ISO68,LUBRICANTS,,,,,,,ISO,SERVO,ISO68,L,0.95,0.667,0.808,MEDIUM,material_type,SOURCE_FIELD,RULE_ASSISTED_BASELINE,cpse-material-standardizer-v3,REVIEW_REQUIRED
MAT053,,GEAR OIL SAE 90,LUBRICANTS CASTROL SAE90,LUBRICANTS,,,,,,,,CASTROL,SAE90,L,0.95,0.333,0.642,VERY_LOW,material_type; standard,SOURCE_FIELD,RULE_ASSISTED_BASELINE,cpse-material-standardizer-v3,REVIEW_REQUIRED
MAT054,,INDUSTRIAL GEAR LUBRICANT SAE 90,LUBRICANTS CASTROL SAE90,LUBRICANTS,,,,,,,,CASTROL,SAE90,L,0.95,0.333,0.642,VERY_LOW,material_type; standard,SOURCE_FIELD,RULE_ASSISTED_BASELINE,cpse-material-standardizer-v3,REVIEW_REQUIRED
MAT055,,POWER CABLE 4 CORE 1.1 KV XLPE,CABLES 1 POLYCAB 4C-1.1KV,CABLES,,,,,,1,,POLYCAB,4C-1.1KV,M,0.95,0.333,0.642,VERY_LOW,material_type; standard,SOURCE_FIELD,RULE_ASSISTED_BASELINE,cpse-material-standardizer-v3,REVIEW_REQUIRED
MAT056,,4 CORE XLPE POWER CABLE 1100 VOLT,CABLES POLYCAB 4C-1.1KV,CABLES,,,,,,,,POLYCAB,4C-1.1KV,M,0.95,0.333,0.642,VERY_LOW,material_type; standard,SOURCE_FIELD,RULE_ASSISTED_BASELINE,cpse-material-standardizer-v3,REVIEW_REQUIRED
MAT057,,PVC INSULATED CONTROL CABLE 2.5 SQ MM,CABLES FINOLEX 2.5SQMM,CABLES,,,,,,,,FINOLEX,2.5SQMM,M,0.95,0.333,0.642,VERY_LOW,material_type; standard,SOURCE_FIELD,RULE_ASSISTED_BASELINE,cpse-material-standardizer-v3,REVIEW_REQUIRED
MAT058,,CONTROL CABLE PVC 2.5 MM2,CABLES 2 FINOLEX 2.5SQMM,CABLES,,,,,,2,,FINOLEX,2.5SQMM,M,0.95,0.333,0.642,VERY_LOW,material_type; standard,SOURCE_FIELD,RULE_ASSISTED_BASELINE,cpse-material-standardizer-v3,REVIEW_REQUIRED
MAT059,,INDUSTRIAL SAFETY HELMET ABS,SAFETY KARAM HELMET-ABS,SAFETY,,,,,,,,KARAM,HELMET-ABS,EA,0.95,0.333,0.642,VERY_LOW,material_type; standard,SOURCE_FIELD,RULE_ASSISTED_BASELINE,cpse-material-standardizer-v3,REVIEW_REQUIRED
MAT060,,ABS HARD HAT INDUSTRIAL SAFETY,SAFETY KARAM HELMET-ABS,SAFETY,,,,,,,,KARAM,HELMET-ABS,EA,0.95,0.333,0.642,VERY_LOW,material_type; standard,SOURCE_FIELD,RULE_ASSISTED_BASELINE,cpse-material-standardizer-v3,REVIEW_REQUIRED
MAT061,,HEX BOLT M16 X 80 MM HIGH TENSILE STEEL,FASTENERS TVS M16-80-HT,FASTENERS,,,,,,,,TVS,M16-80-HT,EA,0.95,0.333,0.642,VERY_LOW,material_type; standard,SOURCE_FIELD,RULE_ASSISTED_BASELINE,cpse-material-standardizer-v3,REVIEW_REQUIRED
MAT062,,M16 HEXAGONAL BOLT 80MM HT STEEL,FASTENERS TVS M16-80-HT,FASTENERS,,,,,,,,TVS,M16-80-HT,EA,0.95,0.333,0.642,VERY_LOW,material_type; standard,SOURCE_FIELD,RULE_ASSISTED_BASELINE,cpse-material-standardizer-v3,REVIEW_REQUIRED
MAT063,,HEX NUT M16 HIGH TENSILE STEEL,FASTENERS TVS M16-NUT-HT,FASTENERS,,,,,,,,TVS,M16-NUT-HT,EA,0.95,0.333,0.642,VERY_LOW,material_type; standard,SOURCE_FIELD,RULE_ASSISTED_BASELINE,cpse-material-standardizer-v3,REVIEW_REQUIRED
MAT064,,M16 HEX NUT HT STEEL,FASTENERS TVS M16-NUT-HT,FASTENERS,,,,,,,,TVS,M16-NUT-HT,EA,0.95,0.333,0.642,VERY_LOW,material_type; standard,SOURCE_FIELD,RULE_ASSISTED_BASELINE,cpse-material-standardizer-v3,REVIEW_REQUIRED
MAT065,,FLAT WASHER M16 MS,FASTENERS UNBRANDED M16-WASHER,FASTENERS,,,,,,,,UNBRANDED,M16-WASHER,EA,0.95,0.333,0.642,VERY_LOW,material_type; standard,SOURCE_FIELD,RULE_ASSISTED_BASELINE,cpse-material-standardizer-v3,REVIEW_REQUIRED
MAT066,,M16 PLAIN WASHER MILD STEEL,FASTENERS UNBRANDED M16-WASHER,FASTENERS,,,,,,,,UNBRANDED,M16-WASHER,EA,0.95,0.333,0.642,VERY_LOW,material_type; standard,SOURCE_FIELD,RULE_ASSISTED_BASELINE,cpse-material-standardizer-v3,REVIEW_REQUIRED
MAT067,,BEARING BALL 6205 ZZ,BEARINGS SKF 6205-ZZ,BEARINGS,,,,,,,,SKF,6205-ZZ,EA,0.95,0.333,0.642,VERY_LOW,material_type; standard,SOURCE_FIELD,RULE_ASSISTED_BASELINE,cpse-material-standardizer-v3,REVIEW_REQUIRED
MAT068,,BALL BEARING 6205 ZZ SKF,BEARINGS SKF 6205-ZZ,BEARINGS,,,,,,,,SKF,6205-ZZ,EA,0.95,0.333,0.642,VERY_LOW,material_type; standard,SOURCE_FIELD,RULE_ASSISTED_BASELINE,cpse-material-standardizer-v3,REVIEW_REQUIRED
MAT069,,DEEP GROOVE BALL BEARING 6206 2RS,BEARINGS FAG 6206-2RS,BEARINGS,,,,,,,,FAG,6206-2RS,EA,0.95,0.333,0.642,VERY_LOW,material_type; standard,SOURCE_FIELD,RULE_ASSISTED_BASELINE,cpse-material-standardizer-v3,REVIEW_REQUIRED
MAT070,,6206 DOUBLE SEALED BALL BEARING FAG,BEARINGS FAG 6206-2RS,BEARINGS,,,,,,,,FAG,6206-2RS,EA,0.95,0.333,0.642,VERY_LOW,material_type; standard,SOURCE_FIELD,RULE_ASSISTED_BASELINE,cpse-material-standardizer-v3,REVIEW_REQUIRED
MAT071,,INDUSTRIAL LUBRICANT ISO VG 68,LUBRICANTS ISO SERVO ISO68,LUBRICANTS,,,,,,,ISO,SERVO,ISO68,L,0.95,0.667,0.808,MEDIUM,material_type,SOURCE_FIELD,RULE_ASSISTED_BASELINE,cpse-material-standardizer-v3,REVIEW_REQUIRED
MAT072,,HYDRAULIC OIL ISO VG 68,LUBRICANTS ISO SERVO ISO68,LUBRICANTS,,,,,,,ISO,SERVO,ISO68,L,0.95,0.667,0.808,MEDIUM,material_type,SOURCE_FIELD,RULE_ASSISTED_BASELINE,cpse-material-standardizer-v3,REVIEW_REQUIRED
MAT073,,GEAR OIL SAE 90,LUBRICANTS CASTROL SAE90,LUBRICANTS,,,,,,,,CASTROL,SAE90,L,0.95,0.333,0.642,VERY_LOW,material_type; standard,SOURCE_FIELD,RULE_ASSISTED_BASELINE,cpse-material-standardizer-v3,REVIEW_REQUIRED
MAT074,,INDUSTRIAL GEAR LUBRICANT SAE 90,LUBRICANTS CASTROL SAE90,LUBRICANTS,,,,,,,,CASTROL,SAE90,L,0.95,0.333,0.642,VERY_LOW,material_type; standard,SOURCE_FIELD,RULE_ASSISTED_BASELINE,cpse-material-standardizer-v3,REVIEW_REQUIRED
MAT075,,POWER CABLE 4 CORE 1.1 KV XLPE,CABLES 1 POLYCAB 4C-1.1KV,CABLES,,,,,,1,,POLYCAB,4C-1.1KV,M,0.95,0.333,0.642,VERY_LOW,material_type; standard,SOURCE_FIELD,RULE_ASSISTED_BASELINE,cpse-material-standardizer-v3,REVIEW_REQUIRED
MAT076,,4 CORE XLPE POWER CABLE 1100 VOLT,CABLES POLYCAB 4C-1.1KV,CABLES,,,,,,,,POLYCAB,4C-1.1KV,M,0.95,0.333,0.642,VERY_LOW,material_type; standard,SOURCE_FIELD,RULE_ASSISTED_BASELINE,cpse-material-standardizer-v3,REVIEW_REQUIRED
MAT077,,PVC INSULATED CONTROL CABLE 2.5 SQ MM,CABLES FINOLEX 2.5SQMM,CABLES,,,,,,,,FINOLEX,2.5SQMM,M,0.95,0.333,0.642,VERY_LOW,material_type; standard,SOURCE_FIELD,RULE_ASSISTED_BASELINE,cpse-material-standardizer-v3,REVIEW_REQUIRED
MAT078,,CONTROL CABLE PVC 2.5 MM2,CABLES 2 FINOLEX 2.5SQMM,CABLES,,,,,,2,,FINOLEX,2.5SQMM,M,0.95,0.333,0.642,VERY_LOW,material_type; standard,SOURCE_FIELD,RULE_ASSISTED_BASELINE,cpse-material-standardizer-v3,REVIEW_REQUIRED
MAT079,,INDUSTRIAL SAFETY HELMET ABS,SAFETY KARAM HELMET-ABS,SAFETY,,,,,,,,KARAM,HELMET-ABS,EA,0.95,0.333,0.642,VERY_LOW,material_type; standard,SOURCE_FIELD,RULE_ASSISTED_BASELINE,cpse-material-standardizer-v3,REVIEW_REQUIRED
MAT080,,ABS HARD HAT INDUSTRIAL SAFETY,SAFETY KARAM HELMET-ABS,SAFETY,,,,,,,,KARAM,HELMET-ABS,EA,0.95,0.333,0.642,VERY_LOW,material_type; standard,SOURCE_FIELD,RULE_ASSISTED_BASELINE,cpse-material-standardizer-v3,REVIEW_REQUIRED
MAT081,,HEX BOLT M16 X 80 MM HIGH TENSILE STEEL,FASTENERS TVS M16-80-HT,FASTENERS,,,,,,,,TVS,M16-80-HT,EA,0.95,0.333,0.642,VERY_LOW,material_type; standard,SOURCE_FIELD,RULE_ASSISTED_BASELINE,cpse-material-standardizer-v3,REVIEW_REQUIRED
MAT082,,M16 HEXAGONAL BOLT 80MM HT STEEL,FASTENERS TVS M16-80-HT,FASTENERS,,,,,,,,TVS,M16-80-HT,EA,0.95,0.333,0.642,VERY_LOW,material_type; standard,SOURCE_FIELD,RULE_ASSISTED_BASELINE,cpse-material-standardizer-v3,REVIEW_REQUIRED
MAT083,,HEX NUT M16 HIGH TENSILE STEEL,FASTENERS TVS M16-NUT-HT,FASTENERS,,,,,,,,TVS,M16-NUT-HT,EA,0.95,0.333,0.642,VERY_LOW,material_type; standard,SOURCE_FIELD,RULE_ASSISTED_BASELINE,cpse-material-standardizer-v3,REVIEW_REQUIRED
MAT084,,M16 HEX NUT HT STEEL,FASTENERS TVS M16-NUT-HT,FASTENERS,,,,,,,,TVS,M16-NUT-HT,EA,0.95,0.333,0.642,VERY_LOW,material_type; standard,SOURCE_FIELD,RULE_ASSISTED_BASELINE,cpse-material-standardizer-v3,REVIEW_REQUIRED
MAT085,,FLAT WASHER M16 MS,FASTENERS UNBRANDED M16-WASHER,FASTENERS,,,,,,,,UNBRANDED,M16-WASHER,EA,0.95,0.333,0.642,VERY_LOW,material_type; standard,SOURCE_FIELD,RULE_ASSISTED_BASELINE,cpse-material-standardizer-v3,REVIEW_REQUIRED
MAT086,,M16 PLAIN WASHER MILD STEEL,FASTENERS UNBRANDED M16-WASHER,FASTENERS,,,,,,,,UNBRANDED,M16-WASHER,EA,0.95,0.333,0.642,VERY_LOW,material_type; standard,SOURCE_FIELD,RULE_ASSISTED_BASELINE,cpse-material-standardizer-v3,REVIEW_REQUIRED
MAT087,,BEARING BALL 6205 ZZ,BEARINGS SKF 6205-ZZ,BEARINGS,,,,,,,,SKF,6205-ZZ,EA,0.95,0.333,0.642,VERY_LOW,material_type; standard,SOURCE_FIELD,RULE_ASSISTED_BASELINE,cpse-material-standardizer-v3,REVIEW_REQUIRED
MAT088,,BALL BEARING 6205 ZZ SKF,BEARINGS SKF 6205-ZZ,BEARINGS,,,,,,,,SKF,6205-ZZ,EA,0.95,0.333,0.642,VERY_LOW,material_type; standard,SOURCE_FIELD,RULE_ASSISTED_BASELINE,cpse-material-standardizer-v3,REVIEW_REQUIRED
MAT089,,DEEP GROOVE BALL BEARING 6206 2RS,BEARINGS FAG 6206-2RS,BEARINGS,,,,,,,,FAG,6206-2RS,EA,0.95,0.333,0.642,VERY_LOW,material_type; standard,SOURCE_FIELD,RULE_ASSISTED_BASELINE,cpse-material-standardizer-v3,REVIEW_REQUIRED
MAT090,,6206 DOUBLE SEALED BALL BEARING FAG,BEARINGS FAG 6206-2RS,BEARINGS,,,,,,,,FAG,6206-2RS,EA,0.95,0.333,0.642,VERY_LOW,material_type; standard,SOURCE_FIELD,RULE_ASSISTED_BASELINE,cpse-material-standardizer-v3,REVIEW_REQUIRED
MAT091,,INDUSTRIAL LUBRICANT ISO VG 68,LUBRICANTS ISO SERVO ISO68,LUBRICANTS,,,,,,,ISO,SERVO,ISO68,L,0.95,0.667,0.808,MEDIUM,material_type,SOURCE_FIELD,RULE_ASSISTED_BASELINE,cpse-material-standardizer-v3,REVIEW_REQUIRED
MAT092,,HYDRAULIC OIL ISO VG 68,LUBRICANTS ISO SERVO ISO68,LUBRICANTS,,,,,,,ISO,SERVO,ISO68,L,0.95,0.667,0.808,MEDIUM,material_type,SOURCE_FIELD,RULE_ASSISTED_BASELINE,cpse-material-standardizer-v3,REVIEW_REQUIRED
MAT093,,GEAR OIL SAE 90,LUBRICANTS CASTROL SAE90,LUBRICANTS,,,,,,,,CASTROL,SAE90,L,0.95,0.333,0.642,VERY_LOW,material_type; standard,SOURCE_FIELD,RULE_ASSISTED_BASELINE,cpse-material-standardizer-v3,REVIEW_REQUIRED
MAT094,,INDUSTRIAL GEAR LUBRICANT SAE 90,LUBRICANTS CASTROL SAE90,LUBRICANTS,,,,,,,,CASTROL,SAE90,L,0.95,0.333,0.642,VERY_LOW,material_type; standard,SOURCE_FIELD,RULE_ASSISTED_BASELINE,cpse-material-standardizer-v3,REVIEW_REQUIRED
MAT095,,POWER CABLE 4 CORE 1.1 KV XLPE,CABLES 1 POLYCAB 4C-1.1KV,CABLES,,,,,,1,,POLYCAB,4C-1.1KV,M,0.95,0.333,0.642,VERY_LOW,material_type; standard,SOURCE_FIELD,RULE_ASSISTED_BASELINE,cpse-material-standardizer-v3,REVIEW_REQUIRED
MAT096,,4 CORE XLPE POWER CABLE 1100 VOLT,CABLES POLYCAB 4C-1.1KV,CABLES,,,,,,,,POLYCAB,4C-1.1KV,M,0.95,0.333,0.642,VERY_LOW,material_type; standard,SOURCE_FIELD,RULE_ASSISTED_BASELINE,cpse-material-standardizer-v3,REVIEW_REQUIRED
MAT097,,PVC INSULATED CONTROL CABLE 2.5 SQ MM,CABLES FINOLEX 2.5SQMM,CABLES,,,,,,,,FINOLEX,2.5SQMM,M,0.95,0.333,0.642,VERY_LOW,material_type; standard,SOURCE_FIELD,RULE_ASSISTED_BASELINE,cpse-material-standardizer-v3,REVIEW_REQUIRED
MAT098,,CONTROL CABLE PVC 2.5 MM2,CABLES 2 FINOLEX 2.5SQMM,CABLES,,,,,,2,,FINOLEX,2.5SQMM,M,0.95,0.333,0.642,VERY_LOW,material_type; standard,SOURCE_FIELD,RULE_ASSISTED_BASELINE,cpse-material-standardizer-v3,REVIEW_REQUIRED
MAT099,,INDUSTRIAL SAFETY HELMET ABS,SAFETY KARAM HELMET-ABS,SAFETY,,,,,,,,KARAM,HELMET-ABS,EA,0.95,0.333,0.642,VERY_LOW,material_type; standard,SOURCE_FIELD,RULE_ASSISTED_BASELINE,cpse-material-standardizer-v3,REVIEW_REQUIRED
MAT100,,ABS HARD HAT INDUSTRIAL SAFETY,SAFETY KARAM HELMET-ABS,SAFETY,,,,,,,,KARAM,HELMET-ABS,EA,0.95,0.333,0.642,VERY_LOW,material_type; standard,SOURCE_FIELD,RULE_ASSISTED_BASELINE,cpse-material-standardizer-v3,REVIEW_REQUIRED
MAT101,,HEX BOLT M16 X 80 MM HIGH TENSILE STEEL,FASTENERS TVS M16-80-HT,FASTENERS,,,,,,,,TVS,M16-80-HT,EA,0.95,0.333,0.642,VERY_LOW,material_type; standard,SOURCE_FIELD,RULE_ASSISTED_BASELINE,cpse-material-standardizer-v3,REVIEW_REQUIRED
MAT102,,M16 HEXAGONAL BOLT 80MM HT STEEL,FASTENERS TVS M16-80-HT,FASTENERS,,,,,,,,TVS,M16-80-HT,EA,0.95,0.333,0.642,VERY_LOW,material_type; standard,SOURCE_FIELD,RULE_ASSISTED_BASELINE,cpse-material-standardizer-v3,REVIEW_REQUIRED
MAT103,,HEX NUT M16 HIGH TENSILE STEEL,FASTENERS TVS M16-NUT-HT,FASTENERS,,,,,,,,TVS,M16-NUT-HT,EA,0.95,0.333,0.642,VERY_LOW,material_type; standard,SOURCE_FIELD,RULE_ASSISTED_BASELINE,cpse-material-standardizer-v3,REVIEW_REQUIRED
MAT104,,M16 HEX NUT HT STEEL,FASTENERS TVS M16-NUT-HT,FASTENERS,,,,,,,,TVS,M16-NUT-HT,EA,0.95,0.333,0.642,VERY_LOW,material_type; standard,SOURCE_FIELD,RULE_ASSISTED_BASELINE,cpse-material-standardizer-v3,REVIEW_REQUIRED
MAT105,,FLAT WASHER M16 MS,FASTENERS UNBRANDED M16-WASHER,FASTENERS,,,,,,,,UNBRANDED,M16-WASHER,EA,0.95,0.333,0.642,VERY_LOW,material_type; standard,SOURCE_FIELD,RULE_ASSISTED_BASELINE,cpse-material-standardizer-v3,REVIEW_REQUIRED
MAT106,,M16 PLAIN WASHER MILD STEEL,FASTENERS UNBRANDED M16-WASHER,FASTENERS,,,,,,,,UNBRANDED,M16-WASHER,EA,0.95,0.333,0.642,VERY_LOW,material_type; standard,SOURCE_FIELD,RULE_ASSISTED_BASELINE,cpse-material-standardizer-v3,REVIEW_REQUIRED
MAT107,,BEARING BALL 6205 ZZ,BEARINGS SKF 6205-ZZ,BEARINGS,,,,,,,,SKF,6205-ZZ,EA,0.95,0.333,0.642,VERY_LOW,material_type; standard,SOURCE_FIELD,RULE_ASSISTED_BASELINE,cpse-material-standardizer-v3,REVIEW_REQUIRED
MAT108,,BALL BEARING 6205 ZZ SKF,BEARINGS SKF 6205-ZZ,BEARINGS,,,,,,,,SKF,6205-ZZ,EA,0.95,0.333,0.642,VERY_LOW,material_type; standard,SOURCE_FIELD,RULE_ASSISTED_BASELINE,cpse-material-standardizer-v3,REVIEW_REQUIRED
MAT109,,DEEP GROOVE BALL BEARING 6206 2RS,BEARINGS FAG 6206-2RS,BEARINGS,,,,,,,,FAG,6206-2RS,EA,0.95,0.333,0.642,VERY_LOW,material_type; standard,SOURCE_FIELD,RULE_ASSISTED_BASELINE,cpse-material-standardizer-v3,REVIEW_REQUIRED
MAT110,,6206 DOUBLE SEALED BALL BEARING FAG,BEARINGS FAG 6206-2RS,BEARINGS,,,,,,,,FAG,6206-2RS,EA,0.95,0.333,0.642,VERY_LOW,material_type; standard,SOURCE_FIELD,RULE_ASSISTED_BASELINE,cpse-material-standardizer-v3,REVIEW_REQUIRED
MAT111,,INDUSTRIAL LUBRICANT ISO VG 68,LUBRICANTS ISO SERVO ISO68,LUBRICANTS,,,,,,,ISO,SERVO,ISO68,L,0.95,0.667,0.808,MEDIUM,material_type,SOURCE_FIELD,RULE_ASSISTED_BASELINE,cpse-material-standardizer-v3,REVIEW_REQUIRED
MAT112,,HYDRAULIC OIL ISO VG 68,LUBRICANTS ISO SERVO ISO68,LUBRICANTS,,,,,,,ISO,SERVO,ISO68,L,0.95,0.667,0.808,MEDIUM,material_type,SOURCE_FIELD,RULE_ASSISTED_BASELINE,cpse-material-standardizer-v3,REVIEW_REQUIRED
MAT113,,GEAR OIL SAE 90,LUBRICANTS CASTROL SAE90,LUBRICANTS,,,,,,,,CASTROL,SAE90,L,0.95,0.333,0.642,VERY_LOW,material_type; standard,SOURCE_FIELD,RULE_ASSISTED_BASELINE,cpse-material-standardizer-v3,REVIEW_REQUIRED
MAT114,,INDUSTRIAL GEAR LUBRICANT SAE 90,LUBRICANTS CASTROL SAE90,LUBRICANTS,,,,,,,,CASTROL,SAE90,L,0.95,0.333,0.642,VERY_LOW,material_type; standard,SOURCE_FIELD,RULE_ASSISTED_BASELINE,cpse-material-standardizer-v3,REVIEW_REQUIRED
MAT115,,POWER CABLE 4 CORE 1.1 KV XLPE,CABLES 1 POLYCAB 4C-1.1KV,CABLES,,,,,,1,,POLYCAB,4C-1.1KV,M,0.95,0.333,0.642,VERY_LOW,material_type; standard,SOURCE_FIELD,RULE_ASSISTED_BASELINE,cpse-material-standardizer-v3,REVIEW_REQUIRED
MAT116,,4 CORE XLPE POWER CABLE 1100 VOLT,CABLES POLYCAB 4C-1.1KV,CABLES,,,,,,,,POLYCAB,4C-1.1KV,M,0.95,0.333,0.642,VERY_LOW,material_type; standard,SOURCE_FIELD,RULE_ASSISTED_BASELINE,cpse-material-standardizer-v3,REVIEW_REQUIRED
MAT117,,PVC INSULATED CONTROL CABLE 2.5 SQ MM,CABLES FINOLEX 2.5SQMM,CABLES,,,,,,,,FINOLEX,2.5SQMM,M,0.95,0.333,0.642,VERY_LOW,material_type; standard,SOURCE_FIELD,RULE_ASSISTED_BASELINE,cpse-material-standardizer-v3,REVIEW_REQUIRED
MAT118,,CONTROL CABLE PVC 2.5 MM2,CABLES 2 FINOLEX 2.5SQMM,CABLES,,,,,,2,,FINOLEX,2.5SQMM,M,0.95,0.333,0.642,VERY_LOW,material_type; standard,SOURCE_FIELD,RULE_ASSISTED_BASELINE,cpse-material-standardizer-v3,REVIEW_REQUIRED
MAT119,,INDUSTRIAL SAFETY HELMET ABS,SAFETY KARAM HELMET-ABS,SAFETY,,,,,,,,KARAM,HELMET-ABS,EA,0.95,0.333,0.642,VERY_LOW,material_type; standard,SOURCE_FIELD,RULE_ASSISTED_BASELINE,cpse-material-standardizer-v3,REVIEW_REQUIRED
MAT120,,ABS HARD HAT INDUSTRIAL SAFETY,SAFETY KARAM HELMET-ABS,SAFETY,,,,,,,,KARAM,HELMET-ABS,EA,0.95,0.333,0.642,VERY_LOW,material_type; standard,SOURCE_FIELD,RULE_ASSISTED_BASELINE,cpse-material-standardizer-v3,REVIEW_REQUIRED
MAT121,,HEX BOLT M16 X 80 MM HIGH TENSILE STEEL,FASTENERS TVS M16-80-HT,FASTENERS,,,,,,,,TVS,M16-80-HT,EA,0.95,0.333,0.642,VERY_LOW,material_type; standard,SOURCE_FIELD,RULE_ASSISTED_BASELINE,cpse-material-standardizer-v3,REVIEW_REQUIRED
MAT122,,M16 HEXAGONAL BOLT 80MM HT STEEL,FASTENERS TVS M16-80-HT,FASTENERS,,,,,,,,TVS,M16-80-HT,EA,0.95,0.333,0.642,VERY_LOW,material_type; standard,SOURCE_FIELD,RULE_ASSISTED_BASELINE,cpse-material-standardizer-v3,REVIEW_REQUIRED
MAT123,,HEX NUT M16 HIGH TENSILE STEEL,FASTENERS TVS M16-NUT-HT,FASTENERS,,,,,,,,TVS,M16-NUT-HT,EA,0.95,0.333,0.642,VERY_LOW,material_type; standard,SOURCE_FIELD,RULE_ASSISTED_BASELINE,cpse-material-standardizer-v3,REVIEW_REQUIRED
MAT124,,M16 HEX NUT HT STEEL,FASTENERS TVS M16-NUT-HT,FASTENERS,,,,,,,,TVS,M16-NUT-HT,EA,0.95,0.333,0.642,VERY_LOW,material_type; standard,SOURCE_FIELD,RULE_ASSISTED_BASELINE,cpse-material-standardizer-v3,REVIEW_REQUIRED
MAT125,,FLAT WASHER M16 MS,FASTENERS UNBRANDED M16-WASHER,FASTENERS,,,,,,,,UNBRANDED,M16-WASHER,EA,0.95,0.333,0.642,VERY_LOW,material_type; standard,SOURCE_FIELD,RULE_ASSISTED_BASELINE,cpse-material-standardizer-v3,REVIEW_REQUIRED
MAT126,,M16 PLAIN WASHER MILD STEEL,FASTENERS UNBRANDED M16-WASHER,FASTENERS,,,,,,,,UNBRANDED,M16-WASHER,EA,0.95,0.333,0.642,VERY_LOW,material_type; standard,SOURCE_FIELD,RULE_ASSISTED_BASELINE,cpse-material-standardizer-v3,REVIEW_REQUIRED
MAT127,,BEARING BALL 6205 ZZ,BEARINGS SKF 6205-ZZ,BEARINGS,,,,,,,,SKF,6205-ZZ,EA,0.95,0.333,0.642,VERY_LOW,material_type; standard,SOURCE_FIELD,RULE_ASSISTED_BASELINE,cpse-material-standardizer-v3,REVIEW_REQUIRED
MAT128,,BALL BEARING 6205 ZZ SKF,BEARINGS SKF 6205-ZZ,BEARINGS,,,,,,,,SKF,6205-ZZ,EA,0.95,0.333,0.642,VERY_LOW,material_type; standard,SOURCE_FIELD,RULE_ASSISTED_BASELINE,cpse-material-standardizer-v3,REVIEW_REQUIRED
MAT129,,DEEP GROOVE BALL BEARING 6206 2RS,BEARINGS FAG 6206-2RS,BEARINGS,,,,,,,,FAG,6206-2RS,EA,0.95,0.333,0.642,VERY_LOW,material_type; standard,SOURCE_FIELD,RULE_ASSISTED_BASELINE,cpse-material-standardizer-v3,REVIEW_REQUIRED
MAT130,,6206 DOUBLE SEALED BALL BEARING FAG,BEARINGS FAG 6206-2RS,BEARINGS,,,,,,,,FAG,6206-2RS,EA,0.95,0.333,0.642,VERY_LOW,material_type; standard,SOURCE_FIELD,RULE_ASSISTED_BASELINE,cpse-material-standardizer-v3,REVIEW_REQUIRED
MAT131,,INDUSTRIAL LUBRICANT ISO VG 68,LUBRICANTS ISO SERVO ISO68,LUBRICANTS,,,,,,,ISO,SERVO,ISO68,L,0.95,0.667,0.808,MEDIUM,material_type,SOURCE_FIELD,RULE_ASSISTED_BASELINE,cpse-material-standardizer-v3,REVIEW_REQUIRED
MAT132,,HYDRAULIC OIL ISO VG 68,LUBRICANTS ISO SERVO ISO68,LUBRICANTS,,,,,,,ISO,SERVO,ISO68,L,0.95,0.667,0.808,MEDIUM,material_type,SOURCE_FIELD,RULE_ASSISTED_BASELINE,cpse-material-standardizer-v3,REVIEW_REQUIRED
MAT133,,GEAR OIL SAE 90,LUBRICANTS CASTROL SAE90,LUBRICANTS,,,,,,,,CASTROL,SAE90,L,0.95,0.333,0.642,VERY_LOW,material_type; standard,SOURCE_FIELD,RULE_ASSISTED_BASELINE,cpse-material-standardizer-v3,REVIEW_REQUIRED
MAT134,,INDUSTRIAL GEAR LUBRICANT SAE 90,LUBRICANTS CASTROL SAE90,LUBRICANTS,,,,,,,,CASTROL,SAE90,L,0.95,0.333,0.642,VERY_LOW,material_type; standard,SOURCE_FIELD,RULE_ASSISTED_BASELINE,cpse-material-standardizer-v3,REVIEW_REQUIRED
MAT135,,POWER CABLE 4 CORE 1.1 KV XLPE,CABLES 1 POLYCAB 4C-1.1KV,CABLES,,,,,,1,,POLYCAB,4C-1.1KV,M,0.95,0.333,0.642,VERY_LOW,material_type; standard,SOURCE_FIELD,RULE_ASSISTED_BASELINE,cpse-material-standardizer-v3,REVIEW_REQUIRED
MAT136,,4 CORE XLPE POWER CABLE 1100 VOLT,CABLES POLYCAB 4C-1.1KV,CABLES,,,,,,,,POLYCAB,4C-1.1KV,M,0.95,0.333,0.642,VERY_LOW,material_type; standard,SOURCE_FIELD,RULE_ASSISTED_BASELINE,cpse-material-standardizer-v3,REVIEW_REQUIRED
MAT137,,PVC INSULATED CONTROL CABLE 2.5 SQ MM,CABLES FINOLEX 2.5SQMM,CABLES,,,,,,,,FINOLEX,2.5SQMM,M,0.95,0.333,0.642,VERY_LOW,material_type; standard,SOURCE_FIELD,RULE_ASSISTED_BASELINE,cpse-material-standardizer-v3,REVIEW_REQUIRED
MAT138,,CONTROL CABLE PVC 2.5 MM2,CABLES 2 FINOLEX 2.5SQMM,CABLES,,,,,,2,,FINOLEX,2.5SQMM,M,0.95,0.333,0.642,VERY_LOW,material_type; standard,SOURCE_FIELD,RULE_ASSISTED_BASELINE,cpse-material-standardizer-v3,REVIEW_REQUIRED
MAT139,,INDUSTRIAL SAFETY HELMET ABS,SAFETY KARAM HELMET-ABS,SAFETY,,,,,,,,KARAM,HELMET-ABS,EA,0.95,0.333,0.642,VERY_LOW,material_type; standard,SOURCE_FIELD,RULE_ASSISTED_BASELINE,cpse-material-standardizer-v3,REVIEW_REQUIRED
MAT140,,ABS HARD HAT INDUSTRIAL SAFETY,SAFETY KARAM HELMET-ABS,SAFETY,,,,,,,,KARAM,HELMET-ABS,EA,0.95,0.333,0.642,VERY_LOW,material_type; standard,SOURCE_FIELD,RULE_ASSISTED_BASELINE,cpse-material-standardizer-v3,REVIEW_REQUIRED
MAT141,,HEX BOLT M16 X 80 MM HIGH TENSILE STEEL,FASTENERS TVS M16-80-HT,FASTENERS,,,,,,,,TVS,M16-80-HT,EA,0.95,0.333,0.642,VERY_LOW,material_type; standard,SOURCE_FIELD,RULE_ASSISTED_BASELINE,cpse-material-standardizer-v3,REVIEW_REQUIRED
MAT142,,M16 HEXAGONAL BOLT 80MM HT STEEL,FASTENERS TVS M16-80-HT,FASTENERS,,,,,,,,TVS,M16-80-HT,EA,0.95,0.333,0.642,VERY_LOW,material_type; standard,SOURCE_FIELD,RULE_ASSISTED_BASELINE,cpse-material-standardizer-v3,REVIEW_REQUIRED
MAT143,,HEX NUT M16 HIGH TENSILE STEEL,FASTENERS TVS M16-NUT-HT,FASTENERS,,,,,,,,TVS,M16-NUT-HT,EA,0.95,0.333,0.642,VERY_LOW,material_type; standard,SOURCE_FIELD,RULE_ASSISTED_BASELINE,cpse-material-standardizer-v3,REVIEW_REQUIRED
MAT144,,M16 HEX NUT HT STEEL,FASTENERS TVS M16-NUT-HT,FASTENERS,,,,,,,,TVS,M16-NUT-HT,EA,0.95,0.333,0.642,VERY_LOW,material_type; standard,SOURCE_FIELD,RULE_ASSISTED_BASELINE,cpse-material-standardizer-v3,REVIEW_REQUIRED
MAT145,,FLAT WASHER M16 MS,FASTENERS UNBRANDED M16-WASHER,FASTENERS,,,,,,,,UNBRANDED,M16-WASHER,EA,0.95,0.333,0.642,VERY_LOW,material_type; standard,SOURCE_FIELD,RULE_ASSISTED_BASELINE,cpse-material-standardizer-v3,REVIEW_REQUIRED
MAT146,,M16 PLAIN WASHER MILD STEEL,FASTENERS UNBRANDED M16-WASHER,FASTENERS,,,,,,,,UNBRANDED,M16-WASHER,EA,0.95,0.333,0.642,VERY_LOW,material_type; standard,SOURCE_FIELD,RULE_ASSISTED_BASELINE,cpse-material-standardizer-v3,REVIEW_REQUIRED
MAT147,,BEARING BALL 6205 ZZ,BEARINGS SKF 6205-ZZ,BEARINGS,,,,,,,,SKF,6205-ZZ,EA,0.95,0.333,0.642,VERY_LOW,material_type; standard,SOURCE_FIELD,RULE_ASSISTED_BASELINE,cpse-material-standardizer-v3,REVIEW_REQUIRED
MAT148,,BALL BEARING 6205 ZZ SKF,BEARINGS SKF 6205-ZZ,BEARINGS,,,,,,,,SKF,6205-ZZ,EA,0.95,0.333,0.642,VERY_LOW,material_type; standard,SOURCE_FIELD,RULE_ASSISTED_BASELINE,cpse-material-standardizer-v3,REVIEW_REQUIRED
MAT149,,DEEP GROOVE BALL BEARING 6206 2RS,BEARINGS FAG 6206-2RS,BEARINGS,,,,,,,,FAG,6206-2RS,EA,0.95,0.333,0.642,VERY_LOW,material_type; standard,SOURCE_FIELD,RULE_ASSISTED_BASELINE,cpse-material-standardizer-v3,REVIEW_REQUIRED
MAT150,,6206 DOUBLE SEALED BALL BEARING FAG,BEARINGS FAG 6206-2RS,BEARINGS,,,,,,,,FAG,6206-2RS,EA,0.95,0.333,0.642,VERY_LOW,material_type; standard,SOURCE_FIELD,RULE_ASSISTED_BASELINE,cpse-material-standardizer-v3,REVIEW_REQUIRED
MAT151,,INDUSTRIAL LUBRICANT ISO VG 68,LUBRICANTS ISO SERVO ISO68,LUBRICANTS,,,,,,,ISO,SERVO,ISO68,L,0.95,0.667,0.808,MEDIUM,material_type,SOURCE_FIELD,RULE_ASSISTED_BASELINE,cpse-material-standardizer-v3,REVIEW_REQUIRED
MAT152,,HYDRAULIC OIL ISO VG 68,LUBRICANTS ISO SERVO ISO68,LUBRICANTS,,,,,,,ISO,SERVO,ISO68,L,0.95,0.667,0.808,MEDIUM,material_type,SOURCE_FIELD,RULE_ASSISTED_BASELINE,cpse-material-standardizer-v3,REVIEW_REQUIRED
MAT153,,GEAR OIL SAE 90,LUBRICANTS CASTROL SAE90,LUBRICANTS,,,,,,,,CASTROL,SAE90,L,0.95,0.333,0.642,VERY_LOW,material_type; standard,SOURCE_FIELD,RULE_ASSISTED_BASELINE,cpse-material-standardizer-v3,REVIEW_REQUIRED
MAT154,,INDUSTRIAL GEAR LUBRICANT SAE 90,LUBRICANTS CASTROL SAE90,LUBRICANTS,,,,,,,,CASTROL,SAE90,L,0.95,0.333,0.642,VERY_LOW,material_type; standard,SOURCE_FIELD,RULE_ASSISTED_BASELINE,cpse-material-standardizer-v3,REVIEW_REQUIRED
MAT155,,POWER CABLE 4 CORE 1.1 KV XLPE,CABLES 1 POLYCAB 4C-1.1KV,CABLES,,,,,,1,,POLYCAB,4C-1.1KV,M,0.95,0.333,0.642,VERY_LOW,material_type; standard,SOURCE_FIELD,RULE_ASSISTED_BASELINE,cpse-material-standardizer-v3,REVIEW_REQUIRED
MAT156,,4 CORE XLPE POWER CABLE 1100 VOLT,CABLES POLYCAB 4C-1.1KV,CABLES,,,,,,,,POLYCAB,4C-1.1KV,M,0.95,0.333,0.642,VERY_LOW,material_type; standard,SOURCE_FIELD,RULE_ASSISTED_BASELINE,cpse-material-standardizer-v3,REVIEW_REQUIRED
MAT157,,PVC INSULATED CONTROL CABLE 2.5 SQ MM,CABLES FINOLEX 2.5SQMM,CABLES,,,,,,,,FINOLEX,2.5SQMM,M,0.95,0.333,0.642,VERY_LOW,material_type; standard,SOURCE_FIELD,RULE_ASSISTED_BASELINE,cpse-material-standardizer-v3,REVIEW_REQUIRED
MAT158,,CONTROL CABLE PVC 2.5 MM2,CABLES 2 FINOLEX 2.5SQMM,CABLES,,,,,,2,,FINOLEX,2.5SQMM,M,0.95,0.333,0.642,VERY_LOW,material_type; standard,SOURCE_FIELD,RULE_ASSISTED_BASELINE,cpse-material-standardizer-v3,REVIEW_REQUIRED
MAT159,,INDUSTRIAL SAFETY HELMET ABS,SAFETY KARAM HELMET-ABS,SAFETY,,,,,,,,KARAM,HELMET-ABS,EA,0.95,0.333,0.642,VERY_LOW,material_type; standard,SOURCE_FIELD,RULE_ASSISTED_BASELINE,cpse-material-standardizer-v3,REVIEW_REQUIRED
MAT160,,ABS HARD HAT INDUSTRIAL SAFETY,SAFETY KARAM HELMET-ABS,SAFETY,,,,,,,,KARAM,HELMET-ABS,EA,0.95,0.333,0.642,VERY_LOW,material_type; standard,SOURCE_FIELD,RULE_ASSISTED_BASELINE,cpse-material-standardizer-v3,REVIEW_REQUIRED
MAT161,,HEX BOLT M16 X 80 MM HIGH TENSILE STEEL,FASTENERS TVS M16-80-HT,FASTENERS,,,,,,,,TVS,M16-80-HT,EA,0.95,0.333,0.642,VERY_LOW,material_type; standard,SOURCE_FIELD,RULE_ASSISTED_BASELINE,cpse-material-standardizer-v3,REVIEW_REQUIRED
MAT162,,M16 HEXAGONAL BOLT 80MM HT STEEL,FASTENERS TVS M16-80-HT,FASTENERS,,,,,,,,TVS,M16-80-HT,EA,0.95,0.333,0.642,VERY_LOW,material_type; standard,SOURCE_FIELD,RULE_ASSISTED_BASELINE,cpse-material-standardizer-v3,REVIEW_REQUIRED
MAT163,,HEX NUT M16 HIGH TENSILE STEEL,FASTENERS TVS M16-NUT-HT,FASTENERS,,,,,,,,TVS,M16-NUT-HT,EA,0.95,0.333,0.642,VERY_LOW,material_type; standard,SOURCE_FIELD,RULE_ASSISTED_BASELINE,cpse-material-standardizer-v3,REVIEW_REQUIRED
MAT164,,M16 HEX NUT HT STEEL,FASTENERS TVS M16-NUT-HT,FASTENERS,,,,,,,,TVS,M16-NUT-HT,EA,0.95,0.333,0.642,VERY_LOW,material_type; standard,SOURCE_FIELD,RULE_ASSISTED_BASELINE,cpse-material-standardizer-v3,REVIEW_REQUIRED
MAT165,,FLAT WASHER M16 MS,FASTENERS UNBRANDED M16-WASHER,FASTENERS,,,,,,,,UNBRANDED,M16-WASHER,EA,0.95,0.333,0.642,VERY_LOW,material_type; standard,SOURCE_FIELD,RULE_ASSISTED_BASELINE,cpse-material-standardizer-v3,REVIEW_REQUIRED
MAT166,,M16 PLAIN WASHER MILD STEEL,FASTENERS UNBRANDED M16-WASHER,FASTENERS,,,,,,,,UNBRANDED,M16-WASHER,EA,0.95,0.333,0.642,VERY_LOW,material_type; standard,SOURCE_FIELD,RULE_ASSISTED_BASELINE,cpse-material-standardizer-v3,REVIEW_REQUIRED
MAT167,,BEARING BALL 6205 ZZ,BEARINGS SKF 6205-ZZ,BEARINGS,,,,,,,,SKF,6205-ZZ,EA,0.95,0.333,0.642,VERY_LOW,material_type; standard,SOURCE_FIELD,RULE_ASSISTED_BASELINE,cpse-material-standardizer-v3,REVIEW_REQUIRED
MAT168,,BALL BEARING 6205 ZZ SKF,BEARINGS SKF 6205-ZZ,BEARINGS,,,,,,,,SKF,6205-ZZ,EA,0.95,0.333,0.642,VERY_LOW,material_type; standard,SOURCE_FIELD,RULE_ASSISTED_BASELINE,cpse-material-standardizer-v3,REVIEW_REQUIRED
MAT169,,DEEP GROOVE BALL BEARING 6206 2RS,BEARINGS FAG 6206-2RS,BEARINGS,,,,,,,,FAG,6206-2RS,EA,0.95,0.333,0.642,VERY_LOW,material_type; standard,SOURCE_FIELD,RULE_ASSISTED_BASELINE,cpse-material-standardizer-v3,REVIEW_REQUIRED
MAT170,,6206 DOUBLE SEALED BALL BEARING FAG,BEARINGS FAG 6206-2RS,BEARINGS,,,,,,,,FAG,6206-2RS,EA,0.95,0.333,0.642,VERY_LOW,material_type; standard,SOURCE_FIELD,RULE_ASSISTED_BASELINE,cpse-material-standardizer-v3,REVIEW_REQUIRED
MAT171,,INDUSTRIAL LUBRICANT ISO VG 68,LUBRICANTS ISO SERVO ISO68,LUBRICANTS,,,,,,,ISO,SERVO,ISO68,L,0.95,0.667,0.808,MEDIUM,material_type,SOURCE_FIELD,RULE_ASSISTED_BASELINE,cpse-material-standardizer-v3,REVIEW_REQUIRED
MAT172,,HYDRAULIC OIL ISO VG 68,LUBRICANTS ISO SERVO ISO68,LUBRICANTS,,,,,,,ISO,SERVO,ISO68,L,0.95,0.667,0.808,MEDIUM,material_type,SOURCE_FIELD,RULE_ASSISTED_BASELINE,cpse-material-standardizer-v3,REVIEW_REQUIRED
MAT173,,GEAR OIL SAE 90,LUBRICANTS CASTROL SAE90,LUBRICANTS,,,,,,,,CASTROL,SAE90,L,0.95,0.333,0.642,VERY_LOW,material_type; standard,SOURCE_FIELD,RULE_ASSISTED_BASELINE,cpse-material-standardizer-v3,REVIEW_REQUIRED
MAT174,,INDUSTRIAL GEAR LUBRICANT SAE 90,LUBRICANTS CASTROL SAE90,LUBRICANTS,,,,,,,,CASTROL,SAE90,L,0.95,0.333,0.642,VERY_LOW,material_type; standard,SOURCE_FIELD,RULE_ASSISTED_BASELINE,cpse-material-standardizer-v3,REVIEW_REQUIRED
MAT175,,POWER CABLE 4 CORE 1.1 KV XLPE,CABLES 1 POLYCAB 4C-1.1KV,CABLES,,,,,,1,,POLYCAB,4C-1.1KV,M,0.95,0.333,0.642,VERY_LOW,material_type; standard,SOURCE_FIELD,RULE_ASSISTED_BASELINE,cpse-material-standardizer-v3,REVIEW_REQUIRED
MAT176,,4 CORE XLPE POWER CABLE 1100 VOLT,CABLES POLYCAB 4C-1.1KV,CABLES,,,,,,,,POLYCAB,4C-1.1KV,M,0.95,0.333,0.642,VERY_LOW,material_type; standard,SOURCE_FIELD,RULE_ASSISTED_BASELINE,cpse-material-standardizer-v3,REVIEW_REQUIRED
MAT177,,PVC INSULATED CONTROL CABLE 2.5 SQ MM,CABLES FINOLEX 2.5SQMM,CABLES,,,,,,,,FINOLEX,2.5SQMM,M,0.95,0.333,0.642,VERY_LOW,material_type; standard,SOURCE_FIELD,RULE_ASSISTED_BASELINE,cpse-material-standardizer-v3,REVIEW_REQUIRED
MAT178,,CONTROL CABLE PVC 2.5 MM2,CABLES 2 FINOLEX 2.5SQMM,CABLES,,,,,,2,,FINOLEX,2.5SQMM,M,0.95,0.333,0.642,VERY_LOW,material_type; standard,SOURCE_FIELD,RULE_ASSISTED_BASELINE,cpse-material-standardizer-v3,REVIEW_REQUIRED
MAT179,,INDUSTRIAL SAFETY HELMET ABS,SAFETY KARAM HELMET-ABS,SAFETY,,,,,,,,KARAM,HELMET-ABS,EA,0.95,0.333,0.642,VERY_LOW,material_type; standard,SOURCE_FIELD,RULE_ASSISTED_BASELINE,cpse-material-standardizer-v3,REVIEW_REQUIRED
MAT180,,ABS HARD HAT INDUSTRIAL SAFETY,SAFETY KARAM HELMET-ABS,SAFETY,,,,,,,,KARAM,HELMET-ABS,EA,0.95,0.333,0.642,VERY_LOW,material_type; standard,SOURCE_FIELD,RULE_ASSISTED_BASELINE,cpse-material-standardizer-v3,REVIEW_REQUIRED
MAT181,,HEX BOLT M16 X 80 MM HIGH TENSILE STEEL,FASTENERS TVS M16-80-HT,FASTENERS,,,,,,,,TVS,M16-80-HT,EA,0.95,0.333,0.642,VERY_LOW,material_type; standard,SOURCE_FIELD,RULE_ASSISTED_BASELINE,cpse-material-standardizer-v3,REVIEW_REQUIRED
MAT182,,M16 HEXAGONAL BOLT 80MM HT STEEL,FASTENERS TVS M16-80-HT,FASTENERS,,,,,,,,TVS,M16-80-HT,EA,0.95,0.333,0.642,VERY_LOW,material_type; standard,SOURCE_FIELD,RULE_ASSISTED_BASELINE,cpse-material-standardizer-v3,REVIEW_REQUIRED
MAT183,,HEX NUT M16 HIGH TENSILE STEEL,FASTENERS TVS M16-NUT-HT,FASTENERS,,,,,,,,TVS,M16-NUT-HT,EA,0.95,0.333,0.642,VERY_LOW,material_type; standard,SOURCE_FIELD,RULE_ASSISTED_BASELINE,cpse-material-standardizer-v3,REVIEW_REQUIRED
MAT184,,M16 HEX NUT HT STEEL,FASTENERS TVS M16-NUT-HT,FASTENERS,,,,,,,,TVS,M16-NUT-HT,EA,0.95,0.333,0.642,VERY_LOW,material_type; standard,SOURCE_FIELD,RULE_ASSISTED_BASELINE,cpse-material-standardizer-v3,REVIEW_REQUIRED
MAT185,,FLAT WASHER M16 MS,FASTENERS UNBRANDED M16-WASHER,FASTENERS,,,,,,,,UNBRANDED,M16-WASHER,EA,0.95,0.333,0.642,VERY_LOW,material_type; standard,SOURCE_FIELD,RULE_ASSISTED_BASELINE,cpse-material-standardizer-v3,REVIEW_REQUIRED
MAT186,,M16 PLAIN WASHER MILD STEEL,FASTENERS UNBRANDED M16-WASHER,FASTENERS,,,,,,,,UNBRANDED,M16-WASHER,EA,0.95,0.333,0.642,VERY_LOW,material_type; standard,SOURCE_FIELD,RULE_ASSISTED_BASELINE,cpse-material-standardizer-v3,REVIEW_REQUIRED
MAT187,,BEARING BALL 6205 ZZ,BEARINGS SKF 6205-ZZ,BEARINGS,,,,,,,,SKF,6205-ZZ,EA,0.95,0.333,0.642,VERY_LOW,material_type; standard,SOURCE_FIELD,RULE_ASSISTED_BASELINE,cpse-material-standardizer-v3,REVIEW_REQUIRED
MAT188,,BALL BEARING 6205 ZZ SKF,BEARINGS SKF 6205-ZZ,BEARINGS,,,,,,,,SKF,6205-ZZ,EA,0.95,0.333,0.642,VERY_LOW,material_type; standard,SOURCE_FIELD,RULE_ASSISTED_BASELINE,cpse-material-standardizer-v3,REVIEW_REQUIRED
MAT189,,DEEP GROOVE BALL BEARING 6206 2RS,BEARINGS FAG 6206-2RS,BEARINGS,,,,,,,,FAG,6206-2RS,EA,0.95,0.333,0.642,VERY_LOW,material_type; standard,SOURCE_FIELD,RULE_ASSISTED_BASELINE,cpse-material-standardizer-v3,REVIEW_REQUIRED
MAT190,,6206 DOUBLE SEALED BALL BEARING FAG,BEARINGS FAG 6206-2RS,BEARINGS,,,,,,,,FAG,6206-2RS,EA,0.95,0.333,0.642,VERY_LOW,material_type; standard,SOURCE_FIELD,RULE_ASSISTED_BASELINE,cpse-material-standardizer-v3,REVIEW_REQUIRED
MAT191,,INDUSTRIAL LUBRICANT ISO VG 68,LUBRICANTS ISO SERVO ISO68,LUBRICANTS,,,,,,,ISO,SERVO,ISO68,L,0.95,0.667,0.808,MEDIUM,material_type,SOURCE_FIELD,RULE_ASSISTED_BASELINE,cpse-material-standardizer-v3,REVIEW_REQUIRED
MAT192,,HYDRAULIC OIL ISO VG 68,LUBRICANTS ISO SERVO ISO68,LUBRICANTS,,,,,,,ISO,SERVO,ISO68,L,0.95,0.667,0.808,MEDIUM,material_type,SOURCE_FIELD,RULE_ASSISTED_BASELINE,cpse-material-standardizer-v3,REVIEW_REQUIRED
MAT193,,GEAR OIL SAE 90,LUBRICANTS CASTROL SAE90,LUBRICANTS,,,,,,,,CASTROL,SAE90,L,0.95,0.333,0.642,VERY_LOW,material_type; standard,SOURCE_FIELD,RULE_ASSISTED_BASELINE,cpse-material-standardizer-v3,REVIEW_REQUIRED
MAT194,,INDUSTRIAL GEAR LUBRICANT SAE 90,LUBRICANTS CASTROL SAE90,LUBRICANTS,,,,,,,,CASTROL,SAE90,L,0.95,0.333,0.642,VERY_LOW,material_type; standard,SOURCE_FIELD,RULE_ASSISTED_BASELINE,cpse-material-standardizer-v3,REVIEW_REQUIRED
MAT195,,POWER CABLE 4 CORE 1.1 KV XLPE,CABLES 1 POLYCAB 4C-1.1KV,CABLES,,,,,,1,,POLYCAB,4C-1.1KV,M,0.95,0.333,0.642,VERY_LOW,material_type; standard,SOURCE_FIELD,RULE_ASSISTED_BASELINE,cpse-material-standardizer-v3,REVIEW_REQUIRED
MAT196,,4 CORE XLPE POWER CABLE 1100 VOLT,CABLES POLYCAB 4C-1.1KV,CABLES,,,,,,,,POLYCAB,4C-1.1KV,M,0.95,0.333,0.642,VERY_LOW,material_type; standard,SOURCE_FIELD,RULE_ASSISTED_BASELINE,cpse-material-standardizer-v3,REVIEW_REQUIRED
MAT197,,PVC INSULATED CONTROL CABLE 2.5 SQ MM,CABLES FINOLEX 2.5SQMM,CABLES,,,,,,,,FINOLEX,2.5SQMM,M,0.95,0.333,0.642,VERY_LOW,material_type; standard,SOURCE_FIELD,RULE_ASSISTED_BASELINE,cpse-material-standardizer-v3,REVIEW_REQUIRED
MAT198,,CONTROL CABLE PVC 2.5 MM2,CABLES 2 FINOLEX 2.5SQMM,CABLES,,,,,,2,,FINOLEX,2.5SQMM,M,0.95,0.333,0.642,VERY_LOW,material_type; standard,SOURCE_FIELD,RULE_ASSISTED_BASELINE,cpse-material-standardizer-v3,REVIEW_REQUIRED
MAT199,,INDUSTRIAL SAFETY HELMET ABS,SAFETY KARAM HELMET-ABS,SAFETY,,,,,,,,KARAM,HELMET-ABS,EA,0.95,0.333,0.642,VERY_LOW,material_type; standard,SOURCE_FIELD,RULE_ASSISTED_BASELINE,cpse-material-standardizer-v3,REVIEW_REQUIRED
MAT200,,ABS HARD HAT INDUSTRIAL SAFETY,SAFETY KARAM HELMET-ABS,SAFETY,,,,,,,,KARAM,HELMET-ABS,EA,0.95,0.333,0.642,VERY_LOW,material_type; standard,SOURCE_FIELD,RULE_ASSISTED_BASELINE,cpse-material-standardizer-v3,REVIEW_REQUIRED
MAT201,,HEX BOLT M16 X 80 MM HIGH TENSILE STEEL,FASTENERS TVS M16-80-HT,FASTENERS,,,,,,,,TVS,M16-80-HT,EA,0.95,0.333,0.642,VERY_LOW,material_type; standard,SOURCE_FIELD,RULE_ASSISTED_BASELINE,cpse-material-standardizer-v3,REVIEW_REQUIRED
MAT202,,M16 HEXAGONAL BOLT 80MM HT STEEL,FASTENERS TVS M16-80-HT,FASTENERS,,,,,,,,TVS,M16-80-HT,EA,0.95,0.333,0.642,VERY_LOW,material_type; standard,SOURCE_FIELD,RULE_ASSISTED_BASELINE,cpse-material-standardizer-v3,REVIEW_REQUIRED
MAT203,,HEX NUT M16 HIGH TENSILE STEEL,FASTENERS TVS M16-NUT-HT,FASTENERS,,,,,,,,TVS,M16-NUT-HT,EA,0.95,0.333,0.642,VERY_LOW,material_type; standard,SOURCE_FIELD,RULE_ASSISTED_BASELINE,cpse-material-standardizer-v3,REVIEW_REQUIRED
MAT204,,M16 HEX NUT HT STEEL,FASTENERS TVS M16-NUT-HT,FASTENERS,,,,,,,,TVS,M16-NUT-HT,EA,0.95,0.333,0.642,VERY_LOW,material_type; standard,SOURCE_FIELD,RULE_ASSISTED_BASELINE,cpse-material-standardizer-v3,REVIEW_REQUIRED
MAT205,,FLAT WASHER M16 MS,FASTENERS UNBRANDED M16-WASHER,FASTENERS,,,,,,,,UNBRANDED,M16-WASHER,EA,0.95,0.333,0.642,VERY_LOW,material_type; standard,SOURCE_FIELD,RULE_ASSISTED_BASELINE,cpse-material-standardizer-v3,REVIEW_REQUIRED
MAT206,,M16 PLAIN WASHER MILD STEEL,FASTENERS UNBRANDED M16-WASHER,FASTENERS,,,,,,,,UNBRANDED,M16-WASHER,EA,0.95,0.333,0.642,VERY_LOW,material_type; standard,SOURCE_FIELD,RULE_ASSISTED_BASELINE,cpse-material-standardizer-v3,REVIEW_REQUIRED
MAT207,,BEARING BALL 6205 ZZ,BEARINGS SKF 6205-ZZ,BEARINGS,,,,,,,,SKF,6205-ZZ,EA,0.95,0.333,0.642,VERY_LOW,material_type; standard,SOURCE_FIELD,RULE_ASSISTED_BASELINE,cpse-material-standardizer-v3,REVIEW_REQUIRED
MAT208,,BALL BEARING 6205 ZZ SKF,BEARINGS SKF 6205-ZZ,BEARINGS,,,,,,,,SKF,6205-ZZ,EA,0.95,0.333,0.642,VERY_LOW,material_type; standard,SOURCE_FIELD,RULE_ASSISTED_BASELINE,cpse-material-standardizer-v3,REVIEW_REQUIRED
MAT209,,DEEP GROOVE BALL BEARING 6206 2RS,BEARINGS FAG 6206-2RS,BEARINGS,,,,,,,,FAG,6206-2RS,EA,0.95,0.333,0.642,VERY_LOW,material_type; standard,SOURCE_FIELD,RULE_ASSISTED_BASELINE,cpse-material-standardizer-v3,REVIEW_REQUIRED
MAT210,,6206 DOUBLE SEALED BALL BEARING FAG,BEARINGS FAG 6206-2RS,BEARINGS,,,,,,,,FAG,6206-2RS,EA,0.95,0.333,0.642,VERY_LOW,material_type; standard,SOURCE_FIELD,RULE_ASSISTED_BASELINE,cpse-material-standardizer-v3,REVIEW_REQUIRED
MAT211,,INDUSTRIAL LUBRICANT ISO VG 68,LUBRICANTS ISO SERVO ISO68,LUBRICANTS,,,,,,,ISO,SERVO,ISO68,L,0.95,0.667,0.808,MEDIUM,material_type,SOURCE_FIELD,RULE_ASSISTED_BASELINE,cpse-material-standardizer-v3,REVIEW_REQUIRED
MAT212,,HYDRAULIC OIL ISO VG 68,LUBRICANTS ISO SERVO ISO68,LUBRICANTS,,,,,,,ISO,SERVO,ISO68,L,0.95,0.667,0.808,MEDIUM,material_type,SOURCE_FIELD,RULE_ASSISTED_BASELINE,cpse-material-standardizer-v3,REVIEW_REQUIRED
MAT213,,GEAR OIL SAE 90,LUBRICANTS CASTROL SAE90,LUBRICANTS,,,,,,,,CASTROL,SAE90,L,0.95,0.333,0.642,VERY_LOW,material_type; standard,SOURCE_FIELD,RULE_ASSISTED_BASELINE,cpse-material-standardizer-v3,REVIEW_REQUIRED
MAT214,,INDUSTRIAL GEAR LUBRICANT SAE 90,LUBRICANTS CASTROL SAE90,LUBRICANTS,,,,,,,,CASTROL,SAE90,L,0.95,0.333,0.642,VERY_LOW,material_type; standard,SOURCE_FIELD,RULE_ASSISTED_BASELINE,cpse-material-standardizer-v3,REVIEW_REQUIRED
MAT215,,POWER CABLE 4 CORE 1.1 KV XLPE,CABLES 1 POLYCAB 4C-1.1KV,CABLES,,,,,,1,,POLYCAB,4C-1.1KV,M,0.95,0.333,0.642,VERY_LOW,material_type; standard,SOURCE_FIELD,RULE_ASSISTED_BASELINE,cpse-material-standardizer-v3,REVIEW_REQUIRED
MAT216,,4 CORE XLPE POWER CABLE 1100 VOLT,CABLES POLYCAB 4C-1.1KV,CABLES,,,,,,,,POLYCAB,4C-1.1KV,M,0.95,0.333,0.642,VERY_LOW,material_type; standard,SOURCE_FIELD,RULE_ASSISTED_BASELINE,cpse-material-standardizer-v3,REVIEW_REQUIRED
MAT217,,PVC INSULATED CONTROL CABLE 2.5 SQ MM,CABLES FINOLEX 2.5SQMM,CABLES,,,,,,,,FINOLEX,2.5SQMM,M,0.95,0.333,0.642,VERY_LOW,material_type; standard,SOURCE_FIELD,RULE_ASSISTED_BASELINE,cpse-material-standardizer-v3,REVIEW_REQUIRED
MAT218,,CONTROL CABLE PVC 2.5 MM2,CABLES 2 FINOLEX 2.5SQMM,CABLES,,,,,,2,,FINOLEX,2.5SQMM,M,0.95,0.333,0.642,VERY_LOW,material_type; standard,SOURCE_FIELD,RULE_ASSISTED_BASELINE,cpse-material-standardizer-v3,REVIEW_REQUIRED
MAT219,,INDUSTRIAL SAFETY HELMET ABS,SAFETY KARAM HELMET-ABS,SAFETY,,,,,,,,KARAM,HELMET-ABS,EA,0.95,0.333,0.642,VERY_LOW,material_type; standard,SOURCE_FIELD,RULE_ASSISTED_BASELINE,cpse-material-standardizer-v3,REVIEW_REQUIRED
MAT220,,ABS HARD HAT INDUSTRIAL SAFETY,SAFETY KARAM HELMET-ABS,SAFETY,,,,,,,,KARAM,HELMET-ABS,EA,0.95,0.333,0.642,VERY_LOW,material_type; standard,SOURCE_FIELD,RULE_ASSISTED_BASELINE,cpse-material-standardizer-v3,REVIEW_REQUIRED
MAT221,,HEX BOLT M16 X 80 MM HIGH TENSILE STEEL,FASTENERS TVS M16-80-HT,FASTENERS,,,,,,,,TVS,M16-80-HT,EA,0.95,0.333,0.642,VERY_LOW,material_type; standard,SOURCE_FIELD,RULE_ASSISTED_BASELINE,cpse-material-standardizer-v3,REVIEW_REQUIRED
MAT222,,M16 HEXAGONAL BOLT 80MM HT STEEL,FASTENERS TVS M16-80-HT,FASTENERS,,,,,,,,TVS,M16-80-HT,EA,0.95,0.333,0.642,VERY_LOW,material_type; standard,SOURCE_FIELD,RULE_ASSISTED_BASELINE,cpse-material-standardizer-v3,REVIEW_REQUIRED
MAT223,,HEX NUT M16 HIGH TENSILE STEEL,FASTENERS TVS M16-NUT-HT,FASTENERS,,,,,,,,TVS,M16-NUT-HT,EA,0.95,0.333,0.642,VERY_LOW,material_type; standard,SOURCE_FIELD,RULE_ASSISTED_BASELINE,cpse-material-standardizer-v3,REVIEW_REQUIRED
MAT224,,M16 HEX NUT HT STEEL,FASTENERS TVS M16-NUT-HT,FASTENERS,,,,,,,,TVS,M16-NUT-HT,EA,0.95,0.333,0.642,VERY_LOW,material_type; standard,SOURCE_FIELD,RULE_ASSISTED_BASELINE,cpse-material-standardizer-v3,REVIEW_REQUIRED
MAT225,,FLAT WASHER M16 MS,FASTENERS UNBRANDED M16-WASHER,FASTENERS,,,,,,,,UNBRANDED,M16-WASHER,EA,0.95,0.333,0.642,VERY_LOW,material_type; standard,SOURCE_FIELD,RULE_ASSISTED_BASELINE,cpse-material-standardizer-v3,REVIEW_REQUIRED
MAT226,,M16 PLAIN WASHER MILD STEEL,FASTENERS UNBRANDED M16-WASHER,FASTENERS,,,,,,,,UNBRANDED,M16-WASHER,EA,0.95,0.333,0.642,VERY_LOW,material_type; standard,SOURCE_FIELD,RULE_ASSISTED_BASELINE,cpse-material-standardizer-v3,REVIEW_REQUIRED
MAT227,,BEARING BALL 6205 ZZ,BEARINGS SKF 6205-ZZ,BEARINGS,,,,,,,,SKF,6205-ZZ,EA,0.95,0.333,0.642,VERY_LOW,material_type; standard,SOURCE_FIELD,RULE_ASSISTED_BASELINE,cpse-material-standardizer-v3,REVIEW_REQUIRED
MAT228,,BALL BEARING 6205 ZZ SKF,BEARINGS SKF 6205-ZZ,BEARINGS,,,,,,,,SKF,6205-ZZ,EA,0.95,0.333,0.642,VERY_LOW,material_type; standard,SOURCE_FIELD,RULE_ASSISTED_BASELINE,cpse-material-standardizer-v3,REVIEW_REQUIRED
MAT229,,DEEP GROOVE BALL BEARING 6206 2RS,BEARINGS FAG 6206-2RS,BEARINGS,,,,,,,,FAG,6206-2RS,EA,0.95,0.333,0.642,VERY_LOW,material_type; standard,SOURCE_FIELD,RULE_ASSISTED_BASELINE,cpse-material-standardizer-v3,REVIEW_REQUIRED
MAT230,,6206 DOUBLE SEALED BALL BEARING FAG,BEARINGS FAG 6206-2RS,BEARINGS,,,,,,,,FAG,6206-2RS,EA,0.95,0.333,0.642,VERY_LOW,material_type; standard,SOURCE_FIELD,RULE_ASSISTED_BASELINE,cpse-material-standardizer-v3,REVIEW_REQUIRED
MAT231,,INDUSTRIAL LUBRICANT ISO VG 68,LUBRICANTS ISO SERVO ISO68,LUBRICANTS,,,,,,,ISO,SERVO,ISO68,L,0.95,0.667,0.808,MEDIUM,material_type,SOURCE_FIELD,RULE_ASSISTED_BASELINE,cpse-material-standardizer-v3,REVIEW_REQUIRED
MAT232,,HYDRAULIC OIL ISO VG 68,LUBRICANTS ISO SERVO ISO68,LUBRICANTS,,,,,,,ISO,SERVO,ISO68,L,0.95,0.667,0.808,MEDIUM,material_type,SOURCE_FIELD,RULE_ASSISTED_BASELINE,cpse-material-standardizer-v3,REVIEW_REQUIRED
MAT233,,GEAR OIL SAE 90,LUBRICANTS CASTROL SAE90,LUBRICANTS,,,,,,,,CASTROL,SAE90,L,0.95,0.333,0.642,VERY_LOW,material_type; standard,SOURCE_FIELD,RULE_ASSISTED_BASELINE,cpse-material-standardizer-v3,REVIEW_REQUIRED
MAT234,,INDUSTRIAL GEAR LUBRICANT SAE 90,LUBRICANTS CASTROL SAE90,LUBRICANTS,,,,,,,,CASTROL,SAE90,L,0.95,0.333,0.642,VERY_LOW,material_type; standard,SOURCE_FIELD,RULE_ASSISTED_BASELINE,cpse-material-standardizer-v3,REVIEW_REQUIRED
MAT235,,POWER CABLE 4 CORE 1.1 KV XLPE,CABLES 1 POLYCAB 4C-1.1KV,CABLES,,,,,,1,,POLYCAB,4C-1.1KV,M,0.95,0.333,0.642,VERY_LOW,material_type; standard,SOURCE_FIELD,RULE_ASSISTED_BASELINE,cpse-material-standardizer-v3,REVIEW_REQUIRED
MAT236,,4 CORE XLPE POWER CABLE 1100 VOLT,CABLES POLYCAB 4C-1.1KV,CABLES,,,,,,,,POLYCAB,4C-1.1KV,M,0.95,0.333,0.642,VERY_LOW,material_type; standard,SOURCE_FIELD,RULE_ASSISTED_BASELINE,cpse-material-standardizer-v3,REVIEW_REQUIRED
MAT237,,PVC INSULATED CONTROL CABLE 2.5 SQ MM,CABLES FINOLEX 2.5SQMM,CABLES,,,,,,,,FINOLEX,2.5SQMM,M,0.95,0.333,0.642,VERY_LOW,material_type; standard,SOURCE_FIELD,RULE_ASSISTED_BASELINE,cpse-material-standardizer-v3,REVIEW_REQUIRED
MAT238,,CONTROL CABLE PVC 2.5 MM2,CABLES 2 FINOLEX 2.5SQMM,CABLES,,,,,,2,,FINOLEX,2.5SQMM,M,0.95,0.333,0.642,VERY_LOW,material_type; standard,SOURCE_FIELD,RULE_ASSISTED_BASELINE,cpse-material-standardizer-v3,REVIEW_REQUIRED
MAT239,,INDUSTRIAL SAFETY HELMET ABS,SAFETY KARAM HELMET-ABS,SAFETY,,,,,,,,KARAM,HELMET-ABS,EA,0.95,0.333,0.642,VERY_LOW,material_type; standard,SOURCE_FIELD,RULE_ASSISTED_BASELINE,cpse-material-standardizer-v3,REVIEW_REQUIRED
MAT240,,ABS HARD HAT INDUSTRIAL SAFETY,SAFETY KARAM HELMET-ABS,SAFETY,,,,,,,,KARAM,HELMET-ABS,EA,0.95,0.333,0.642,VERY_LOW,material_type; standard,SOURCE_FIELD,RULE_ASSISTED_BASELINE,cpse-material-standardizer-v3,REVIEW_REQUIRED
MAT241,,HEX BOLT M16 X 80 MM HIGH TENSILE STEEL,FASTENERS TVS M16-80-HT,FASTENERS,,,,,,,,TVS,M16-80-HT,EA,0.95,0.333,0.642,VERY_LOW,material_type; standard,SOURCE_FIELD,RULE_ASSISTED_BASELINE,cpse-material-standardizer-v3,REVIEW_REQUIRED
MAT242,,M16 HEXAGONAL BOLT 80MM HT STEEL,FASTENERS TVS M16-80-HT,FASTENERS,,,,,,,,TVS,M16-80-HT,EA,0.95,0.333,0.642,VERY_LOW,material_type; standard,SOURCE_FIELD,RULE_ASSISTED_BASELINE,cpse-material-standardizer-v3,REVIEW_REQUIRED
MAT243,,HEX NUT M16 HIGH TENSILE STEEL,FASTENERS TVS M16-NUT-HT,FASTENERS,,,,,,,,TVS,M16-NUT-HT,EA,0.95,0.333,0.642,VERY_LOW,material_type; standard,SOURCE_FIELD,RULE_ASSISTED_BASELINE,cpse-material-standardizer-v3,REVIEW_REQUIRED
MAT244,,M16 HEX NUT HT STEEL,FASTENERS TVS M16-NUT-HT,FASTENERS,,,,,,,,TVS,M16-NUT-HT,EA,0.95,0.333,0.642,VERY_LOW,material_type; standard,SOURCE_FIELD,RULE_ASSISTED_BASELINE,cpse-material-standardizer-v3,REVIEW_REQUIRED
MAT245,,FLAT WASHER M16 MS,FASTENERS UNBRANDED M16-WASHER,FASTENERS,,,,,,,,UNBRANDED,M16-WASHER,EA,0.95,0.333,0.642,VERY_LOW,material_type; standard,SOURCE_FIELD,RULE_ASSISTED_BASELINE,cpse-material-standardizer-v3,REVIEW_REQUIRED
MAT246,,M16 PLAIN WASHER MILD STEEL,FASTENERS UNBRANDED M16-WASHER,FASTENERS,,,,,,,,UNBRANDED,M16-WASHER,EA,0.95,0.333,0.642,VERY_LOW,material_type; standard,SOURCE_FIELD,RULE_ASSISTED_BASELINE,cpse-material-standardizer-v3,REVIEW_REQUIRED
MAT247,,BEARING BALL 6205 ZZ,BEARINGS SKF 6205-ZZ,BEARINGS,,,,,,,,SKF,6205-ZZ,EA,0.95,0.333,0.642,VERY_LOW,material_type; standard,SOURCE_FIELD,RULE_ASSISTED_BASELINE,cpse-material-standardizer-v3,REVIEW_REQUIRED
MAT248,,BALL BEARING 6205 ZZ SKF,BEARINGS SKF 6205-ZZ,BEARINGS,,,,,,,,SKF,6205-ZZ,EA,0.95,0.333,0.642,VERY_LOW,material_type; standard,SOURCE_FIELD,RULE_ASSISTED_BASELINE,cpse-material-standardizer-v3,REVIEW_REQUIRED
MAT249,,DEEP GROOVE BALL BEARING 6206 2RS,BEARINGS FAG 6206-2RS,BEARINGS,,,,,,,,FAG,6206-2RS,EA,0.95,0.333,0.642,VERY_LOW,material_type; standard,SOURCE_FIELD,RULE_ASSISTED_BASELINE,cpse-material-standardizer-v3,REVIEW_REQUIRED
MAT250,,6206 DOUBLE SEALED BALL BEARING FAG,BEARINGS FAG 6206-2RS,BEARINGS,,,,,,,,FAG,6206-2RS,EA,0.95,0.333,0.642,VERY_LOW,material_type; standard,SOURCE_FIELD,RULE_ASSISTED_BASELINE,cpse-material-standardizer-v3,REVIEW_REQUIRED
MAT251,,INDUSTRIAL LUBRICANT ISO VG 68,LUBRICANTS ISO SERVO ISO68,LUBRICANTS,,,,,,,ISO,SERVO,ISO68,L,0.95,0.667,0.808,MEDIUM,material_type,SOURCE_FIELD,RULE_ASSISTED_BASELINE,cpse-material-standardizer-v3,REVIEW_REQUIRED
MAT252,,HYDRAULIC OIL ISO VG 68,LUBRICANTS ISO SERVO ISO68,LUBRICANTS,,,,,,,ISO,SERVO,ISO68,L,0.95,0.667,0.808,MEDIUM,material_type,SOURCE_FIELD,RULE_ASSISTED_BASELINE,cpse-material-standardizer-v3,REVIEW_REQUIRED
MAT253,,GEAR OIL SAE 90,LUBRICANTS CASTROL SAE90,LUBRICANTS,,,,,,,,CASTROL,SAE90,L,0.95,0.333,0.642,VERY_LOW,material_type; standard,SOURCE_FIELD,RULE_ASSISTED_BASELINE,cpse-material-standardizer-v3,REVIEW_REQUIRED
MAT254,,INDUSTRIAL GEAR LUBRICANT SAE 90,LUBRICANTS CASTROL SAE90,LUBRICANTS,,,,,,,,CASTROL,SAE90,L,0.95,0.333,0.642,VERY_LOW,material_type; standard,SOURCE_FIELD,RULE_ASSISTED_BASELINE,cpse-material-standardizer-v3,REVIEW_REQUIRED
MAT255,,POWER CABLE 4 CORE 1.1 KV XLPE,CABLES 1 POLYCAB 4C-1.1KV,CABLES,,,,,,1,,POLYCAB,4C-1.1KV,M,0.95,0.333,0.642,VERY_LOW,material_type; standard,SOURCE_FIELD,RULE_ASSISTED_BASELINE,cpse-material-standardizer-v3,REVIEW_REQUIRED
MAT256,,4 CORE XLPE POWER CABLE 1100 VOLT,CABLES POLYCAB 4C-1.1KV,CABLES,,,,,,,,POLYCAB,4C-1.1KV,M,0.95,0.333,0.642,VERY_LOW,material_type; standard,SOURCE_FIELD,RULE_ASSISTED_BASELINE,cpse-material-standardizer-v3,REVIEW_REQUIRED
MAT257,,PVC INSULATED CONTROL CABLE 2.5 SQ MM,CABLES FINOLEX 2.5SQMM,CABLES,,,,,,,,FINOLEX,2.5SQMM,M,0.95,0.333,0.642,VERY_LOW,material_type; standard,SOURCE_FIELD,RULE_ASSISTED_BASELINE,cpse-material-standardizer-v3,REVIEW_REQUIRED
MAT258,,CONTROL CABLE PVC 2.5 MM2,CABLES 2 FINOLEX 2.5SQMM,CABLES,,,,,,2,,FINOLEX,2.5SQMM,M,0.95,0.333,0.642,VERY_LOW,material_type; standard,SOURCE_FIELD,RULE_ASSISTED_BASELINE,cpse-material-standardizer-v3,REVIEW_REQUIRED
MAT259,,INDUSTRIAL SAFETY HELMET ABS,SAFETY KARAM HELMET-ABS,SAFETY,,,,,,,,KARAM,HELMET-ABS,EA,0.95,0.333,0.642,VERY_LOW,material_type; standard,SOURCE_FIELD,RULE_ASSISTED_BASELINE,cpse-material-standardizer-v3,REVIEW_REQUIRED
MAT260,,ABS HARD HAT INDUSTRIAL SAFETY,SAFETY KARAM HELMET-ABS,SAFETY,,,,,,,,KARAM,HELMET-ABS,EA,0.95,0.333,0.642,VERY_LOW,material_type; standard,SOURCE_FIELD,RULE_ASSISTED_BASELINE,cpse-material-standardizer-v3,REVIEW_REQUIRED
MAT261,,HEX BOLT M16 X 80 MM HIGH TENSILE STEEL,FASTENERS TVS M16-80-HT,FASTENERS,,,,,,,,TVS,M16-80-HT,EA,0.95,0.333,0.642,VERY_LOW,material_type; standard,SOURCE_FIELD,RULE_ASSISTED_BASELINE,cpse-material-standardizer-v3,REVIEW_REQUIRED
MAT262,,M16 HEXAGONAL BOLT 80MM HT STEEL,FASTENERS TVS M16-80-HT,FASTENERS,,,,,,,,TVS,M16-80-HT,EA,0.95,0.333,0.642,VERY_LOW,material_type; standard,SOURCE_FIELD,RULE_ASSISTED_BASELINE,cpse-material-standardizer-v3,REVIEW_REQUIRED
MAT263,,HEX NUT M16 HIGH TENSILE STEEL,FASTENERS TVS M16-NUT-HT,FASTENERS,,,,,,,,TVS,M16-NUT-HT,EA,0.95,0.333,0.642,VERY_LOW,material_type; standard,SOURCE_FIELD,RULE_ASSISTED_BASELINE,cpse-material-standardizer-v3,REVIEW_REQUIRED
MAT264,,M16 HEX NUT HT STEEL,FASTENERS TVS M16-NUT-HT,FASTENERS,,,,,,,,TVS,M16-NUT-HT,EA,0.95,0.333,0.642,VERY_LOW,material_type; standard,SOURCE_FIELD,RULE_ASSISTED_BASELINE,cpse-material-standardizer-v3,REVIEW_REQUIRED
MAT265,,FLAT WASHER M16 MS,FASTENERS UNBRANDED M16-WASHER,FASTENERS,,,,,,,,UNBRANDED,M16-WASHER,EA,0.95,0.333,0.642,VERY_LOW,material_type; standard,SOURCE_FIELD,RULE_ASSISTED_BASELINE,cpse-material-standardizer-v3,REVIEW_REQUIRED
MAT266,,M16 PLAIN WASHER MILD STEEL,FASTENERS UNBRANDED M16-WASHER,FASTENERS,,,,,,,,UNBRANDED,M16-WASHER,EA,0.95,0.333,0.642,VERY_LOW,material_type; standard,SOURCE_FIELD,RULE_ASSISTED_BASELINE,cpse-material-standardizer-v3,REVIEW_REQUIRED
MAT267,,BEARING BALL 6205 ZZ,BEARINGS SKF 6205-ZZ,BEARINGS,,,,,,,,SKF,6205-ZZ,EA,0.95,0.333,0.642,VERY_LOW,material_type; standard,SOURCE_FIELD,RULE_ASSISTED_BASELINE,cpse-material-standardizer-v3,REVIEW_REQUIRED
MAT268,,BALL BEARING 6205 ZZ SKF,BEARINGS SKF 6205-ZZ,BEARINGS,,,,,,,,SKF,6205-ZZ,EA,0.95,0.333,0.642,VERY_LOW,material_type; standard,SOURCE_FIELD,RULE_ASSISTED_BASELINE,cpse-material-standardizer-v3,REVIEW_REQUIRED
MAT269,,DEEP GROOVE BALL BEARING 6206 2RS,BEARINGS FAG 6206-2RS,BEARINGS,,,,,,,,FAG,6206-2RS,EA,0.95,0.333,0.642,VERY_LOW,material_type; standard,SOURCE_FIELD,RULE_ASSISTED_BASELINE,cpse-material-standardizer-v3,REVIEW_REQUIRED
MAT270,,6206 DOUBLE SEALED BALL BEARING FAG,BEARINGS FAG 6206-2RS,BEARINGS,,,,,,,,FAG,6206-2RS,EA,0.95,0.333,0.642,VERY_LOW,material_type; standard,SOURCE_FIELD,RULE_ASSISTED_BASELINE,cpse-material-standardizer-v3,REVIEW_REQUIRED
MAT271,,INDUSTRIAL LUBRICANT ISO VG 68,LUBRICANTS ISO SERVO ISO68,LUBRICANTS,,,,,,,ISO,SERVO,ISO68,L,0.95,0.667,0.808,MEDIUM,material_type,SOURCE_FIELD,RULE_ASSISTED_BASELINE,cpse-material-standardizer-v3,REVIEW_REQUIRED
MAT272,,HYDRAULIC OIL ISO VG 68,LUBRICANTS ISO SERVO ISO68,LUBRICANTS,,,,,,,ISO,SERVO,ISO68,L,0.95,0.667,0.808,MEDIUM,material_type,SOURCE_FIELD,RULE_ASSISTED_BASELINE,cpse-material-standardizer-v3,REVIEW_REQUIRED
MAT273,,GEAR OIL SAE 90,LUBRICANTS CASTROL SAE90,LUBRICANTS,,,,,,,,CASTROL,SAE90,L,0.95,0.333,0.642,VERY_LOW,material_type; standard,SOURCE_FIELD,RULE_ASSISTED_BASELINE,cpse-material-standardizer-v3,REVIEW_REQUIRED
MAT274,,INDUSTRIAL GEAR LUBRICANT SAE 90,LUBRICANTS CASTROL SAE90,LUBRICANTS,,,,,,,,CASTROL,SAE90,L,0.95,0.333,0.642,VERY_LOW,material_type; standard,SOURCE_FIELD,RULE_ASSISTED_BASELINE,cpse-material-standardizer-v3,REVIEW_REQUIRED
MAT275,,POWER CABLE 4 CORE 1.1 KV XLPE,CABLES 1 POLYCAB 4C-1.1KV,CABLES,,,,,,1,,POLYCAB,4C-1.1KV,M,0.95,0.333,0.642,VERY_LOW,material_type; standard,SOURCE_FIELD,RULE_ASSISTED_BASELINE,cpse-material-standardizer-v3,REVIEW_REQUIRED
MAT276,,4 CORE XLPE POWER CABLE 1100 VOLT,CABLES POLYCAB 4C-1.1KV,CABLES,,,,,,,,POLYCAB,4C-1.1KV,M,0.95,0.333,0.642,VERY_LOW,material_type; standard,SOURCE_FIELD,RULE_ASSISTED_BASELINE,cpse-material-standardizer-v3,REVIEW_REQUIRED
MAT277,,PVC INSULATED CONTROL CABLE 2.5 SQ MM,CABLES FINOLEX 2.5SQMM,CABLES,,,,,,,,FINOLEX,2.5SQMM,M,0.95,0.333,0.642,VERY_LOW,material_type; standard,SOURCE_FIELD,RULE_ASSISTED_BASELINE,cpse-material-standardizer-v3,REVIEW_REQUIRED
MAT278,,CONTROL CABLE PVC 2.5 MM2,CABLES 2 FINOLEX 2.5SQMM,CABLES,,,,,,2,,FINOLEX,2.5SQMM,M,0.95,0.333,0.642,VERY_LOW,material_type; standard,SOURCE_FIELD,RULE_ASSISTED_BASELINE,cpse-material-standardizer-v3,REVIEW_REQUIRED
MAT279,,INDUSTRIAL SAFETY HELMET ABS,SAFETY KARAM HELMET-ABS,SAFETY,,,,,,,,KARAM,HELMET-ABS,EA,0.95,0.333,0.642,VERY_LOW,material_type; standard,SOURCE_FIELD,RULE_ASSISTED_BASELINE,cpse-material-standardizer-v3,REVIEW_REQUIRED
MAT280,,ABS HARD HAT INDUSTRIAL SAFETY,SAFETY KARAM HELMET-ABS,SAFETY,,,,,,,,KARAM,HELMET-ABS,EA,0.95,0.333,0.642,VERY_LOW,material_type; standard,SOURCE_FIELD,RULE_ASSISTED_BASELINE,cpse-material-standardizer-v3,REVIEW_REQUIRED
MAT281,,HEX BOLT M16 X 80 MM HIGH TENSILE STEEL,FASTENERS TVS M16-80-HT,FASTENERS,,,,,,,,TVS,M16-80-HT,EA,0.95,0.333,0.642,VERY_LOW,material_type; standard,SOURCE_FIELD,RULE_ASSISTED_BASELINE,cpse-material-standardizer-v3,REVIEW_REQUIRED
MAT282,,M16 HEXAGONAL BOLT 80MM HT STEEL,FASTENERS TVS M16-80-HT,FASTENERS,,,,,,,,TVS,M16-80-HT,EA,0.95,0.333,0.642,VERY_LOW,material_type; standard,SOURCE_FIELD,RULE_ASSISTED_BASELINE,cpse-material-standardizer-v3,REVIEW_REQUIRED
MAT283,,HEX NUT M16 HIGH TENSILE STEEL,FASTENERS TVS M16-NUT-HT,FASTENERS,,,,,,,,TVS,M16-NUT-HT,EA,0.95,0.333,0.642,VERY_LOW,material_type; standard,SOURCE_FIELD,RULE_ASSISTED_BASELINE,cpse-material-standardizer-v3,REVIEW_REQUIRED
MAT284,,M16 HEX NUT HT STEEL,FASTENERS TVS M16-NUT-HT,FASTENERS,,,,,,,,TVS,M16-NUT-HT,EA,0.95,0.333,0.642,VERY_LOW,material_type; standard,SOURCE_FIELD,RULE_ASSISTED_BASELINE,cpse-material-standardizer-v3,REVIEW_REQUIRED
MAT285,,FLAT WASHER M16 MS,FASTENERS UNBRANDED M16-WASHER,FASTENERS,,,,,,,,UNBRANDED,M16-WASHER,EA,0.95,0.333,0.642,VERY_LOW,material_type; standard,SOURCE_FIELD,RULE_ASSISTED_BASELINE,cpse-material-standardizer-v3,REVIEW_REQUIRED
MAT286,,M16 PLAIN WASHER MILD STEEL,FASTENERS UNBRANDED M16-WASHER,FASTENERS,,,,,,,,UNBRANDED,M16-WASHER,EA,0.95,0.333,0.642,VERY_LOW,material_type; standard,SOURCE_FIELD,RULE_ASSISTED_BASELINE,cpse-material-standardizer-v3,REVIEW_REQUIRED
MAT287,,BEARING BALL 6205 ZZ,BEARINGS SKF 6205-ZZ,BEARINGS,,,,,,,,SKF,6205-ZZ,EA,0.95,0.333,0.642,VERY_LOW,material_type; standard,SOURCE_FIELD,RULE_ASSISTED_BASELINE,cpse-material-standardizer-v3,REVIEW_REQUIRED
MAT288,,BALL BEARING 6205 ZZ SKF,BEARINGS SKF 6205-ZZ,BEARINGS,,,,,,,,SKF,6205-ZZ,EA,0.95,0.333,0.642,VERY_LOW,material_type; standard,SOURCE_FIELD,RULE_ASSISTED_BASELINE,cpse-material-standardizer-v3,REVIEW_REQUIRED
MAT289,,DEEP GROOVE BALL BEARING 6206 2RS,BEARINGS FAG 6206-2RS,BEARINGS,,,,,,,,FAG,6206-2RS,EA,0.95,0.333,0.642,VERY_LOW,material_type; standard,SOURCE_FIELD,RULE_ASSISTED_BASELINE,cpse-material-standardizer-v3,REVIEW_REQUIRED
MAT290,,6206 DOUBLE SEALED BALL BEARING FAG,BEARINGS FAG 6206-2RS,BEARINGS,,,,,,,,FAG,6206-2RS,EA,0.95,0.333,0.642,VERY_LOW,material_type; standard,SOURCE_FIELD,RULE_ASSISTED_BASELINE,cpse-material-standardizer-v3,REVIEW_REQUIRED
MAT291,,INDUSTRIAL LUBRICANT ISO VG 68,LUBRICANTS ISO SERVO ISO68,LUBRICANTS,,,,,,,ISO,SERVO,ISO68,L,0.95,0.667,0.808,MEDIUM,material_type,SOURCE_FIELD,RULE_ASSISTED_BASELINE,cpse-material-standardizer-v3,REVIEW_REQUIRED
MAT292,,HYDRAULIC OIL ISO VG 68,LUBRICANTS ISO SERVO ISO68,LUBRICANTS,,,,,,,ISO,SERVO,ISO68,L,0.95,0.667,0.808,MEDIUM,material_type,SOURCE_FIELD,RULE_ASSISTED_BASELINE,cpse-material-standardizer-v3,REVIEW_REQUIRED
MAT293,,GEAR OIL SAE 90,LUBRICANTS CASTROL SAE90,LUBRICANTS,,,,,,,,CASTROL,SAE90,L,0.95,0.333,0.642,VERY_LOW,material_type; standard,SOURCE_FIELD,RULE_ASSISTED_BASELINE,cpse-material-standardizer-v3,REVIEW_REQUIRED
MAT294,,INDUSTRIAL GEAR LUBRICANT SAE 90,LUBRICANTS CASTROL SAE90,LUBRICANTS,,,,,,,,CASTROL,SAE90,L,0.95,0.333,0.642,VERY_LOW,material_type; standard,SOURCE_FIELD,RULE_ASSISTED_BASELINE,cpse-material-standardizer-v3,REVIEW_REQUIRED
MAT295,,POWER CABLE 4 CORE 1.1 KV XLPE,CABLES 1 POLYCAB 4C-1.1KV,CABLES,,,,,,1,,POLYCAB,4C-1.1KV,M,0.95,0.333,0.642,VERY_LOW,material_type; standard,SOURCE_FIELD,RULE_ASSISTED_BASELINE,cpse-material-standardizer-v3,REVIEW_REQUIRED
MAT296,,4 CORE XLPE POWER CABLE 1100 VOLT,CABLES POLYCAB 4C-1.1KV,CABLES,,,,,,,,POLYCAB,4C-1.1KV,M,0.95,0.333,0.642,VERY_LOW,material_type; standard,SOURCE_FIELD,RULE_ASSISTED_BASELINE,cpse-material-standardizer-v3,REVIEW_REQUIRED
MAT297,,PVC INSULATED CONTROL CABLE 2.5 SQ MM,CABLES FINOLEX 2.5SQMM,CABLES,,,,,,,,FINOLEX,2.5SQMM,M,0.95,0.333,0.642,VERY_LOW,material_type; standard,SOURCE_FIELD,RULE_ASSISTED_BASELINE,cpse-material-standardizer-v3,REVIEW_REQUIRED
MAT298,,CONTROL CABLE PVC 2.5 MM2,CABLES 2 FINOLEX 2.5SQMM,CABLES,,,,,,2,,FINOLEX,2.5SQMM,M,0.95,0.333,0.642,VERY_LOW,material_type; standard,SOURCE_FIELD,RULE_ASSISTED_BASELINE,cpse-material-standardizer-v3,REVIEW_REQUIRED
MAT299,,INDUSTRIAL SAFETY HELMET ABS,SAFETY KARAM HELMET-ABS,SAFETY,,,,,,,,KARAM,HELMET-ABS,EA,0.95,0.333,0.642,VERY_LOW,material_type; standard,SOURCE_FIELD,RULE_ASSISTED_BASELINE,cpse-material-standardizer-v3,REVIEW_REQUIRED
MAT300,,ABS HARD HAT INDUSTRIAL SAFETY,SAFETY KARAM HELMET-ABS,SAFETY,,,,,,,,KARAM,HELMET-ABS,EA,0.95,0.333,0.642,VERY_LOW,material_type; standard,SOURCE_FIELD,RULE_ASSISTED_BASELINE,cpse-material-standardizer-v3,REVIEW_REQUIRED
